2.93,24.41,1013.18,0.58,1.03,3.08,-79.35,40.95,91.35
6.35,29.3,1032.23,1.43,1.38,-1.6,-78.6,41.7,90.6
7.32,33.2,1019.53,2.46,-2.12,0.05,-78.6,40.65,90.9
27.83,15.63,1016.11,-2.5,1.33,-0.24,-78,40.5,91.8
7.32,24.9,1017.09,1.34,2.08,0.96,-79.05,41.25,90.75
5.37,29.79,1011.23,0.37,-2.57,-1.05,-78.75,42.3,92.25
18.55,24.9,1015.14,-0.6,0.48,-1.27,-77.85,41.7,90.9
17.09,28.81,1022.95,0.51,-2.45,-0.39,-78.6,40.95,91.35
15.63,26.37,1003.42,-0.21,-1.03,-0.02,-79.65,42.15,90.6
7.32,26.37,1006.35,1.19,1.33,0.45,-78,42,91.5
7.32,16.6,1019.04,-0.8,-1.05,0,-79.5,40.8,90.75
9.28,30.27,1009.28,-0.65,1.65,-0.61,-80.4,42.45,91.65
-0.49,11.72,992.19,0.67,-1.25,0.81,-78.45,42,91.5
18.07,20.51,1009.77,1.28,-0.04,-0.62,-79.8,42,91.2
11.23,21,1017.58,-0.18,1.53,0.04,-78.9,41.4,92.7
18.07,34.18,1024.9,1.75,-1,2.84,-78.9,40.65,92.7
17.58,26.37,1014.65,-0.54,1.26,-0.05,-79.05,40.8,92.25
12.21,29.3,1008.79,0.82,-2.3,-0.08,-79.5,41.25,92.25
23.93,15.14,1010.25,-1.05,0.31,0.34,-78.45,42.75,92.25
17.09,21.48,1009.77,3.02,-1.77,-0.67,-79.35,40.65,90.6
16.6,28.32,1018.55,0.23,0.49,2.15,-79.5,40.8,91.5
0.49,22.95,1004.88,-1.91,2.79,-1.37,-79.05,41.55,92.85
13.67,27.83,1017.09,0.43,-1.95,1.19,-77.55,40.2,90.6
3.91,16.11,1023.93,0.17,0.56,-0.17,-78.75,42,91.2
15.14,34.18,1007.32,0.37,-0.97,-1.08,-78.45,41.55,92.25
3.42,28.81,1008.79,1.69,0.61,0.2,-78.9,40.65,91.95
24.41,25.39,1019.53,-0.59,1.12,-1.27,-79.65,40.95,91.95
6.84,28.81,1008.79,1.91,1.73,1.59,-78.75,40.5,91.8
22.95,27.34,1018.07,-0.32,1.04,0,-77.85,41.7,90.9
-2.44,27.83,1006.84,3.37,-0.5,2.52,-79.5,40.05,91.5
3.42,22.46,1013.18,-0.94,1.38,-0.74,-79.35,40.65,91.35
18.55,26.37,1016.11,0.92,1.37,-1.86,-78.45,42,91.2
17.58,20.51,1008.79,1.21,1.56,3.26,-79.05,40.5,92.55
21.97,18.07,1013.18,-2.49,0.4,-1.72,-79.65,41.7,91.95
10.74,40.53,1009.28,2.5,0.24,3.5,-79.05,41.25,91.8
16.6,22.46,1018.07,1.07,-0.91,-0.4,-78.9,40.2,91.65
15.63,30.27,1021.48,0.1,2.21,0.33,-78.9,40.65,91.35
6.35,21,1012.7,2.71,0.92,1.01,-78.75,41.25,90.45
24.41,15.63,1006.84,-0.22,1.4,-1.33,-79.5,40.5,90.75
22.46,30.76,1016.6,0.62,-0.54,1.11,-78.75,42,91.5
13.67,18.07,1012.7,-0.53,0.8,-0.76,-79.5,40.05,91.2
5.86,27.83,1015.63,-1.53,2.58,-0.92,-78.6,40.2,91.65
9.77,19.53,1010.74,1.51,0.93,0.07,-78.6,41.7,91.65
24.41,18.55,1015.14,0.6,-0.73,-2.27,-78.6,41.4,91.35
8.79,34.18,1021.48,0.91,-1.91,1.59,-79.65,41.4,91.95
13.67,26.37,1018.07,-0.35,-0.37,0.58,-79.35,41.4,91.65
11.23,33.69,1018.07,-1.4,0.2,0.47,-79.05,41.25,90.45
18.55,36.13,1011.23,3.86,-0.34,1.89,-77.85,40.2,92.4
12.7,19.04,1024.9,0.75,1.21,-0.69,-79.35,40.2,92.7
5.37,33.69,1011.72,1.72,-2.93,-1.27,-78.45,41.25,92.25
12.7,32.71,1009.77,-0.27,-0.08,-1.43,-79.35,41.7,93.45
15.14,26.37,1010.25,2.31,-4.11,-1.73,-79.8,42.3,91.2
17.58,17.09,1015.63,-1.13,1.49,-1.16,-78.75,40.5,92.25
9.28,20.02,1014.16,1.01,1.81,-0.25,-78.45,40.5,90.45
7.32,31.25,1010.74,0.56,-1.21,1.61,-77.55,39.9,91.35
11.72,21.97,1009.77,0.18,1.2,-1.81,-77.85,39.45,91.65
15.63,35.64,1026.37,0.61,-1.52,-0.58,-78.9,39.9,91.35
20.51,24.9,1018.55,-0.69,0.74,-1.6,-77.85,40.95,92.7
11.72,28.81,1019.04,-0.11,-0.81,-0.29,-79.5,40.8,91.8
16.11,29.3,1010.74,2.5,-1.72,0.9,-78.15,41.4,92.7
6.35,31.25,1022.95,0.34,1.29,-1.15,-79.35,40.65,92.4
7.81,29.79,1021.97,2.02,-2.84,0.57,-77.7,41.25,92.25
11.72,16.6,1017.58,-1.37,1.44,2.11,-78.45,42.3,91.2
18.55,21.97,1023.93,-0.05,2.48,0.52,-78.45,40.8,91.2
3.91,18.55,1001.46,1.31,-4.6,2.73,-78.75,40.05,92.25
3.42,33.69,1017.09,-1.05,-0.89,-0.21,-78.9,40.2,91.95
10.74,21.97,1020.51,-0.03,-1.58,2.73,-79.35,39.9,90.9
13.18,13.18,1011.23,-0.32,2.05,1.76,-78.6,41.4,91.65
2.44,21.97,1011.72,-1.12,0.11,-2.18,-77.7,41.55,92.55
18.55,49.8,1001.46,1.93,-1.29,-0.61,-78.75,41.25,91.5
12.7,30.27,1011.72,-1.79,1.26,-0.63,-79.05,40.8,90.75
6.35,24.41,1008.3,1.62,-2.47,-0.6,-78.45,42,91.5
10.25,20.51,1008.79,-1.39,1.58,-0.59,-79.5,40.5,90.75
15.14,21.48,1014.16,-0.98,0.4,0.56,-79.05,41.25,91.5
4.88,16.11,1017.09,1.06,-0.27,0.66,-79.65,40.65,91.95
7.81,25.39,1015.63,-0.77,0.85,-0.3,-79.05,40.8,91.2
13.18,24.41,1007.81,1.51,0.24,0.89,-78.9,40.95,90.6
13.67,29.79,1017.58,0.89,1.74,-0.94,-78.9,41.4,93.15
15.63,26.37,1016.11,1.92,-0.05,2.28,-78.75,40.5,91.8
17.09,25.39,1018.55,0.5,0.16,0.21,-77.85,41.7,91.95
15.63,28.32,1017.09,-1.4,1.76,-1.95,-79.35,41.4,92.4
7.32,19.53,1009.77,2.21,-2.47,3.45,-79.05,42,91.5
8.79,26.86,1026.86,-1.22,3.55,-0.02,-80.1,42.15,90.9
9.77,28.32,1011.72,1.79,-1.79,1.7,-79.65,41.4,91.95
8.3,16.6,1008.3,-0.92,-0.79,-2.87,-78.75,40.05,91.5
2.93,20.51,1017.09,-1.1,-0.04,-2.76,-78.9,41.4,91.65
-2.44,23.44,1011.72,0.98,0.52,1.81,-79.65,40.65,93.15
10.74,31.74,1011.72,0.87,0.74,0.23,-79.05,41.25,91.8
5.37,12.21,1018.55,1.69,-2.82,0.89,-79.5,39.3,90.75
14.65,24.9,1008.3,0.35,-1.01,0.34,-79.5,42.3,91.8
15.14,27.83,1026.86,-0.66,0.5,-2.33,-79.05,41.25,91.5
19.53,16.6,1022.46,2.25,0.12,0.84,-79.05,40.8,91.2
13.67,13.67,1015.14,2.02,1.14,1.05,-79.05,40.5,92.55
14.65,27.83,1020.51,0.18,0.88,-0.36,-79.8,42.3,91.2
17.09,17.09,1020.51,1.59,-1.6,0.82,-79.65,40.95,91.95
10.25,34.18,1017.58,-1.92,0.26,-2.43,-79.65,41.7,91.35
18.55,15.14,1008.3,1.65,-1.11,2.37,-80.4,41.4,92.7
14.65,27.34,1012.7,-1.29,2.1,-1.35,-79.05,42.3,91.8
17.58,25.88,1011.23,1.58,-1.57,4.1,-78.45,41.25,91.5
16.11,19.04,1020.51,2.61,-0.82,1.39,-78.9,40.2,90.9
8.3,29.79,1029.79,-0.15,0.73,-0.06,-78.75,40.5,92.25
2.93,22.95,1009.28,-0.07,-1.27,0.05,-78.6,41.7,91.95
-0.98,27.83,997.56,1.99,3.63,0.86,-79.8,40.05,91.8
16.6,17.09,1008.79,2.06,-1.44,2.63,-79.8,40.8,91.5
7.81,39.55,1010.74,0.41,4.06,-3.31,-77.7,41.55,91.2
20.51,2.93,1014.65,-0.11,1.37,-0.34,-79.35,40.65,91.65
9.77,32.71,1014.65,2.27,-2.73,0.11,-78.9,40.65,93.15
7.32,27.83,1020.51,-1.02,0.96,-0.42,-78.9,41.7,91.65
11.72,9.77,1027.34,2.11,-2.53,0.91,-79.35,42.45,92.7
13.67,32.23,1020.02,-1.43,1.5,1.21,-78.9,40.65,93.75
16.11,24.41,1025.39,2.35,-1.08,0.04,-79.5,42.3,91.2
10.25,28.81,1021,1.18,-3.18,0.31,-77.25,40.5,91.8
2.44,26.86,1021.48,-0.24,1.11,-1.11,-79.5,40.05,91.8
10.25,31.25,1011.23,-0.34,-0.1,4.71,-79.05,41.25,92.25
11.23,26.37,1008.3,0.89,0.49,0.87,-79.8,40.8,91.8
14.16,16.6,1018.07,1.75,-1.44,0.98,-79.35,40.65,91.65
4.39,21.48,1018.55,-1.99,1.01,0.82,-80.1,42.15,93.15
20.51,25.39,1007.81,2.33,-2.37,0.69,-78.75,42.75,92.85
13.67,21.48,1018.55,2.47,-1.42,1.22,-79.65,41.7,91.95
9.77,27.83,1017.58,-0.53,2.87,-1.84,-78.9,41.4,91.95
16.6,32.23,1021.97,0.73,-0.42,2.72,-79.35,41.7,91.65
12.7,20.51,1020.02,-0.54,2.49,0.93,-78.75,41.25,90
2.93,34.18,1021.48,3.21,-2.72,2.1,-78.9,40.2,91.35
15.63,26.37,1010.74,-1.4,0.85,-1.57,-79.35,40.95,92.7
9.28,22.46,1014.16,0.95,-0.62,-0.55,-78,42.75,91.8
4.88,22.95,1015.63,1.02,0.41,0.98,-78.75,42,91.8
6.35,18.07,1010.25,-0.69,1.92,-0.52,-78.9,40.65,91.35
4.39,27.83,1006.84,0.58,-2.8,-1.53,-78.6,41.7,91.95
8.3,18.55,1007.32,-0.44,0.07,-0.31,-80.1,39.9,92.4
1.46,29.79,1012.21,1.68,-1.11,2.22,-79.5,41.25,92.55
8.79,16.6,1013.18,1.61,-0.19,-1.47,-77.85,40.95,90.9
18.07,23.44,1017.58,1.44,2.05,1.72,-78,40.05,91.8
7.81,31.25,1016.6,-0.1,-1.45,3.16,-78.45,40.8,92.55
14.65,18.55,1014.65,0.37,1.36,0.08,-79.05,41.25,91.2
23.93,23.93,1026.37,0.85,-2.4,-1.72,-78.75,40.05,90.75
26.37,26.37,1020.51,-0.21,-1.28,0.41,-79.65,40.65,91.65
11.23,26.86,1017.58,-1.01,1.36,1.76,-79.35,41.7,91.65
0.98,30.76,1025.88,1.24,-1.23,2.37,-78.45,40.8,93.3
10.25,27.83,1010.25,-1.27,1.09,-1.21,-79.05,40.8,91.2
6.84,32.71,1009.77,3.34,-2.97,1.61,-78.9,41.4,91.65
9.28,25.88,1017.09,-0.46,-0.63,-1.18,-78.9,42.15,92.4
12.21,21.48,1018.07,-0.5,0.08,-0.49,-78.6,41.4,92.7
5.37,23.93,1027.83,0.61,-1.05,1.43,-77.25,41.25,91.2
16.6,44.43,1012.21,-1.58,2.29,-2.19,-79.5,40.8,92.55
16.6,29.3,1011.72,1.5,0.15,1.8,-78.6,40.65,93.15
15.14,26.86,1017.58,-1.08,0.71,-0.11,-79.35,42.45,92.4
6.84,29.79,1022.46,1.32,0.35,0.59,-78.6,40.2,91.35
8.3,29.79,1017.09,-0.4,-0.2,-1.57,-78.45,40.5,91.8
15.14,36.13,1015.14,-1.14,2.66,-0.58,-79.5,42,91.8
7.32,5.86,1015.14,0.94,-1.37,0.08,-78.15,40.2,92.4
13.18,22.46,1020.02,0.44,-0.26,-0.1,-78.75,40.5,91.5
16.6,23.44,1008.79,1.26,-1.93,0.53,-79.5,41.55,92.25
14.16,18.55,1012.21,2.66,0.01,-2.44,-78.9,39.9,92.4
19.53,15.63,1018.55,1.91,1.46,-0.66,-78.45,41.25,90.75
18.07,14.16,1022.46,1.65,-0.85,-2.25,-77.7,42.3,92.25
21,30.76,1011.72,-0.73,1.25,-1.44,-77.55,40.65,91.65
23.93,21.48,1023.44,0.02,0.17,1.63,-79.05,41.25,92.55
15.14,21,1021.97,-1.25,0.39,1.11,-78.9,40.95,91.65
10.74,28.81,1019.04,2.66,-1.19,-0.08,-78.75,41.25,91.2
5.86,27.83,1019.53,0.65,-0.74,-2.35,-79.05,40.8,92.25
12.7,28.81,1011.23,-1.71,1.26,-0.4,-78.75,41.55,92.25
13.67,25.39,1012.21,1.41,-1.51,1.08,-79.8,42,91.5
10.74,16.6,1015.14,-0.64,1.11,-1.6,-78.15,40.95,92.7
10.25,23.93,1023.44,0.39,1.62,1.36,-78.75,39.75,92.85
9.28,22.95,1009.77,-0.23,-0.15,-5.47,-80.25,40.8,91.5
14.16,18.55,1010.25,-0.34,0.08,-0.56,-78.9,42.15,91.35
3.42,28.81,1019.04,1.79,1.07,1.52,-79.05,40.8,91.5
14.65,19.53,1023.44,-0.47,0.92,1.12,-79.05,40.8,91.5
4.88,21,1022.95,0.92,-3.02,-0.61,-79.05,41.25,92.25
9.77,30.76,1011.23,-1.31,3.51,-1.02,-78.6,40.65,91.95
8.79,21,1005.37,1.67,0.91,0.05,-78.15,41.4,92.7
7.81,21.97,1005.86,0.56,-2.61,0.89,-79.35,41.4,91.95
6.84,39.55,1012.21,0.59,-1.58,-0.47,-79.5,42,93.3
10.25,32.23,1014.16,1.54,-0.47,0.44,-79.35,40.95,91.35
6.35,24.9,1009.28,-0.4,0.84,0.21,-79.65,42.15,92.7
9.28,24.9,1017.58,3.76,0.47,2.15,-78.9,41.4,92.4
19.04,24.41,1021.48,-2.47,1.53,-2.02,-78.6,41.7,91.35
17.09,30.76,1004.88,0.45,0.19,-1.31,-78.75,41.55,91.8
8.3,22.46,1009.28,0.79,-0.47,2.59,-78.9,41.4,90.6
10.74,36.62,1018.55,-0.06,2,-1.49,-79.35,41.4,91.65
9.28,13.18,1021,0.9,-1.24,-1.33,-77.85,41.4,93.45
6.35,9.28,1020.51,-0.74,-0.15,-0.6,-78.6,40.65,92.4
23.93,18.07,1013.18,0.17,0.53,-0.76,-79.65,40.2,91.35
7.81,31.74,1013.67,1.05,-4.18,-0.3,-78.6,40.2,93.15
8.3,23.44,1023.44,-0.32,0.17,1.31,-78.15,39.9,92.55
12.7,29.3,1017.09,2.01,2.01,0.44,-78.75,40.8,92.55
6.84,22.46,1017.58,-0.27,-0.95,-2.45,-78.9,41.7,91.95
15.63,21.48,1009.28,-0.14,2.69,-2.51,-78.75,41.55,91.2
12.21,34.67,1021.48,1.17,1.59,1.23,-77.85,39.15,90.6
19.04,26.37,1008.79,2.42,0.5,0.77,-78,41.55,90.45
10.74,13.67,1019.53,1.43,0.03,1.71,-79.5,40.5,91.8
19.53,22.46,1012.21,2.06,-0.67,0.74,-79.8,40.8,92.85
8.3,26.86,1017.58,-0.28,2.01,-0.39,-77.7,42,92.85
11.72,27.83,1025.88,0.86,-0.02,2.33,-78.9,40.95,91.95
13.67,30.76,1012.7,-1.87,-1.62,0.11,-79.05,40.8,92.55
19.04,18.55,1008.79,-0.04,-0.61,1.38,-79.65,41.7,91.65
11.23,26.86,1021.97,2.67,-0.4,1.78,-79.65,42.15,91.95
5.86,19.04,1025.88,-2.31,2.5,0.32,-78,42,90.75
24.9,26.86,1015.63,3,-2.32,-0.88,-77.55,40.95,90.3
10.74,13.67,1014.16,-0.59,-0.18,-0.96,-80.4,41.4,92.4
11.23,22.46,999.51,0.42,-2.27,0.53,-78.45,40.8,91.5
9.28,28.32,1015.63,0.27,0.38,1.56,-78,40.5,92.55
2.93,20.02,1021.48,-0.68,0.45,0.81,-77.85,41.7,92.4
6.35,21.48,1011.23,2.15,-1.81,1.7,-78.45,41.25,91.8
3.42,19.04,1001.46,-0.51,0.3,-0.02,-78.6,40.65,91.95
-1.95,29.3,1015.14,1.04,-0.55,1.73,-79.5,40.8,92.25
6.35,27.83,1018.55,2.03,-0.89,1.96,-80.25,40.5,91.5
10.74,23.93,1014.16,-0.21,1.3,-1.61,-79.8,41.55,91.8
23.93,22.46,1011.72,1.51,-1.42,1.88,-79.05,40.8,92.55
8.3,33.69,1013.67,1.07,1.21,-1.09,-79.05,40.5,92.55
3.42,19.53,1015.14,1.39,-1.17,-0.66,-80.1,40.95,91.65
15.63,23.93,1019.53,-0.47,1.4,-2.71,-78.45,42.75,92.85
0.98,18.55,1012.21,-0.31,1.56,-0.73,-78.15,40.65,90.9
9.28,21.97,1021,0.38,-0.74,3.14,-79.65,41.4,91.35
18.07,23.93,1015.14,-2.37,3.71,-2.83,-78.6,41.4,92.4
17.09,17.09,1011.72,0.08,0.99,-0.47,-79.35,40.65,91.65
10.25,30.76,1007.81,0.95,2.97,-1.66,-78.9,42.45,91.65
14.65,22.46,1012.7,0.54,1.49,-2.1,-79.8,40.8,91.8
10.25,26.37,1012.7,3.05,-2.5,2.65,-79.5,42.75,91.5
12.7,26.86,1021.48,1.61,-1.27,-0.88,-79.5,40.8,91.8
15.63,19.04,1018.07,1.33,-1.51,1.67,-78.6,41.4,92.4
14.16,16.11,1004.88,0.25,-0.68,-2.16,-78.9,41.4,90.6
13.18,25.88,1019.04,-0.92,1.69,-1.65,-78,41.55,92.25
-1.46,15.63,1023.44,-0.58,-0.68,0.13,-78.9,40.2,91.65
20.51,30.76,995.61,0.72,1.34,-2.12,-79.35,40.95,90.9
18.07,20.02,1016.11,2.44,0.05,0.53,-78.6,39.9,92.7
7.81,27.34,1020.02,-0.27,-0.69,-2.66,-78.75,40.8,91.5
10.74,36.13,1016.6,0.06,0.34,2.77,-79.05,41.55,92.85
9.28,29.3,994.63,1.07,-1.46,0.48,-78.45,41.25,92.85
9.28,20.51,1013.18,-0.78,-0.23,-3.53,-78.45,40.8,91.5
21.48,28.32,1015.63,-1.89,1.96,-0.76,-79.05,40.05,91.8
15.14,21.48,1015.14,2.04,0.11,-0.74,-79.35,40.95,93.45
11.72,29.3,1005.86,-1.27,0.06,-0.95,-78.45,40.5,91.8
5.37,19.04,1018.55,2.29,0.6,1.5,-78.45,39.3,92.55
2.44,31.25,1011.72,-0.51,-0.28,-1.78,-78.45,41.55,91.2
14.65,25.39,1020.02,-1.75,2.09,-0.3,-78.15,40.65,92.4
17.09,17.09,1002.44,1.08,-0.18,-0.05,-79.05,40.5,90.75
0.49,29.3,1015.63,-0.38,1.49,0.2,-78.15,40.95,91.35
11.23,29.79,1017.09,3.06,-0.46,2.29,-80.1,40.65,90.6
6.84,10.25,1024.9,0.81,0.67,-2.02,-78.9,42.15,91.65
15.14,26.37,1011.23,-0.67,0.92,-1.1,-78.45,42,92.55
15.14,23.44,1007.81,2.6,-3.71,-0.46,-77.85,40.65,91.35
25.88,35.16,1028.81,-0.98,0.94,-0.05,-79.05,42,91.5
3.42,27.34,1018.55,2.03,-1.29,3.82,-79.8,41.25,91.8
2.93,31.25,1011.23,1.11,0.53,-1.82,-78.75,40.8,91.8
17.58,29.79,1021.48,-0.67,2.99,-1.5,-78.9,40.65,91.95
8.79,18.07,1009.77,2.14,0.44,0.79,-77.7,41.55,92.55
20.02,29.79,1019.53,0.34,1.64,-0.51,-78.6,41.4,91.35
22.46,30.27,1019.04,0.56,2.53,-0.05,-77.7,41.25,91.2
9.77,29.79,1014.65,0.97,0.61,-0.07,-78.75,42,92.25
19.04,20.51,1012.21,2.24,1.44,0.47,-79.05,41.25,91.8
10.74,26.37,1015.14,1.91,0.85,-0.78,-78,41.55,91.8
9.28,21.48,1026.37,-0.49,0.82,-1.35,-77.85,40.65,93.15
1.95,31.25,1005.86,1.73,-0.19,1.22,-78.45,40.5,91.8
6.84,28.81,1015.14,0.04,0.75,-0.92,-79.05,42.3,91.8
16.6,18.07,1018.55,1.22,0.36,0.92,-79.35,41.7,90.6
13.18,37.6,1021,1.96,0.64,0.82,-78.6,41.4,91.35
9.77,26.86,1023.93,-0.68,0.24,-0.77,-78.45,42,91.95
24.41,25.39,1008.3,1.44,-0.51,0.76,-78.75,43.05,92.55
24.9,32.71,1013.18,0.13,1.53,-0.17,-78.45,41.25,91.8
8.79,28.81,1016.6,-1.51,1.4,-0.77,-78.75,40.5,92.25
11.23,25.39,1021.97,1.29,-1.49,0.88,-78.45,40.8,92.55
-0.49,23.93,1022.46,-2.13,-0.32,-1.74,-78.75,42,91.8
20.02,25.88,1027.83,1.66,-2.34,0.87,-78.15,41.7,92.4
14.65,30.76,1008.3,0.53,2.24,0.32,-78.75,42,92.25
11.23,25.88,1013.67,-0.75,2.36,-1.66,-78,40.8,92.25
14.65,33.69,1028.81,1.75,-0.9,1.27,-79.5,41.25,92.25
16.6,20.02,1021.48,-1.47,-0.05,0.92,-79.35,41.4,91.35
12.21,22.46,1018.07,0.24,-1.31,2.86,-79.65,40.95,90.9
10.74,16.6,1021.97,-0.63,1.72,-3.64,-78.15,40.65,92.4
6.35,20.51,1022.95,-1.34,-0.53,-1.89,-79.35,41.7,92.4
9.28,30.27,1019.04,2.54,-1.06,1.02,-79.5,41.25,91.5
13.18,21.48,1019.04,-1.27,0.13,-1.73,-78.9,40.95,90.9
12.7,27.83,1021.48,0.84,-1.9,2.48,-78.45,42,91.5
15.63,31.25,1019.04,2.41,-1.38,1.32,-79.35,40.95,91.65
15.14,21.97,1019.53,0.49,0.38,0.04,-78.9,41.7,91.35
16.6,29.79,1020.51,3.96,-2.27,0.6,-79.05,40.8,91.8
12.7,24.41,1019.53,-0.4,0.08,-0.01,-78.75,40.8,93.3
7.81,23.44,1019.53,0.19,1.09,-0.89,-79.35,41.4,92.4
7.32,28.81,1015.14,-0.09,0.8,1.24,-78.9,40.65,90.9
2.93,30.76,1021.48,2.31,-1.59,-0.15,-79.05,41.25,92.55
2.93,24.41,1019.04,0.98,-1.5,2.11,-78,41.25,91.2
21,18.07,1018.55,-2.44,0.45,-2.5,-79.35,40.65,92.4
23.93,25.39,1014.65,2.02,-5.18,2.87,-77.7,40.5,91.8
13.67,23.44,1018.07,0.63,0.78,-0.4,-79.05,40.8,91.2
0.49,21.48,1011.23,0.46,-0.83,0.69,-78.45,42,91.2
-0.98,29.3,1015.63,1.1,-1.26,0.03,-78.15,41.4,91.65
12.7,15.63,1016.6,-3.54,0.69,0.84,-78.45,42.75,91.8
12.21,16.11,1013.67,0.44,-0.47,2.43,-78.45,41.25,94.05
11.72,25.88,1013.67,-0.67,0.76,-2.78,-78.6,40.95,91.65
18.55,13.67,1016.6,2.39,-1.57,1.31,-78,42.3,91.5
13.18,39.55,1021.48,1.78,1.34,1.56,-79.35,41.4,90.9
8.79,36.62,1010.74,0.53,1.08,0.41,-79.5,41.25,91.2
9.77,32.23,1019.53,1.58,-1.28,-1.11,-78.6,41.4,91.95
18.55,24.41,1013.67,-0.33,1.21,-0.4,-79.65,41.4,91.65
13.67,22.46,1014.16,1.54,0.77,-0.73,-79.8,41.25,90.75
13.67,23.44,1016.6,-0.79,1.19,-3.4,-78,40.8,92.25
3.42,27.83,1017.58,-0.41,-0.76,-0.56,-80.55,40.5,92.55
15.14,28.32,1025.39,2.47,-0.78,-0.89,-80.4,39.9,91.35
4.88,30.76,1024.41,-1.47,0.37,-0.61,-78.6,41.4,91.95
8.79,22.46,1010.25,2.77,-1.88,1.56,-78.9,41.7,92.7
2.44,23.93,1015.14,1.14,1.35,0.02,-78.75,42.3,91.8
12.7,18.55,1010.74,-1.24,2.69,-0.74,-79.05,40.8,91.5
9.28,29.79,1011.72,0.32,-0.08,1.5,-78.45,40.8,91.5
14.16,21,1013.67,-0.56,2.93,-2.15,-79.8,41.25,91.5
11.72,22.46,1013.18,0.79,-1.35,3.34,-79.05,40.8,92.25
13.67,14.16,1012.7,-0.84,1.18,-0.25,-78.75,41.25,92.25
-7.32,27.83,1027.83,-1.77,0.89,-0.82,-78.6,42.15,92.4
8.79,29.3,1011.23,1.08,-1.34,-1.4,-79.5,41.25,91.8
7.81,21.97,1011.23,-0.31,-0.16,-1.83,-78.75,41.55,91.8
4.88,33.69,1026.86,1.26,-0.89,2.04,-78.15,40.95,92.7
19.04,12.21,1019.53,0.79,0.09,0.29,-78,41.25,91.5
13.67,32.71,1030.27,1.56,0.18,-1.45,-78.9,40.65,91.35
18.07,27.83,1015.63,2.76,-2.26,2.11,-78.75,42.3,91.2
14.16,29.79,1021.48,-1.47,-0.22,-1.28,-78.9,41.7,91.95
12.21,23.93,1027.83,0.95,-0.63,1.77,-79.5,40.05,91.8
9.28,32.23,1021,-0.53,-0.8,0.47,-79.05,41.55,92.85
7.81,9.77,1033.69,-3.02,0.85,-0.75,-78.75,41.25,90.75
2.93,29.3,1016.6,1.17,0.36,-0.51,-79.05,40.8,90.75
4.88,16.6,1022.46,0.58,2.67,-1.79,-78,40.5,91.2
1.46,36.62,1026.37,0.65,-1.6,0.33,-79.05,42,91.8
10.74,24.9,1012.7,1.47,-2.02,3.1,-79.5,40.8,92.55
14.16,25.39,1021.97,-2.34,0.09,-1.33,-78.75,40.5,92.55
7.81,30.76,1015.63,-0.01,-0.11,0.35,-78.45,42,91.5
7.81,23.44,1022.46,-1.6,2.39,-0.66,-79.8,40.8,91.8
6.84,21.48,1007.81,0.99,-1.37,1.11,-78,40.8,91.5
17.09,29.79,1016.11,0.23,0.97,1.16,-79.35,42.15,91.35
20.02,26.86,1021,-0.06,0.28,-4.07,-78.75,41.55,92.25
7.32,17.58,1023.44,2.54,1.2,0.52,-79.05,40.05,92.55
12.21,20.51,1020.02,-0.44,0.65,-0.4,-80.25,41.25,92.55
18.07,19.04,1011.23,0.97,-1.45,1.63,-78.45,40.8,92.25
17.58,29.3,1017.09,0.57,0.73,0.4,-78.15,41.4,91.35
9.77,24.9,1008.79,0.1,0.3,0.15,-79.8,42,91.8
5.86,13.18,1014.16,0.77,0.34,2.64,-79.8,42,90.75
10.74,27.83,1009.28,-1.15,1.63,-0.24,-77.7,40.8,92.85
18.55,33.2,1016.11,2.08,-2.46,-1.41,-78.15,40.65,92.7
19.53,25.88,1021,-0.44,2.35,-0.94,-78.75,41.55,91.8
7.81,26.37,1021,-1.28,1.27,-0.55,-78,39.75,92.55
5.37,26.37,1005.86,2.58,-1.56,2.01,-77.85,40.95,91.65
25.39,18.07,1004.88,-1.6,1.69,-2.57,-78.6,41.7,91.65
22.95,30.27,1021.48,1.11,0.78,-0.62,-80.25,40.8,92.55
8.79,31.74,1018.07,0.21,1.56,-2.4,-79.65,42.15,92.4
5.37,18.55,1024.9,2.84,-0.49,-0.78,-79.5,40.8,92.25
11.23,17.09,1010.74,3.33,-3.37,0.13,-78,40.5,90.75
7.32,27.83,1016.11,-0.59,0.07,0.63,-79.05,40.8,91.5
4.88,38.09,1019.04,2.22,1.24,-1.82,-80.1,41.7,93.75
14.16,23.93,1018.07,-1.3,0.82,-1.99,-79.35,40.95,92.4
16.11,27.83,1007.81,-1.48,1.04,0.92,-77.25,40.8,91.8
9.28,35.64,1013.18,2.98,0.73,2.58,-78.6,41.4,91.35
13.67,36.13,1015.63,-0.93,2.43,-0.61,-79.65,40.95,91.65
18.55,15.14,1024.41,2.69,-2.41,2.84,-79.05,40.8,91.5
4.39,25.39,1032.23,-0.42,-0.02,-2.08,-79.5,42.75,91.8
3.42,26.37,1011.72,0.27,-3.17,0.02,-79.05,40.8,91.5
22.46,35.64,1021.97,2.63,1.23,0.89,-78,41.55,90.75
16.6,29.79,1018.55,-1.22,-0.54,-2.26,-78.6,41.4,90.9
18.55,8.3,1004.88,1,-3.56,1.6,-78.15,41.4,90.9
12.21,16.6,1018.55,-0.1,1.44,-0.48,-77.7,42,91.8
19.53,19.04,1020.51,0.27,-2.15,2.26,-78.9,40.95,90.9
8.3,24.41,1021,0.71,-1.89,-1.53,-79.35,41.7,91.35
10.74,25.88,1021.97,0.8,0.59,-0.41,-78,41.25,92.55
16.6,20.51,1007.81,2.56,-1.39,2.33,-78.45,42,91.8
22.46,34.18,1013.67,0.22,0.83,-1.2,-79.65,42.45,92.4
19.53,22.95,1015.14,0.4,0.36,1.83,-78.6,39.45,91.35
21.48,26.86,1029.79,1.63,-0.47,1.64,-77.55,40.65,91.35
8.79,30.76,1019.04,1.46,1.27,-2.06,-79.05,42.3,92.85
11.72,22.46,1020.51,1.16,0.36,1.61,-78.6,39.15,90.9
12.7,15.63,1016.6,-0.81,3.03,-2.15,-78.9,40.65,91.65
9.77,24.41,1019.53,1.47,-0.11,1.8,-78.15,40.95,91.65
25.88,24.9,1015.63,4.06,-0.7,0.04,-78.6,40.2,91.35
16.6,23.44,1016.11,-0.75,1.1,-1.82,-79.35,40.2,91.95
7.81,25.88,1018.07,0.46,1.84,-0.5,-78.15,41.4,91.95
18.07,29.3,1006.35,-0.29,1.56,-1.64,-80.25,42.3,92.55
12.7,26.86,1017.09,0.67,-0.32,0.55,-79.35,41.7,91.95
6.35,34.18,1011.23,-0.41,0.05,-2.26,-77.25,41.25,91.8
9.77,36.13,1004.39,-0.34,1.82,-2.71,-78,42,91.5
4.39,15.63,1021.97,0.46,0.89,0.24,-79.5,40.8,92.85
11.23,22.95,1028.32,-1,0.86,-0.42,-79.8,42.3,93.3
16.6,27.83,1017.58,0.81,-1.2,1.27,-77.55,42.45,90.6
8.79,32.23,1018.55,0.47,-1.77,-4.34,-78.75,41.25,92.85
3.42,24.41,1014.16,0.8,-0.02,1.89,-77.7,40.5,93.6
19.53,19.53,1018.55,1.37,-0.68,3.39,-79.35,39.9,92.4
11.72,21.97,1021.97,-0.31,-1.11,0.96,-78.6,40.95,91.35
-1.46,15.63,1008.3,1.56,-3.58,-1.02,-78.9,42.15,91.35
3.42,24.41,1011.23,0.01,2.15,1.51,-78.75,42.3,91.8
15.14,28.32,1019.53,-0.05,1.13,0.17,-78.15,40.65,91.95
5.86,18.55,1006.35,-1.16,-0.87,-1.89,-78,41.25,91.5
9.28,15.14,1021.97,2.26,0.84,-0.13,-78.15,40.95,91.35
7.81,32.71,1015.63,1.88,-0.24,1.87,-79.65,41.7,91.95
14.16,33.69,1022.95,-1.53,0.45,-0.37,-78.9,40.65,93.15
16.11,26.37,1012.21,1.67,-1.82,2.87,-78.75,42.3,91.2
10.74,12.7,1018.07,-1.29,2.64,-0.91,-78,41.55,91.8
17.58,27.83,1031.74,0.47,-2.11,1.25,-80.4,39.9,91.35
21.97,20.02,1021.48,-2.42,1.56,-0.17,-78.6,41.4,92.4
4.88,32.71,1015.63,1.84,-4.18,-1.89,-79.5,41.55,92.25
7.32,27.83,1022.95,0.4,0.73,-2.09,-78.9,41.7,93.45
13.67,23.93,1013.18,0.09,1.37,-1.34,-79.5,42,91.5
18.55,25.39,1008.79,1.69,-0.9,-0.24,-78,40.5,92.25
12.7,19.04,1021.48,-2.7,1.53,-2.35,-78.75,41.25,91.2
7.32,23.44,1015.14,1.69,-3.11,-0.47,-79.35,41.7,91.35
13.18,7.81,1015.63,-0.92,2.63,-1.15,-78.6,41.4,91.35
4.39,19.53,1009.28,1.89,-1.63,3.26,-78.9,40.95,92.4
18.55,8.79,1017.09,1.08,-0.41,0.06,-78.45,40.5,91.2
5.86,27.83,1029.79,-1,0.02,-1.58,-77.7,40.8,91.2
20.51,28.32,1016.11,1.54,-1.36,-1.58,-78.75,41.25,91.8
5.37,29.79,1017.58,-0.8,0.52,-0.18,-78.9,41.4,92.7
5.86,19.04,1021,1.71,-1.29,2.19,-78.45,40.8,92.85
15.63,21.97,1008.3,1.64,-2.41,4.27,-79.8,41.55,91.2
4.39,26.86,1013.67,-1.21,2.46,-2.79,-79.05,41.55,92.55
24.9,21,1014.65,3.04,0.25,1.71,-79.5,40.8,92.55
24.41,19.04,1017.58,-0.15,1.08,-1.57,-79.05,40.5,92.25
10.25,29.3,1011.72,4,-3.07,2.18,-78.9,40.65,92.7
9.28,24.41,1021.48,-1.69,-0.01,-0.17,-78.75,40.8,91.2
10.74,21,1011.72,0.7,-0.4,0.86,-78.45,41.25,91.8
10.25,15.63,1000.98,1.98,0.53,-0.18,-79.05,40.5,91.2
21.48,21.48,1012.7,-0.31,1.57,-1,-78.45,40.8,91.5
14.16,15.63,1020.02,0.47,-0.44,1.33,-77.7,40.8,91.2
17.09,17.09,1017.09,1.94,0.22,-1.85,-79.65,39.9,90.6
12.21,26.86,1025.88,3.08,1.08,3.55,-79.35,41.4,91.35
9.28,26.86,1022.46,1.35,2.42,-0.33,-79.35,41.7,91.35
8.79,15.14,1015.14,1.35,-1.71,-0.71,-78.9,41.7,92.4
11.72,28.81,1015.63,-0.79,-1.14,0.99,-78.75,42,91.5
6.35,27.83,1017.09,0.21,0.8,2.34,-78.15,41.4,91.95
21,19.53,1021.48,1.88,-1.6,2.14,-78.75,39.75,91.8
10.25,21.97,1022.95,-1.82,0.73,-1.47,-78.45,40.8,91.2
2.44,20.02,1003.91,-0.92,-1.15,0.76,-78.15,40.65,92.7
21.97,18.55,1021,-0.71,0.34,-0.56,-79.35,42.15,91.65
20.51,21.97,1019.04,1.22,-0.74,2.66,-78.45,40.5,92.25
8.3,24.9,1027.83,-0.87,1.88,-2.92,-79.35,40.95,91.95
17.58,26.86,1009.77,1.2,-1.11,-2.4,-79.35,41.7,91.95
1.46,30.27,1008.79,1.33,-0.6,0.82,-78.9,40.2,92.4
12.21,23.93,1020.02,0.21,2.63,-0.63,-78.9,42.15,91.65
8.79,20.51,1013.18,1.31,-1.63,2.11,-79.05,41.55,92.55
24.9,28.81,1002.44,-1.44,1.81,0.47,-78.9,41.4,90.9
13.18,23.93,1023.93,0.95,0.74,0.82,-77.7,40.5,89.7
13.67,20.51,1015.63,2.92,-0.85,0.41,-79.35,40.95,91.65
12.7,28.32,1020.02,0.34,2.37,-0.45,-78.15,40.95,92.4
11.23,26.37,1008.79,1.37,0.75,0.39,-80.25,41.25,91.2
13.18,28.81,1009.28,1.24,1.55,0,-77.85,41.4,91.65
8.3,23.93,1023.93,2.47,0.28,2.29,-79.35,41.4,92.7
12.21,19.53,1013.18,-1.35,1.81,-1.91,-79.35,41.4,92.7
17.09,25.88,1024.41,-1.11,0.32,-1.24,-78.15,42.45,91.35
5.37,22.95,1021,1.76,-1.06,0.18,-79.65,41.7,90.6
10.25,27.34,1017.58,-1.39,1.35,-2.65,-79.05,40.8,91.5
13.67,36.13,1018.55,2.37,2.08,-0.41,-79.35,41.7,91.95
10.74,24.41,1030.27,0.37,2.12,0.98,-78,40.5,91.5
16.6,27.34,1004.88,-0.44,5.05,0.41,-79.5,41.55,90.75
19.53,31.74,1014.16,1.04,-1.72,0.74,-79.05,40.5,92.25
10.74,25.88,1013.18,-0.66,2.18,-1.42,-78.6,41.7,92.4
14.16,30.76,1016.6,0.97,0.31,1.05,-79.35,42.15,92.7
20.02,30.76,1022.46,-0.15,3.02,0.54,-78.45,40.8,91.8
17.09,27.34,1013.18,-1.91,-1.41,-2.75,-79.35,40.95,91.65
18.55,22.95,1008.79,3.33,0.76,0.95,-78.6,41.7,92.7
7.32,5.86,1020.51,-0.91,0.81,-0.86,-80.25,40.5,94.35
11.23,11.72,1019.53,1.18,-0.91,1.13,-78,41.25,91.5
10.25,28.81,1024.9,-1.52,-0.41,1.23,-77.7,41.55,91.8
10.25,23.93,1014.16,-1.38,0.79,0.91,-78.9,42.45,91.65
9.77,10.25,1017.09,1.34,0.78,-0.11,-79.65,42.15,92.4
5.86,22.46,1019.53,-1.49,1.24,-0.52,-78.9,42.45,91.95
9.28,24.41,1021.97,2.36,-0.16,-0.15,-80.1,41.4,92.4
15.63,22.95,1013.67,1.08,0.89,1.89,-78.75,42,91.2
11.72,23.44,1009.77,-0.64,-0.38,0.42,-79.5,40.5,92.25
17.09,29.3,1015.14,1.44,-1.47,0.11,-78.75,42.3,91.5
21.97,22.46,1017.58,0.32,1.86,-0.59,-81,40.5,91.8
20.02,30.27,1020.02,0.69,-0.39,-0.01,-78.9,42.15,92.4
0.98,33.69,1002.93,-0.07,0.89,-2.02,-79.05,41.55,93.3
22.46,22.95,1026.37,1.1,-1.73,1.21,-78.75,41.25,91.8
6.35,23.44,1013.67,2.59,-0.29,0.47,-79.65,40.2,91.35
18.55,16.11,1013.18,-1.86,3.85,-2.45,-77.7,40.5,91.2
11.23,36.13,1019.53,2.27,-0.35,3.64,-78.75,41.55,92.85
16.11,35.64,1015.63,-1.02,0.73,-0.4,-77.55,40.95,92.7
6.35,23.93,1008.79,0.75,-1.88,0.04,-78.15,40.65,92.7
17.58,29.3,1016.6,-2.64,3.24,-1.84,-78.6,40.65,91.95
18.07,29.3,1012.7,-1.98,3.24,-0.47,-80.25,39.75,92.55
0.49,27.34,1017.58,0.21,-1.56,-0.35,-78.15,41.7,91.65
8.79,25.39,1031.25,-0.4,-0.89,-0.5,-78.75,42,92.55
19.53,26.37,1010.25,0.84,-0.48,1.56,-79.05,40.05,92.25
16.11,30.27,1018.55,0.78,1.64,1.08,-79.35,40.65,92.4
23.93,21,1022.46,1.24,-1.85,-0.44,-78.9,39.9,93.15
17.58,24.9,1029.79,-0.22,2.75,1.08,-79.5,40.5,91.5
12.21,26.37,1016.11,-0.13,0.18,-2.81,-78.45,39.3,91.8
12.7,27.83,999.02,2.38,0.92,2.8,-78.9,41.7,92.7
24.41,33.69,1020.02,1.18,1.3,-1.07,-78,40.5,92.25
11.23,26.86,1028.32,1.66,-0.05,-0.25,-77.7,41.25,92.85
7.32,13.67,1017.58,0.68,2.03,1.38,-79.05,41.55,91.8
12.21,24.41,1019.53,-0.02,1.13,-1.65,-80.25,41.25,91.8
14.16,30.27,1014.65,2.8,-2.41,3.67,-79.05,41.25,92.25
8.3,24.41,1029.79,-0.78,3.21,-1.53,-80.7,40.65,91.95
11.72,18.55,1008.79,1.3,-2.3,0.11,-79.5,41.25,92.55
9.28,27.83,1014.65,0.19,0.31,-1.37,-78.9,40.2,92.7
5.86,25.88,1020.51,0.76,-1.69,3.79,-78.75,41.25,91.8
19.04,17.09,1018.07,1.48,-0.52,-1.05,-78.6,42.15,91.95
7.32,22.46,1018.55,0.46,1.61,0.16,-79.35,41.4,91.65
16.11,20.51,1018.55,2.33,0.38,1.63,-78,40.05,92.25
7.32,17.58,1009.77,-1.82,-0.23,-1.5,-79.05,40.8,91.5
12.7,13.18,1025.39,2.42,-0.79,1.08,-79.5,40.8,91.8
9.28,18.55,1019.53,-0.06,0.02,-1.09,-78.75,41.55,92.25
13.18,27.83,1016.11,0.98,0.64,-0.66,-78.15,40.95,92.7
18.07,38.09,1000.98,1.32,-2.47,0.98,-79.35,41.4,91.65
4.88,24.9,1026.37,-0.86,0.5,0.78,-77.7,39.75,92.55
24.41,24.9,1015.14,0.24,-3.12,-1.97,-79.5,40.8,92.25
12.21,19.04,1020.51,0.13,0.43,2.37,-78.45,39.75,91.5
12.7,25.88,1009.28,2.75,-2.43,-0.9,-78.45,40.8,92.25
2.93,19.04,1013.18,3.56,-1.11,2.34,-78.6,41.7,91.35
13.67,31.25,1014.16,-0.92,2.38,-1.29,-78,41.25,92.55
7.81,12.21,1015.63,2.73,-0.89,2.44,-79.35,40.2,91.95
3.42,24.9,1009.77,-2.18,2.11,-1.85,-78.15,42.45,92.4
23.44,29.79,1015.63,0.73,1.38,0.07,-78.6,40.95,91.95
6.84,29.3,1013.67,2.37,0.56,-0.97,-79.65,41.4,91.95
18.55,27.83,1015.14,0.21,2.14,-2.69,-78.6,41.7,92.4
25.88,16.6,1004.39,-0.76,-0.08,0.34,-78.6,41.4,90.6
4.88,20.51,1005.37,-0.18,0.36,-0.78,-79.8,40.8,91.5
17.09,25.39,1016.6,1.44,-0.63,0.9,-78.15,40.65,92.4
4.88,31.74,1016.6,-0.44,-0.56,0.5,-79.8,40.8,92.55
9.77,19.04,1017.58,0.55,0.42,-0.05,-77.85,41.7,91.95
4.88,29.3,1009.28,1.76,-2.16,-3.06,-79.35,40.95,92.4
8.79,13.67,1008.79,0.66,0.2,-0.27,-78.75,41.55,92.25
13.18,19.53,1014.16,1.43,-1.61,2.18,-79.65,41.4,92.4
15.14,27.34,1008.3,0.21,1.55,-0.36,-79.65,40.65,93.75
9.28,19.53,1032.71,2.27,-0.4,3.47,-79.05,42,92.55
13.67,29.3,1015.63,1.5,-2.23,-0.74,-79.05,41.25,91.8
13.67,21.48,1008.3,0.6,1.78,-1.9,-78.15,41.4,92.4
15.63,29.79,1011.72,0.54,0.29,4.31,-79.05,41.25,91.8
10.25,23.44,1013.18,0.63,1.01,-1.63,-77.7,42.3,92.55
13.67,33.69,1013.18,-1.02,1.06,-0.18,-78.9,41.7,91.95
-1.95,31.74,1022.95,0.12,-1.31,2.35,-79.05,40.8,90.75
3.91,30.76,1021.48,-0.89,1.98,0.2,-79.35,40.95,91.95
6.84,35.64,1009.28,0.68,0.91,2,-79.35,42.15,92.7
12.21,15.14,1010.25,2.01,0.64,-0.08,-79.5,40.8,91.8
22.46,14.65,1018.07,1.02,-1.82,2.12,-78.15,40.65,91.35
10.25,28.81,1008.3,1.11,-1.07,3.02,-78.15,39.15,91.95
6.84,16.6,1008.79,-1.08,-0.24,0.74,-78.9,41.7,91.95
9.77,34.18,1013.67,1.56,-1.33,1.99,-79.35,40.95,90.9
2.93,22.95,1020.02,0.43,1.15,0.41,-79.5,41.55,91.5
1.46,16.11,1009.77,1.58,-0.76,0.46,-78.45,42,92.25
6.84,13.67,1014.65,-1.19,1,-0.14,-78.45,39.75,92.25
20.02,26.37,1024.9,3.44,-0.75,-0.4,-78.15,39.9,91.65
21,18.55,1024.9,2.68,-0.24,-0.14,-78.45,41.55,91.5
9.28,19.53,1029.79,-0.66,2.61,-1.44,-78.75,41.55,92.85
15.14,25.39,1004.39,2.11,-3.89,1.66,-78.6,40.2,91.95
9.77,12.7,1008.3,-0.27,1.82,-0.07,-78.15,41.4,91.35
11.72,25.39,1008.79,1.37,-0.4,-0.43,-77.85,41.7,91.65
7.81,21.97,1027.83,0.47,1.56,-1.31,-77.85,42.45,91.95
10.25,25.39,1014.65,-1.15,-0.18,-0.44,-79.35,42.9,92.4
18.07,22.95,1018.07,1.05,-0.86,2.87,-78.45,41.55,91.8
15.63,25.39,1010.74,-0.86,1.54,-1.56,-78.6,40.95,90.9
16.6,19.53,1008.3,1.15,-1.71,2.56,-79.35,41.4,90.9
12.7,16.6,1018.55,-1.19,2.24,-2.38,-79.65,41.7,92.4
12.21,38.57,1008.3,1.31,1.61,0.01,-79.05,40.8,91.5
21.48,20.02,1011.23,2.62,-0.22,2.06,-80.1,41.4,91.95
13.18,33.69,1018.07,1.1,2.85,0.21,-79.5,41.55,91.8
18.07,20.02,1010.25,3.13,-2.83,2.7,-79.8,42,91.2
12.21,23.93,1010.25,1.01,1.24,-0.13,-78.9,40.65,91.65
11.72,25.88,1010.74,2.06,-1.4,0.62,-77.7,41.55,92.25
9.28,10.25,1016.11,2.45,-0.24,-1.14,-78.6,42.15,92.4
6.35,32.23,1027.83,-0.82,1.06,0.27,-78.45,40.5,93.3
13.67,24.9,1019.04,1.63,-0.66,0,-79.5,40.05,90.75
7.81,22.46,1006.35,0.76,1.28,-0.1,-77.55,41.7,92.4
14.16,16.6,1012.7,2.02,1.5,0.75,-79.05,41.25,90.45
6.84,19.53,997.56,-0.13,-0.3,-1.5,-78.45,41.25,91.8
7.81,23.93,1019.04,0.12,-0.27,0.49,-78.45,42.75,91.8
14.16,24.9,1011.23,1.6,-1.74,1.24,-79.5,41.25,90.75
6.84,23.44,1014.65,0.32,1.27,-1.05,-78.6,40.95,91.65
15.63,21.97,1014.16,1.93,-0.05,0.15,-78.45,40.5,91.5
4.88,12.7,1009.28,-0.72,2.3,-1.88,-78.9,41.4,90.9
9.77,20.51,1016.6,0.85,0.72,0.63,-78.45,41.55,91.8
11.23,30.76,1010.25,2.36,-0.15,1.33,-78.6,41.4,93.45
12.7,19.04,1024.41,0.53,0.15,0.73,-79.35,40.2,91.65
14.16,33.2,1030.76,1.7,1.83,0.34,-78.9,39.9,91.65
3.42,32.71,1020.51,2.15,-0.2,1.02,-78.6,39.9,91.65
12.21,24.9,1003.91,0.17,-1.18,-3.11,-78.6,40.2,91.35
19.53,30.76,1006.84,1.61,-0.54,0.64,-78.9,40.2,92.4
18.55,25.88,1013.67,-0.13,0.23,-1.83,-79.05,41.55,93.3
1.46,27.34,1030.27,2.34,1.22,3.12,-80.55,40.05,92.55
3.91,23.44,1021,0.81,2.13,1.14,-77.85,40.65,91.35
11.23,20.51,1009.77,-0.11,3.31,1.11,-79.8,40.5,92.25
12.7,21.48,1024.9,1.14,0.11,1.37,-79.05,40.8,91.8
13.18,30.76,1021.48,-0.04,0.43,-1.07,-78,42,91.8
9.77,19.53,1008.79,0.11,-1.53,-1.35,-78.6,40.95,93.45
22.46,41.5,1020.51,-1.88,0.77,0.5,-77.55,41.4,91.95
6.35,25.88,1017.09,0.24,0.73,-1.71,-78,39.75,91.5
11.23,22.95,1005.86,1.95,0.18,2.5,-79.05,42.75,91.5
9.77,20.02,1017.09,-0.55,-0.32,-1.18,-78.6,40.95,92.7
9.77,26.37,1002.93,1.29,1,2.57,-79.5,41.25,92.85
11.23,19.53,1026.37,0.94,-1.85,1.05,-79.05,42.3,92.55
2.93,19.53,1015.14,-1.28,3.29,-0.58,-77.7,41.25,92.25
18.55,26.86,1018.07,1.74,1.15,1.63,-78.75,42.3,92.25
13.67,28.32,1014.16,-1.1,0.21,-1.86,-77.25,42.3,91.5
16.6,32.23,1010.25,1.76,-1.6,1.04,-80.55,41.25,92.55
28.81,21.48,1008.3,0.59,-0.37,-1.63,-77.55,41.7,92.4
9.77,32.23,1016.11,0.52,0.15,-1.21,-79.05,40.8,92.55
21.48,39.55,1010.25,1.58,-0.32,1.08,-79.5,42,92.55
19.04,23.44,1010.25,0.5,1.77,-1.4,-80.4,41.7,91.95
9.28,27.83,1018.07,0.55,1.02,1.1,-79.05,41.25,91.2
13.18,21.48,1009.77,-1.53,-0.39,-1.02,-78.9,41.4,91.35
24.9,28.81,1016.6,2.29,-0.07,1.57,-78.9,40.95,91.95
9.28,19.04,1018.55,0.81,-1.21,0.31,-79.05,41.55,92.55
19.04,30.27,1033.2,0.16,2.02,0.24,-79.05,41.55,91.8
13.67,35.16,1012.7,1.02,-1.04,0.73,-79.05,42,92.85
12.7,23.44,1010.25,-1.96,-0.61,-1.5,-78,41.55,91.2
-0.98,25.39,1020.02,-1.24,-1.21,1.13,-79.65,41.7,92.7
16.11,31.25,1011.72,2,-0.75,2.18,-78,42,92.25
3.42,29.79,1014.16,0.87,0.93,0.21,-79.35,40.65,91.95
11.23,29.79,1015.63,2.32,-1.09,0.26,-78.15,41.4,91.65
18.07,34.18,1015.63,0.84,-0.21,2.84,-78,41.25,91.8
10.74,19.53,1014.65,0,1.09,1.53,-79.05,40.05,91.8
16.6,30.76,1010.25,1.54,-0.6,1.87,-78.6,41.7,91.35
10.25,14.65,1006.84,0.42,2.18,-0.33,-78.9,40.95,92.7
12.7,17.58,1020.51,0.79,-0.11,-0.24,-79.35,41.7,92.4
19.53,28.81,1009.77,1.69,1.01,-1.98,-80.4,40.95,91.95
10.25,29.3,1025.88,0.9,0.1,-1.52,-78.75,40.5,91.2
10.25,23.44,1016.11,2.24,0.21,1.44,-78.45,40.8,91.5
21.97,32.71,1012.21,-0.53,0.67,-0.14,-78.6,41.7,91.95
14.65,35.64,1017.58,1.45,0.19,0.78,-78.45,42,91.8
7.32,22.95,1013.67,0.98,1.83,2.5,-78.6,41.4,92.4
19.04,23.44,1010.25,1.14,2.44,-0.91,-78.75,41.25,91.8
18.07,28.32,1019.04,1.15,0.8,-0.59,-79.05,41.25,91.5
20.02,11.23,1013.67,2.55,-0.49,-0.08,-79.65,40.65,90.9
15.14,24.9,1021.48,2.35,-0.95,2.21,-78.75,41.25,92.85
8.3,20.51,1019.53,-1.25,-0.68,-0.4,-79.35,41.7,92.7
2.93,24.9,1016.6,-0.04,1.31,-1.27,-78.6,41.7,93.15
6.84,29.79,1022.46,3.96,0.73,-0.14,-80.25,42,92.25
21,19.53,1009.77,-0.3,0.74,-2.03,-79.05,39,91.2
14.65,24.9,1011.23,1.95,-0.72,0.21,-79.5,41.55,92.25
8.3,25.39,1022.95,1.3,1.36,0.34,-78.6,42.15,91.95
4.88,18.07,1005.37,-0.34,1.15,0.18,-78.75,40.5,91.8
1.46,34.67,1018.55,1.2,0.49,2.61,-77.85,39.45,92.4
15.63,32.71,1023.44,-0.53,-1.34,-0.88,-79.05,40.5,92.25
10.25,34.18,1021.48,0.63,-2.34,1.85,-79.5,40.05,92.85
12.7,24.41,1022.95,-1.37,0.84,0.85,-79.5,40.5,92.55
22.46,27.83,1019.04,-1.29,-0.58,-1.37,-79.8,42.75,91.8
13.18,37.6,1002.44,0.05,-1.92,1.22,-79.8,40.8,92.25
13.67,21.48,1015.63,-1.08,1.33,-0.79,-80.4,40.65,91.65
20.02,21,1013.18,4.21,-1.87,0.09,-79.35,41.4,91.65
10.74,17.58,1008.79,1.11,2.08,1.1,-78.6,41.4,91.95
16.6,28.32,1008.79,1.16,1.05,0.21,-78.9,42.15,93.15
11.72,22.46,1006.35,1.94,-0.27,2.2,-79.35,42.15,90.3
23.93,26.86,1012.7,-0.67,1.01,-1.23,-78.75,41.55,92.4
10.25,40.04,1006.84,1.34,-1.24,0.07,-78.9,39.9,92.4
8.3,14.65,1018.07,-0.88,-0.18,-2.48,-80.55,42.3,91.2
18.55,23.44,1018.07,-1.27,0.05,0.39,-79.65,40.95,92.4
15.63,24.9,1015.63,1.87,-0.45,0.67,-79.35,40.65,92.4
12.21,33.69,1013.67,-1.57,0.65,-0.7,-78.9,39.9,91.95
6.84,18.55,1004.39,0.67,-1.07,-1,-79.05,42,91.5
4.88,16.6,1017.58,0.07,0.55,-1.25,-79.65,40.2,91.65
-0.49,32.23,1013.18,-0.63,-1.28,-1.74,-78.75,42.3,91.5
4.39,36.62,1006.84,-1.09,0.27,-0.11,-79.05,40.8,92.55
5.37,32.71,1007.32,-1.04,1.3,-1.43,-79.05,39.75,92.55
11.72,28.32,1021.97,-0.32,-0.8,0.63,-79.05,41.55,92.25
27.34,18.07,1015.63,0.24,-0.73,1.4,-77.7,41.55,92.25
14.16,26.37,1024.41,0.86,-2.03,1.6,-79.5,40.5,92.85
7.32,29.79,1012.7,0.4,1.16,-0.8,-79.5,42.3,92.25
14.65,21.97,1019.53,2.98,0.53,2.74,-78.9,40.65,91.95
6.35,24.41,1015.63,2.51,-1.6,1.77,-79.8,41.25,91.5
13.67,27.34,1003.91,-0.43,1.44,-1.54,-77.25,40.5,92.85
6.84,21.48,1007.81,2.15,-0.5,2.66,-79.05,42,91.2
21.48,26.37,1018.55,-0.2,1.79,-2,-78.9,40.95,90.9
22.46,25.39,1027.83,3.34,-1.29,-0.1,-78.45,41.25,91.8
18.55,22.95,1024.9,-2.82,-0.21,-1.22,-79.05,41.25,91.8
10.25,17.09,1013.18,-0.34,2.11,0.04,-80.4,41.7,92.4
2.93,18.55,1014.16,0.91,-0.49,0.5,-79.05,40.5,91.5
18.55,25.88,1004.88,-1.11,2.43,-0.83,-79.35,41.4,91.35
5.86,40.04,1019.04,1.89,-1.09,1.82,-79.5,42.3,92.55
19.53,33.2,1007.81,-0.66,0.04,-2.82,-78.75,42.3,94.35
17.09,19.04,1001.46,-0.26,2.33,-2.04,-78.45,41.55,91.5
6.35,34.18,999.02,1.11,-2.19,2.12,-78.15,41.4,90.6
9.28,32.71,1005.37,-0.72,1.4,-0.63,-78.6,40.95,92.4
4.39,31.25,1015.63,0.3,-2.8,0.86,-78.9,42.45,90.9
16.6,32.71,1006.35,-0.28,2.36,-0.32,-79.5,42,90
12.21,28.32,1006.35,2.32,0.48,1.41,-80.25,41.55,92.25
16.11,26.86,1012.7,0.29,-1.7,-1.27,-78.9,41.4,90.3
15.63,32.23,1017.09,-2.38,1.39,-1.95,-78.75,40.5,91.5
15.63,18.07,1014.65,1.05,2.34,0.53,-79.35,39.15,91.35
7.81,27.83,1015.14,0.3,-0.38,-0.29,-79.35,40.65,91.95
15.63,11.72,1023.93,1.34,-1.06,0.84,-79.8,41.25,91.8
21.97,22.95,1001.46,0.66,1.6,-2.45,-80.55,41.55,93.6
12.21,14.16,1013.67,-0.14,-0.92,0.73,-78.45,40.5,90.45
12.7,21,1024.41,2.15,-0.62,2.13,-78.9,41.7,91.35
11.23,35.16,1010.25,0.13,3.47,-3.19,-77.85,40.65,92.7
14.16,25.39,1021.48,2.24,0.64,1.15,-80.4,41.4,91.95
22.95,28.81,1019.53,-1.49,-0.66,1.73,-78.75,40.5,90.75
11.23,17.58,1011.72,1.96,-1.39,-1.23,-78.9,40.65,91.35
2.93,21.97,1013.18,2.05,-2.09,0.67,-79.05,41.25,91.2
15.14,18.55,1006.35,-0.29,2.02,-3.33,-78.75,40.5,92.25
13.67,22.95,1014.16,2.84,-1.87,-1.19,-78.75,41.25,92.25
16.11,26.86,1006.35,1.1,1.63,0.02,-77.55,40.95,92.7
18.55,21.97,1008.3,0.27,-0.19,0.9,-77.85,41.4,91.65
5.37,31.25,1020.51,1.86,-2.34,2.87,-80.25,41.55,91.5
-2.93,22.46,1017.09,-0.98,1.08,-3.93,-78.6,42.45,90.9
10.74,28.81,1004.88,4.17,-1.09,0.3,-79.05,40.05,93.3
3.42,30.76,1011.23,0.47,0.5,-1.76,-79.65,40.95,91.95
8.3,16.6,1020.51,2.32,-1.98,0.01,-79.35,40.95,92.4
-3.42,18.55,1019.04,-1.11,1.31,2.44,-77.7,41.25,91.5
13.18,20.02,1014.16,-0.32,-0.49,0.86,-79.35,40.2,92.7
10.74,23.44,1025.39,2.2,-0.32,0.11,-79.05,39.75,91.5
8.79,32.71,1024.9,-1.45,1.24,-3.97,-78.75,41.55,91.8
12.7,26.86,1021.48,1.52,0.82,-0.48,-79.8,41.25,92.55
13.18,28.81,1017.58,-1.23,0.87,-4.02,-79.05,39.75,93.3
5.86,35.16,1009.28,2.5,0.29,3.32,-79.5,40.5,92.85
13.18,26.37,1021.48,0.64,0.52,-0.31,-78.15,41.4,90.9
10.25,23.44,1026.37,-1.63,4.34,0.98,-78.75,40.5,91.2
12.7,24.41,1021,-0.28,-1.58,1.45,-79.35,42.15,90.9
13.67,38.09,1018.07,-1.38,2.92,-0.98,-78.6,41.7,90.9
13.18,20.02,1003.91,1.12,-0.34,1.28,-77.25,41.25,92.25
10.25,34.18,1021.48,-1.11,3.66,-1.27,-78.9,40.95,90.9
17.09,12.21,1016.11,-0.5,1.6,-1.02,-78.6,41.7,92.4
14.65,21.97,1015.14,2.77,-0.24,-0.74,-79.05,40.8,92.55
-0.49,28.32,1018.07,-0.96,2.32,-2.53,-78.75,40.5,91.8
0,23.93,1017.58,1.46,-1.31,0.42,-78.6,40.95,91.95
22.95,22.46,1024.9,-1.81,2.76,-1.11,-78.75,40.8,91.2
5.37,24.9,1015.63,0.84,-0.8,-1.34,-78.6,41.7,90.9
8.79,28.32,1020.51,1.43,-0.05,1.34,-79.8,40.5,93.3
15.14,28.81,1008.3,0.46,1.39,2.19,-78.15,40.2,91.95
12.21,39.06,1019.53,2.4,2.27,1.06,-78.9,39.9,92.4
10.25,25.39,1009.77,-2.21,-3.06,-3.58,-79.8,40.05,92.25
11.23,26.86,1009.77,3.13,-3.36,2.24,-79.35,41.4,91.65
8.3,31.74,1006.84,1.56,3.36,-0.99,-79.5,41.25,92.55
8.79,26.37,1017.58,-2.05,1.27,0.63,-79.35,40.95,92.7
9.28,23.93,1013.67,0.6,-0.52,1.61,-78.15,40.95,93.15
8.3,15.63,1010.25,0.61,1.03,-4.32,-79.65,41.7,90.6
11.72,27.34,1021.48,2.18,1.52,1.41,-78.15,40.95,91.95
12.7,21,1021.48,-0.85,1.34,3.57,-77.55,41.7,91.35
10.25,22.46,1006.35,2.25,-1.34,-0.44,-77.85,41.7,92.7
18.07,14.65,1009.28,-0.85,-1.65,-0.19,-78.15,40.65,92.4
16.6,21.97,999.02,0.5,0.1,0.9,-77.85,39.45,90.6
9.77,19.53,1017.09,0.65,0.53,1.89,-78.9,39.45,90.9
4.39,10.25,1018.55,-0.53,1.73,0.11,-79.8,40.5,91.5
18.07,33.2,1013.18,0.1,0.2,0.72,-79.8,40.5,91.2
0.49,14.65,1013.18,-1.31,1.81,-1.56,-79.8,40.05,92.55
16.6,24.9,1013.18,-1.21,1.17,-2.47,-79.65,40.2,91.65
18.07,11.72,1018.55,1.5,-0.32,-0.73,-79.05,40.5,92.25
0.98,20.51,1021.97,-0.37,-0.13,0.02,-79.8,40.8,92.25
5.86,28.32,1013.18,2.15,-1.83,1.87,-78.45,40.8,92.25
10.74,32.71,1004.88,0.21,1.97,0.53,-78.15,40.2,91.95
31.25,21.48,1015.14,-0.13,0.4,-0.8,-77.7,41.25,91.8
9.28,14.16,1010.74,1.32,-1.24,1.39,-78.75,40.05,91.8
11.23,28.32,1009.77,-0.14,1.11,-1.36,-78.9,41.7,93.15
14.16,10.74,1012.7,1.71,-1.62,2.31,-78.45,40.8,92.85
19.53,33.69,1017.09,1.23,-0.85,-0.43,-78.6,41.4,92.7
14.16,22.46,1020.02,-2.65,1.78,-1.37,-78.75,40.5,92.25
8.79,20.02,1002.44,3.04,0.13,-0.72,-79.05,40.8,91.8
3.42,18.07,1017.09,-1.69,1,-0.8,-78.15,40.65,91.35
17.58,22.46,1021.97,2.39,-0.62,1.86,-79.5,42.75,92.55
19.53,26.37,1018.07,0.63,-0.5,-0.14,-79.8,42,93.3
22.95,19.04,1014.16,0.07,1.2,0.24,-78.75,42,91.8
18.07,21.97,1012.21,-0.05,-1.37,-1.61,-79.35,41.4,91.35
20.51,21.97,1017.09,-1.02,0.53,-1.4,-79.5,40.5,90.75
7.81,29.3,1010.25,1.52,-2.64,1.37,-77.7,41.55,91.5
16.11,23.44,1020.51,0.71,1.48,1.48,-79.5,41.25,91.2
13.67,24.9,1012.7,-0.93,2.35,1.27,-79.65,40.2,91.95
21.48,19.04,1017.09,1.37,-1.6,0.5,-79.5,40.8,92.85
6.35,29.3,1009.28,0.24,-0.48,-3.3,-79.35,40.65,91.65
6.84,36.62,1022.95,2.04,-2.38,1.98,-78.15,39.9,91.65
14.65,28.32,1019.53,-0.83,2.53,1.67,-79.65,39.9,91.95
24.9,31.74,1023.44,2.84,-1.26,-0.7,-79.5,41.55,91.5
11.72,31.25,1002.93,1.94,0.18,-1.04,-79.05,41.25,91.8
11.72,28.81,1006.84,1.99,-1.11,1.24,-79.65,40.95,91.95
7.81,27.83,1025.39,2.42,-0.31,0.57,-77.7,41.55,91.8
14.65,25.39,1021.48,1.17,1.37,-1.36,-78.75,41.25,91.5
7.81,17.09,1019.04,1.78,-0.93,2.52,-80.1,41.4,91.65
23.44,28.81,1010.74,-0.01,1.09,0.31,-77.7,41.25,91.5
12.7,24.41,1004.39,-1.15,1.39,-3.98,-79.05,40.8,92.25
17.09,38.57,1015.63,0.9,-0.29,0.5,-79.05,40.05,91.8
3.91,22.46,1018.55,-1.89,1.05,-0.98,-79.8,40.8,91.8
5.37,15.14,1010.25,0.67,-0.88,-0.08,-78.75,40.8,91.5
20.51,33.69,1013.18,0.17,1.75,-0.94,-79.35,39.9,90.3
20.51,22.95,1007.32,-0.39,1.8,0.68,-78.9,40.95,91.65
18.55,22.46,1000.98,2.27,-1,0.95,-78.75,41.25,91.8
7.32,20.02,1021,-1.32,1.29,1.15,-78.6,40.2,91.35
15.14,28.81,1019.04,0.5,0.27,1.03,-78.9,40.95,91.35
17.09,22.95,1019.04,0.47,-0.99,0.84,-78,41.55,91.5
21.48,14.16,1021,-0.01,1.47,-1.98,-78,41.55,92.85
15.63,38.09,1016.11,2.55,0.76,2.27,-78.9,41.4,91.35
17.58,30.76,999.02,-1.19,1.03,-2.45,-78.45,40.5,91.2
16.11,21.48,1015.63,1.51,-1.63,0.89,-78.6,42.15,92.7
16.11,38.09,1004.88,-1.64,2.4,-2.05,-78,40.8,92.25
8.3,36.13,1012.21,3.24,1.12,2.76,-78.75,42,91.8
11.23,22.95,1016.11,0.84,0.24,-1.34,-80.1,41.4,91.65
21.97,25.88,1018.07,0.05,-0.37,0.86,-78.45,41.55,91.5
-0.98,35.64,1022.95,2.65,-0.14,0.73,-78.15,41.7,91.35
11.72,33.2,1020.02,0.1,1.29,0.53,-79.05,41.55,92.25
11.23,22.95,1016.11,1.73,-0.74,0.83,-80.55,40.05,91.2
10.74,18.55,1009.77,3.07,0,1.84,-78.45,41.25,90.75
17.58,20.02,1014.65,0.01,-0.67,-1.35,-80.25,40.05,92.85
10.25,22.46,1022.95,2.22,-0.08,2.08,-79.65,40.65,93.15
15.63,15.63,1012.21,-1.66,0.85,-0.08,-78,40.5,91.2
3.91,22.95,998.05,2.44,-1.56,1.47,-78.45,40.8,91.2
13.18,24.41,1019.04,2.16,-0.32,-0.66,-78.45,40.8,92.25
12.7,17.58,1018.07,0.02,-1.11,-0.97,-79.8,41.55,91.8
5.37,21,1028.81,0.89,-2.18,0.93,-79.65,40.65,91.65
18.07,22.95,996.58,-0.23,-0.29,-1.49,-78.9,41.4,90.9
12.21,33.2,1023.44,-1.13,1.67,-0.56,-79.05,41.55,92.55
19.04,24.41,1013.67,1.47,-2.68,-0.48,-77.85,41.4,91.35
15.63,29.3,1011.23,0.72,-0.8,0.57,-78.75,41.55,91.5
3.91,20.51,1024.41,0.98,0.74,1.8,-78.75,40.5,92.25
15.63,14.65,1010.74,2.46,1.9,2.21,-78.15,41.7,92.7
11.23,21.48,1019.53,1.96,2.05,0.14,-78.9,41.4,92.7
8.79,35.64,1013.67,1.13,0.67,0.64,-80.4,40.2,92.4
19.53,13.67,999.02,0.5,-0.62,-1.78,-78.75,41.25,91.5
18.55,29.3,1011.72,2.2,-0.76,1.56,-78.9,42.45,92.4
11.72,28.81,1011.72,-0.24,1.36,-0.38,-79.35,41.7,90.9
13.18,31.74,1015.14,-0.78,-0.05,0.96,-78.15,41.4,92.4
8.79,21,1008.79,1.47,-1.76,1.21,-77.85,41.4,92.4
6.35,19.53,1008.79,-0.5,2.57,-0.73,-78.75,41.55,92.85
7.32,39.06,1023.44,1.63,0.54,0.79,-77.85,41.4,90.3
9.77,23.44,1015.63,1.12,1.92,-3.29,-78.75,40.8,92.25
11.23,29.79,1022.46,0.56,0.93,-0.27,-78.75,42,91.8
0.49,28.32,1017.09,1.64,-1.24,0.95,-79.35,40.65,93.15
12.21,18.07,1017.09,0.72,1.09,-1.68,-78.9,40.95,93.15
18.55,21.48,1006.84,1.57,-0.2,-0.38,-78.45,42.3,92.25
7.81,31.25,1012.7,-0.09,-0.2,-0.85,-79.05,40.05,92.55
1.95,34.18,1006.35,2.69,0.33,0.47,-79.5,42.3,92.85
16.11,16.11,1017.58,1.91,0.98,1.89,-79.05,42.3,92.25
8.3,42.97,1019.53,-0.45,2.54,-1.76,-78.75,40.8,91.8
12.7,20.02,1012.7,-1.47,-3.21,0.09,-78.6,40.65,91.65
14.65,27.83,1011.72,-2.18,-1.17,-0.45,-78,42,91.2
22.46,25.39,1011.72,3.06,-1.63,0.19,-79.35,41.7,91.95
10.25,34.67,1017.58,-0.11,1.18,0.52,-79.35,42.9,90.9
18.55,39.55,1024.41,1.25,0.82,-0.26,-78.45,40.5,92.25
7.32,17.09,1019.53,3.05,-0.02,1.55,-78.9,40.95,90.6
1.95,27.34,1012.21,-2.24,1.62,0.76,-78.9,40.95,91.65
2.44,30.76,1010.25,2.05,-0.66,0.18,-78.15,40.95,91.35
5.37,24.9,1006.84,2.87,-0.33,3.18,-78.9,42.15,90.9
12.7,16.11,1021.48,-1.11,2.94,-1.8,-79.35,42.45,92.7
13.18,18.55,1005.86,2.44,0.16,0.7,-77.55,41.4,91.35
10.25,20.51,1019.53,0.7,1.07,-0.37,-79.05,40.5,90.45
20.51,26.86,1007.81,-1.53,1.08,-0.92,-77.7,40.5,91.5
6.35,26.86,1013.67,1.27,-0.63,3.99,-78.9,40.2,91.95
11.72,18.07,1014.65,-1.5,3.12,2.06,-79.35,41.7,91.95
10.25,24.41,1010.25,1.54,0.63,0.27,-79.05,40.05,91.5
8.79,23.44,1016.11,-3.31,3.33,1.73,-76.95,42,90.75
6.84,22.46,1013.18,2.08,-1.25,2.82,-78.9,40.95,91.65
8.79,21.48,1021,1.22,-3.01,1.59,-78.6,42.9,91.95
12.7,24.9,1009.28,-0.13,2.09,-2.08,-79.05,40.05,91.5
15.14,17.09,1022.95,-0.07,-2.18,-1.18,-78.45,41.55,91.5
5.86,18.55,1019.04,-0.13,0.36,-0.36,-78.45,39.75,92.55
4.88,25.39,1014.16,0.15,-1.18,1.47,-79.05,39.75,91.2
1.46,29.79,1011.23,0.7,-0.05,0.42,-79.8,41.25,90.75
9.77,19.53,1012.7,1.98,0.29,-2.79,-78,39.75,91.5
8.79,9.28,1011.72,2.37,-1.91,0.95,-78.45,40.8,92.25
5.37,20.02,1019.04,-1.21,1.91,0.79,-78.45,42,91.5
18.07,18.55,1012.7,2.37,-1.63,0.98,-79.05,41.55,91.5
3.91,17.09,1011.23,-1.21,-0.94,-2.56,-78.15,40.2,92.4
6.35,21.48,1025.88,0.4,-1.31,0.58,-78.6,41.4,92.4
11.72,11.23,1013.18,3.11,-2.16,5.16,-78.75,40.5,91.5
5.37,30.27,1026.37,-1.07,3.42,-0.05,-79.8,40.8,90.75
27.34,24.41,1022.95,0.48,-1.94,0.73,-78.6,40.95,91.65
7.32,40.04,1000.98,0.07,2.11,-3.2,-79.05,42.3,92.25
-2.93,31.74,1020.51,3.31,-1.49,-0.31,-78.9,41.7,90.9
7.81,24.9,1004.39,-0.69,-0.61,0.99,-80.1,40.95,93.15
8.3,19.04,1024.41,1.04,0.96,4.02,-78.6,41.7,90.6
20.51,31.74,1016.6,1.53,0.09,0.66,-78.45,42,92.25
6.35,23.44,1033.69,-0.56,1.22,0.09,-79.05,39.3,92.25
8.3,18.07,1011.23,1.85,-0.39,3.23,-78.75,41.25,90.75
13.67,41.99,1016.11,-0.71,2.3,1.24,-78,41.55,92.25
18.07,22.46,1016.11,3.11,0.55,1.05,-77.7,42.3,91.8
-2.44,27.83,1010.74,2.29,-0.44,3.11,-79.05,40.5,91.8
6.35,32.23,1003.91,0.23,1.91,-1.37,-78.75,41.25,90.45
12.7,29.3,1026.86,1.26,-0.6,3.82,-78.6,40.2,92.4
17.58,26.86,1016.11,0.98,0.44,-0.51,-79.8,41.25,90.45
18.55,26.86,1025.39,1.31,-3.17,-1.72,-79.5,40.5,91.8
5.37,12.7,1014.65,1.37,-3.31,3.88,-78.9,39.9,91.65
19.53,27.83,1008.3,-0.75,-1.05,-0.99,-78.75,40.8,91.8
26.86,34.67,1013.18,1.53,-0.69,-0.12,-78.75,40.8,91.8
3.91,21.48,1003.91,-1.56,1.31,-1.1,-77.85,41.7,91.65
21,31.74,1013.67,-0.17,-0.14,2.22,-78,41.55,90.45
9.28,24.41,1020.02,-1.25,-0.13,-2.12,-79.05,40.8,90.75
13.67,36.62,1016.6,-0.3,1.09,-1.83,-78.9,41.4,90.9
12.21,33.2,1012.21,2.09,-0.93,0.2,-79.35,41.4,91.65
7.81,17.58,1007.32,-1.92,1.62,-1.61,-79.8,42,91.5
19.04,20.51,1010.25,1.85,-1.82,-0.12,-78.15,39.9,90.9
19.53,29.3,1020.51,-2.11,0.44,-0.81,-79.5,40.05,92.85
12.7,31.74,1019.04,0.68,2.89,-1.55,-78.75,40.05,92.25
12.7,27.34,1003.91,2.28,-0.76,1.19,-79.35,40.95,91.35
9.28,12.7,999.51,-0.01,1.62,2.14,-80.1,39.45,92.7
16.6,28.32,1012.7,2.24,-0.01,-0.87,-78.15,41.7,91.65
15.14,33.2,1019.04,0.48,0.58,-1.74,-78.75,41.55,92.55
9.28,22.95,1009.77,-2.69,-0.26,-2.78,-79.65,41.4,90.6
21.97,21.97,1010.25,1.71,-0.88,0.35,-79.05,42.3,91.5
10.25,23.44,1022.46,-0.13,2.46,-3.44,-78.45,42.3,91.5
14.16,30.76,1013.18,2.3,-0.69,0.73,-78.15,40.95,91.35
8.3,22.95,1025.88,-0.81,-0.02,-3.1,-78.15,41.7,91.65
7.81,28.81,1013.67,-0.68,1.8,-0.12,-80.25,40.8,92.25
22.46,33.69,1008.79,2.1,1.02,1.67,-77.7,41.25,91.5
15.14,21,1007.32,-0.24,2.36,-1.42,-78.45,41.55,91.8
17.58,18.07,1016.6,0.55,-1.94,2.52,-78.9,40.65,91.95
14.65,19.04,1027.83,-1.63,2.57,-0.66,-78.9,42.15,91.65
14.65,26.86,1009.28,-1.16,1.89,-2.23,-79.65,40.65,91.95
3.42,25.88,1010.74,0.92,-1.11,1.32,-78.9,40.65,91.95
22.46,29.79,1034.67,-0.53,-0.25,-1.4,-78.45,41.55,90.45
8.3,28.32,1011.23,3.35,0.32,-0.18,-77.85,42.15,91.35
9.77,21.97,1009.28,-0.05,0.5,-0.38,-79.5,42.3,91.8
17.58,27.83,1019.04,-1.03,0.08,-2.07,-78,40.8,92.25
5.37,31.25,1017.09,2.83,-0.95,1.02,-79.8,40.5,92.85
6.35,25.88,1017.58,-0.94,1.28,-1.79,-78.75,41.25,92.25
12.21,17.09,1016.11,0.94,0.76,1.43,-79.5,39,92.55
14.65,20.51,1002.93,0.48,2.21,-0.24,-78.9,40.95,93.15
12.7,29.3,1005.37,-0.88,-0.92,0.81,-77.85,40.95,91.35
11.23,25.88,1018.55,-0.69,1.37,0.21,-78,41.55,92.25
8.3,26.37,1011.23,-1.67,2.84,-0.48,-78.9,40.65,90.9
14.16,28.81,1009.77,3.76,-2.06,0.84,-79.05,40.8,92.55
3.91,40.53,1020.51,-2.24,1.4,-2.75,-78.15,42.45,91.65
20.51,22.46,1019.53,2.18,-3.04,2.4,-79.5,42,91.8
9.28,28.81,1014.65,-0.38,-0.61,-1.57,-79.05,40.05,92.55
13.67,27.83,1009.28,2.37,0.65,-0.46,-78.75,40.8,90.45
6.35,28.32,1025.88,-1.24,0.16,-1.02,-80.55,43.05,91.2
22.46,26.37,1015.63,1.75,2.55,-2.44,-79.35,42.15,91.95
8.3,18.07,1018.55,1.18,-2.26,-0.78,-78.6,40.65,91.35
6.35,38.09,999.02,-0.46,2.56,-0.72,-79.35,42.15,91.95
26.37,19.53,1017.58,-0.12,0.47,1.3,-78.75,41.25,91.8
13.18,33.2,1024.41,-0.31,-0.65,-1.21,-78.9,41.7,90.9
6.35,28.32,1018.55,2.99,-1.11,0.67,-79.65,39.45,90.9
7.81,23.93,1008.79,0.55,0.57,-1.93,-78.9,40.95,90.6
13.67,29.3,1009.28,0.51,0.78,-1.55,-78.9,42.15,91.95
4.39,21.48,1005.37,1.63,-0.63,1.8,-78.15,40.95,90.9
14.65,34.67,1010.74,-1.74,1.01,-2.99,-78.75,40.5,91.8
5.37,41.99,1024.41,1.17,-3.14,0.94,-79.8,40.8,91.8
14.65,18.55,1007.81,2.21,-0.83,1.02,-78.6,40.95,92.4
10.74,26.37,1009.28,-0.02,2.4,1.73,-79.35,41.7,91.65
7.32,24.41,1012.7,1.91,-0.12,0.26,-77.85,40.2,92.4
24.41,26.86,1009.77,0.35,0.23,2.64,-79.35,41.7,91.65
19.53,15.14,1000,2.39,-0.32,1.25,-79.05,41.25,92.25
4.39,18.55,1024.41,1.63,0.13,0.15,-78.6,39.9,91.65
15.63,23.44,1011.23,-0.11,1.34,-0.76,-78.6,40.95,90.3
4.39,39.06,1012.21,2.47,-0.75,2.5,-77.7,41.55,92.55
8.79,28.32,1012.7,-0.52,2.98,-0.79,-77.7,40.8,92.25
4.39,26.37,1002.44,0.41,-0.47,2.35,-78.75,39.3,92.25
14.65,26.86,1012.21,-1.4,3.71,-1.46,-78.45,40.05,93.3
17.58,24.41,1006.35,0.21,1.02,1.85,-78.15,40.65,90.9
3.91,20.02,1003.42,3.46,0.9,0.79,-78.15,40.2,91.95
12.7,18.07,1024.9,0.12,1.6,0.11,-78.6,40.95,90.9
13.18,20.51,1017.09,3.81,0.23,0.05,-79.35,41.4,90.9
23.44,17.58,1011.23,0.34,0.6,-0.57,-79.05,42,92.25
6.84,31.74,999.51,-2.02,0.11,-0.42,-78.75,40.5,91.5
11.72,23.44,1022.95,2.24,0.66,1.31,-79.35,40.95,91.65
9.28,31.25,1010.74,-1.39,1.2,0.33,-78.15,41.7,92.4
12.21,14.65,1009.28,1.07,-1.4,1.89,-77.7,42.3,91.2
10.74,29.3,1019.04,-0.23,1.8,0.85,-79.5,39.75,90.75
5.86,17.09,1005.86,-0.43,1.85,-1.03,-78.9,40.95,90.3
8.79,27.34,1014.16,1.98,-0.01,-0.25,-78.6,41.4,90.6
9.28,28.81,1028.81,0.42,0.94,1.27,-78.15,42.15,91.95
11.72,23.93,1022.95,0.73,-2.27,2.21,-78,42.75,92.55
3.42,23.93,1015.14,0.21,0.87,-0.9,-78.9,41.4,92.4
5.86,24.41,1014.65,-1.33,0.53,-1.63,-79.65,40.65,91.35
11.23,26.37,1027.34,3.04,0.17,-0.48,-77.1,42.45,91.95
19.53,25.39,1010.74,-1.25,3.23,-1.28,-78.9,42.45,91.35
13.67,17.09,1019.53,1.68,-2.92,0.86,-79.65,40.95,91.65
0.98,19.53,1010.25,0.24,1.29,0.18,-78.9,41.4,91.35
22.46,21,1007.32,0.17,-0.82,-1.79,-78.75,40.05,91.8
10.25,34.67,1018.07,1.98,-3.04,1.13,-78.75,41.25,91.2
1.95,22.46,1012.21,-0.64,1.24,-1.47,-80.4,39.9,91.35
14.16,20.51,1017.58,3.49,0.24,1.27,-77.55,40.95,92.4
-2.93,19.04,1013.67,1.25,2.27,1.48,-79.05,40.5,91.5
5.37,31.74,1025.39,-0.21,-0.12,1.67,-78.75,40.5,91.8
13.67,29.79,1017.58,4.23,-0.5,2.95,-78.9,41.4,92.4
9.28,10.25,1008.3,-0.21,-0.74,-1.04,-78.9,41.4,90.6
7.32,30.76,1021.48,2.4,-2.76,2.28,-78.9,40.95,91.65
13.18,24.41,1010.25,0.05,1.42,-0.31,-77.55,40.95,90.6
10.25,21.48,1004.88,0.44,-0.66,-1.03,-78.15,40.65,91.95
15.63,24.9,1020.02,1.69,0.85,-1.74,-79.65,41.4,91.95
14.65,32.71,1024.9,-1.86,1.15,-0.87,-78,41.25,92.25
16.11,26.37,1014.65,0.07,-2.05,4.21,-79.65,42.15,92.4
-2.44,10.74,1015.63,-0.06,-0.85,-1.58,-76.65,42.3,93.6
16.6,25.88,1015.63,0.45,0.71,-1.08,-80.55,40.5,92.85
8.79,26.37,1006.35,0.02,-0.63,0.08,-79.35,40.65,90.9
5.37,17.58,1007.32,-1.39,3.25,-3.27,-78.9,41.4,92.4
14.65,26.86,1020.02,2.26,0.14,0.27,-80.4,42.9,91.65
16.6,27.83,1021.48,-0.63,1.33,-1.22,-79.05,41.25,92.25
15.14,23.93,1018.07,1.83,0.39,1.52,-78.75,40.5,91.8
2.44,19.04,1018.55,2.27,-0.67,-1.39,-78.9,40.65,91.95
5.37,20.02,1015.14,1.37,2.77,-2.7,-79.65,40.95,92.7
4.39,29.79,1007.32,2.45,-0.62,1.63,-79.05,41.25,91.5
13.67,18.07,1016.6,-1.15,1.27,-1.44,-79.65,41.4,91.65
13.18,27.34,1018.55,-0.18,-0.37,-0.66,-78,41.25,91.2
8.79,33.2,1013.18,1.32,3.37,2.75,-78.15,41.4,93.15
2.44,19.04,1022.46,-0.67,0.91,1.37,-79.05,40.5,92.85
-1.46,14.16,1003.42,3.85,-1.27,2.4,-78.6,42.15,92.7
20.51,21.97,1018.07,2.33,-0.52,2.47,-79.05,40.5,91.5
2.44,28.32,1019.04,0.44,1.75,-3.2,-79.35,41.7,91.65
21.48,20.51,1011.23,1.52,-2.28,2.58,-78,42.3,92.25
25.88,24.9,1000.98,-1.2,0.28,-0.69,-78.75,40.5,92.55
19.53,27.83,1002.44,2.18,-1.84,1.56,-78.9,41.4,93.15
10.74,25.39,1021,-1.73,0.55,-0.31,-78.75,41.25,92.25
21.48,17.58,1003.91,-0.47,2.12,-1.43,-78.45,41.55,91.8
7.81,24.9,1014.16,0.69,-1.9,2.56,-78.75,40.5,91.8
23.93,26.37,1009.28,-2.1,2.08,-1.95,-78,41.25,92.55
13.67,26.86,1020.02,0.7,-1.27,0.62,-79.05,42.3,92.55
17.09,23.44,994.63,-0.29,0.65,-0.46,-79.5,40.5,91.2
12.21,28.81,1006.84,-0.18,1,-0.18,-78.15,40.2,92.7
2.44,28.81,1019.04,-0.08,-1.55,1.27,-78.75,41.25,90.45
7.32,28.32,1016.11,-0.15,1.26,-1.54,-79.5,42.75,91.2
8.79,27.34,1010.25,3.18,0.86,-0.96,-78.6,42.15,91.35
17.09,24.41,1017.58,0.11,1.78,1.19,-79.5,42,92.55
22.46,32.23,1012.21,1.91,-1.65,1.2,-78.6,41.4,91.65
15.63,14.65,1015.14,2.27,-2.37,-0.58,-79.8,40.8,92.25
10.25,24.41,1024.41,0.96,-0.15,0.14,-78.45,42.3,93.6
21.97,22.46,1014.65,0.07,0.03,3.48,-78.9,42.15,90.9
14.65,24.41,1012.21,-0.59,1.51,0.63,-78.6,40.2,91.65
12.21,30.76,1004.39,0.66,-1.36,2.39,-79.65,42.15,92.4
17.09,35.64,1015.63,2.56,1.84,1.6,-78.75,39.75,91.8
-1.95,12.21,1020.02,1.34,2.02,-3.83,-78.75,42.3,91.8
