-993.65,-45.9,-5.86,-0.75,1.44,0.31,-7.8,43.65,-24.3
-992.19,-48.83,-2.93,0.24,-0.34,1.47,-8.1,43.2,-23.25
-1001.95,-50.78,-0.49,-1.95,2.96,-0.72,-9.6,42.9,-24.3
-993.16,-54.69,13.67,1.79,0.44,-1.83,-8.1,42.9,-24.0
-997.07,-62.5,-6.35,1.17,1.44,3.38,-8.7,42.3,-23.85
-999.02,-54.69,10.74,-0.13,1.05,0.1,-7.2,43.05,-25.2
-996.09,-44.92,-1.46,0.58,0.11,1.44,-9.3,43.5,-23.85
-998.05,-52.73,-8.79,-0.4,1.1,-2.82,-8.25,43.05,-25.65
-999.02,-56.15,0.98,0.2,-0.42,-0.11,-8.7,42.3,-24.15
-991.7,-58.11,7.32,2.29,-0.44,0.2,-8.4,43.2,-25.05
-1005.86,-48.83,0.49,0.17,0.4,-0.38,-7.8,43.2,-25.05
-996.58,-56.15,11.23,0.97,-0.39,0.08,-8.7,43.5,-24.15
-1002.93,-55.66,4.39,-0.03,2.73,-1.23,-7.8,43.2,-22.95
-1000.49,-56.15,15.63,2.63,-1.28,0.66,-7.95,43.8,-23.85
-1005.37,-44.43,19.04,1.3,-0.89,1.18,-8.85,42.9,-24.0
-993.65,-49.32,2.44,-0.55,-1.0,-3.31,-8.85,43.2,-24.0
-994.14,-63.48,11.23,1.56,-1.54,1.08,-9.6,43.65,-24.75
-991.21,-62.99,0.49,0.18,1.09,-1.65,-8.7,42.75,-24.45
-997.56,-53.22,2.44,0.33,-0.18,2.95,-6.9,43.05,-23.85
-997.56,-53.22,8.79,0.59,-1.31,1.75,-8.85,43.95,-24.3
-1000.0,-55.66,-2.93,-0.69,0.2,-2.6,-7.8,43.65,-24.75
-994.14,-60.06,2.44,1.17,-0.44,0.51,-8.7,43.05,-24.9
-993.65,-47.85,-4.88,-1.63,0.66,0.08,-8.4,43.65,-25.05
-990.23,-52.73,4.88,0.89,-1.18,1.45,-10.05,42.75,-24.15
-998.05,-49.8,2.44,2.75,-2.44,1.42,-9.75,43.5,-24.15
-996.09,-54.2,0.98,-1.7,1.38,1.1,-8.7,43.05,-24.15
-994.63,-44.92,-1.95,-0.23,1.89,-0.26,-8.85,42.9,-24.75
-998.54,-61.04,-6.84,0.02,3.47,0.37,-9.15,43.65,-24.3
-1000.49,-54.69,-2.44,0.34,-2.31,1.3,-9.0,43.8,-24.45
-1006.35,-46.88,4.88,-2.02,1.95,-1.54,-7.8,42.15,-24.75
-994.63,-57.13,0.49,-0.15,2.21,-1.92,-7.8,43.2,-24.75
-1002.93,-44.43,10.74,2.27,-1.78,-0.03,-8.7,42.0,-23.4
-1000.0,-49.32,13.67,0.53,-2.24,2.5,-9.15,43.65,-25.35
-999.02,-64.45,10.74,2.33,-1.54,2.21,-7.8,42.9,-25.35
-1000.98,-40.04,6.35,-0.88,1.32,-1.6,-8.7,42.75,-24.15
-998.54,-44.92,10.25,1.72,-1.61,3.53,-9.0,43.8,-23.85
-991.7,-55.66,2.44,-0.53,2.89,-0.21,-7.8,43.2,-25.05
-997.56,-63.96,0.0,-0.31,2.02,0.68,-9.0,43.05,-23.85
-994.14,-47.85,10.74,1.69,-0.93,1.03,-9.0,43.8,-24.9
-1004.88,-69.82,-4.39,-1.72,3.19,0.02,-7.95,43.5,-23.85
-991.7,-53.22,5.37,1.8,-1.32,0.61,-8.4,43.2,-24.3
-1004.88,-58.11,0.49,-0.31,1.16,1.5,-8.85,43.2,-24.75
-1001.46,-52.25,1.95,1.18,-2.63,-0.79,-9.3,42.3,-24.9
-995.12,-48.34,-5.86,-2.21,1.46,-2.5,-8.85,43.2,-25.05
-997.07,-57.13,3.91,1.63,-0.64,2.27,-9.3,42.3,-23.4
-990.23,-61.04,2.93,1.5,-0.51,1.6,-8.85,42.15,-24.75
-1007.32,-43.46,1.95,-1.98,1.03,-2.09,-9.0,44.25,-24.9
-994.14,-53.22,8.3,-0.12,-0.9,1.31,-8.25,43.05,-24.9
-986.82,-41.02,-2.93,1.95,0.57,2.15,-6.9,44.25,-24.15
-999.02,-52.73,-2.44,1.53,-1.4,1.0,-7.8,43.95,-24.3
-985.84,-55.66,-16.11,-0.85,0.69,-1.77,-9.15,42.45,-23.55
-988.77,-49.8,2.93,0.76,0.57,-0.73,-9.15,42.9,-24.75
-1000.49,-71.29,4.39,-2.15,2.19,0.11,-8.7,44.25,-24.15
-993.65,-49.8,2.44,0.22,4.36,-0.19,-7.5,44.25,-24.15
-994.14,-58.59,1.95,0.95,-1.59,0.44,-9.6,43.65,-23.55
-1000.49,-62.99,2.44,0.03,0.24,0.99,-8.1,43.65,-24.75
-995.12,-53.71,-4.88,-0.34,-1.41,2.66,-9.0,42.75,-23.85
-991.21,-51.27,0.98,-2.31,1.82,-2.28,-9.15,43.65,-24.75
-1000.49,-60.55,16.6,1.11,1.0,1.62,-7.5,43.05,-23.85
-1000.0,-58.59,2.93,-1.88,0.95,-1.77,-8.7,43.5,-24.45
-998.05,-57.62,3.42,2.56,-1.44,3.04,-7.05,42.45,-24.3
-1002.44,-53.71,1.46,-3.02,2.58,-1.86,-7.35,44.7,-24.3
-999.51,-53.71,15.14,2.03,0.5,-1.4,-7.35,45.15,-24.75
-995.12,-57.62,9.28,-0.68,3.3,0.74,-9.3,43.5,-24.15
-999.51,-63.48,0.49,1.45,-0.19,2.4,-9.15,42.9,-23.25
-996.58,-44.43,5.37,0.89,1.63,0.81,-7.95,43.5,-24.45
-1005.86,-50.29,-0.49,0.67,-1.27,1.16,-7.5,44.25,-24.9
-999.51,-53.22,-3.42,1.71,0.35,3.41,-8.25,43.8,-25.2
-997.56,-58.11,-0.98,-0.39,1.1,0.34,-7.95,44.25,-25.2
-994.14,-50.29,11.72,0.31,-1.16,2.65,-7.8,43.65,-25.05
-996.58,-59.08,4.88,-2.0,1.39,0.22,-8.25,44.25,-24.15
-998.54,-44.92,14.16,1.08,0.93,-0.55,-9.0,42.3,-24.45
-995.12,-46.39,13.18,1.48,0.77,-1.21,-7.95,43.8,-24.45
-1006.35,-47.36,-4.88,0.92,-1.47,1.83,-8.7,43.05,-24.9
-989.75,-52.25,19.53,0.06,1.01,1.04,-8.4,43.2,-24.75
-999.02,-47.36,-1.46,0.54,-0.33,0.72,-9.0,42.0,-24.15
-992.68,-57.13,0.98,0.0,2.89,0.6,-8.85,42.9,-24.75
-988.77,-50.78,-0.49,-1.91,-0.02,-0.31,-7.5,43.8,-23.4
-996.09,-47.85,6.35,2.9,-2.38,0.9,-9.15,43.2,-24.75
-990.23,-59.08,0.49,-0.44,0.49,-0.26,-8.85,43.65,-24.3
-995.12,-53.71,9.28,1.54,-2.02,-0.17,-7.95,42.75,-25.95
-1001.46,-62.01,-1.95,-0.67,-0.36,-0.46,-7.8,43.2,-23.55
-991.7,-55.18,14.65,0.79,-0.82,1.85,-9.3,43.8,-23.1
-998.05,-58.11,7.81,-0.08,-1.56,-0.15,-8.7,42.75,-24.15
-997.07,-59.08,1.46,-0.73,1.29,2.25,-7.95,43.05,-24.9
-993.16,-51.27,1.46,-0.18,2.54,-2.86,-9.0,43.05,-24.15
-989.75,-68.36,3.91,1.66,0.24,1.98,-8.7,43.5,-22.8
-1003.91,-55.18,-0.49,-0.88,0.21,-1.21,-8.85,42.45,-25.35
-995.12,-45.9,-7.81,3.72,1.2,0.82,-8.4,42.9,-24.75
-1003.91,-51.27,8.79,0.98,-0.53,0.66,-9.3,43.8,-23.85
-1001.46,-53.71,0.98,3.0,1.18,0.61,-9.3,43.8,-24.9
-1000.0,-65.43,5.37,-0.34,0.56,2.27,-8.4,42.9,-24.3
-991.21,-49.32,0.49,-1.19,-0.66,-0.5,-7.8,43.65,-24.75
-1004.88,-56.64,-8.79,3.13,0.56,0.58,-8.85,43.65,-25.35
-993.65,-55.18,-2.44,-1.05,0.06,-0.78,-7.05,43.2,-25.05
-992.68,-47.85,9.28,-0.21,-0.3,1.89,-8.7,42.75,-24.15
-995.61,-52.25,5.86,-0.04,1.21,1.38,-8.4,42.45,-24.3
-1004.88,-59.08,-2.44,1.84,-0.09,0.76,-8.85,42.15,-25.35
-998.54,-45.9,1.95,-0.42,0.01,-1.11,-8.1,42.9,-25.05
-998.05,-48.34,0.98,1.21,1.04,1.47,-7.95,42.3,-25.2
-998.05,-43.46,11.72,0.9,0.92,0.89,-7.95,43.05,-24.45
-987.3,-58.11,-4.88,2.47,-0.17,-0.18,-9.0,42.75,-24.45
-1000.49,-60.55,2.44,-2.58,0.29,-2.01,-7.95,43.05,-24.45
-993.16,-61.52,-9.28,2.05,0.99,-0.24,-8.25,42.75,-24.9
-991.21,-51.27,6.84,1.05,1.62,-0.64,-8.85,43.95,-24.3
-998.54,-60.55,3.91,1.96,2.4,1.87,-9.6,44.4,-25.35
-991.7,-51.27,6.84,-0.18,2.36,-2.21,-7.95,43.05,-25.65
-1005.86,-43.95,0.0,1.42,-1.66,-1.5,-8.4,42.9,-24.3
-1013.67,-46.88,-3.42,-0.11,2.53,-0.29,-8.25,42.75,-24.15
-992.19,-49.8,11.23,1.63,-0.98,-1.48,-9.3,45.0,-23.1
-992.19,-52.73,7.81,-1.23,0.17,-0.13,-10.35,42.45,-25.05
-996.58,-59.08,7.81,1.42,-0.41,-1.52,-8.1,42.9,-25.8
-1001.95,-45.41,-6.35,0.5,0.57,-0.44,-8.7,43.8,-25.2
-1000.0,-52.25,-2.44,2.32,0.26,0.57,-9.0,43.8,-23.85
-996.09,-50.78,1.46,-1.64,2.02,0.92,-9.0,42.3,-25.2
-1000.0,-46.88,-0.98,-0.47,-1.7,-0.53,-8.7,42.0,-25.65
-996.09,-58.59,6.35,0.94,4.44,-2.18,-8.25,42.3,-24.15
-993.16,-61.04,7.81,0.52,0.36,-0.33,-10.05,42.3,-23.1
-989.75,-63.96,3.91,-0.89,1.93,-1.61,-7.5,43.05,-24.45
-997.56,-57.62,4.88,0.74,-1.69,-0.39,-9.15,43.2,-25.05
-990.72,-62.5,-7.81,-1.66,-0.07,0.89,-8.4,43.2,-25.35
-990.72,-66.89,4.88,0.06,-1.02,2.34,-7.95,44.25,-24.45
-989.75,-55.18,18.55,-0.14,0.92,-0.82,-9.75,41.55,-24.15
-990.23,-62.99,10.25,0.39,0.52,3.24,-7.8,42.9,-24.75
-1000.98,-59.08,8.79,-0.08,0.04,-2.02,-8.4,43.2,-24.75
-1000.98,-43.95,20.51,0.32,-1.69,1.56,-9.3,44.25,-25.2
-1003.91,-49.8,0.49,-0.47,1.04,-0.72,-7.8,42.45,-23.55
-1001.95,-56.64,0.49,-0.11,-3.03,1.79,-7.8,42.45,-25.05
-994.14,-59.08,7.32,-1.93,2.79,-2.51,-8.85,43.95,-25.05
-1007.81,-48.83,7.81,2.52,0.51,1.89,-8.1,43.65,-24.75
-994.63,-53.22,6.35,-1.23,0.63,-0.2,-8.25,43.05,-24.9
-979.98,-65.92,4.39,1.88,-0.57,-0.99,-8.4,43.2,-25.35
-998.54,-47.85,2.44,-0.83,0.48,-1.58,-8.4,43.2,-24.3
-1001.95,-56.15,0.98,1.61,0.22,2.47,-8.85,42.9,-25.05
-1006.84,-57.13,4.39,-1.78,2.6,-1.64,-9.0,42.3,-24.15
-1000.98,-51.76,11.23,1.56,-0.89,3.09,-8.25,42.3,-24.15
-991.21,-36.13,-2.44,-0.37,0.18,-1.3,-8.1,42.45,-24.3
-1001.46,-53.22,5.37,1.99,-1.44,0.8,-7.8,41.7,-25.05
-994.63,-53.22,10.25,-0.79,3.89,-1.23,-9.3,42.3,-24.45
-995.61,-58.59,12.7,1.44,1.18,0.69,-8.4,43.65,-25.05
-988.77,-55.66,-4.39,-0.64,0.85,0.31,-9.15,43.65,-25.05
-986.33,-49.8,2.93,2.04,-1.35,4.65,-7.8,43.2,-24.3
-990.23,-57.13,5.86,-1.17,2.76,-0.74,-7.05,44.4,-24.3
-987.79,-60.55,5.37,0.86,0.56,1.03,-9.3,43.5,-25.2
-1001.95,-54.2,7.32,-0.78,2.08,-1.04,-9.15,43.2,-23.55
-998.54,-62.5,6.84,2.69,0.73,0.85,-7.8,43.2,-24.3
-1001.95,-54.2,4.39,-2.05,1.5,-2.5,-8.25,43.05,-24.9
-984.38,-58.59,-6.84,0.9,-2.7,1.03,-7.95,44.55,-25.2
-1001.95,-55.66,0.98,0.38,1.27,-1.01,-9.15,41.4,-25.05
-993.16,-58.59,11.23,2.1,-0.48,1.66,-8.25,43.5,-24.9
-1000.98,-45.41,7.32,0.75,1.42,-2.67,-7.95,42.75,-24.45
-991.21,-54.2,-6.84,1.98,-2.26,1.02,-8.85,43.2,-25.8
-1000.49,-45.9,7.32,0.27,-0.13,-3.31,-7.5,43.05,-23.4
-993.65,-41.99,6.35,3.6,-1.82,2.7,-7.95,42.75,-24.15
-997.07,-60.06,14.65,0.46,1.26,-0.98,-8.85,43.2,-25.8
-998.05,-49.32,9.28,3.15,-0.76,0.32,-8.25,42.75,-24.45
-994.14,-60.06,-18.07,0.91,0.42,-0.75,-9.0,42.75,-23.4
-1004.88,-60.06,1.46,-1.89,0.21,-0.88,-9.9,45.15,-24.0
-998.54,-48.83,1.95,1.4,1.28,-0.58,-9.9,42.15,-24.75
-995.61,-49.8,-1.95,0.72,0.22,1.04,-8.4,43.95,-23.55
-1000.98,-54.69,-5.37,1.97,-1.6,-0.16,-9.3,43.8,-24.15
-1007.32,-52.73,-0.98,-0.91,-1.24,0.88,-8.7,43.05,-24.45
-984.38,-53.71,8.79,1.72,1.15,1.24,-8.85,42.45,-25.35
-984.38,-49.8,-8.79,-1.93,-1.04,1.13,-8.7,43.5,-25.2
-996.58,-52.25,6.35,1.31,-0.2,-0.13,-7.8,43.2,-25.05
-992.68,-52.25,-5.37,0.11,0.62,-0.11,-7.95,44.7,-25.35
-1000.0,-53.22,3.42,0.53,1.47,-0.24,-9.15,42.45,-25.35
-996.58,-62.5,18.07,-2.43,2.08,0.05,-7.95,43.8,-25.65
-1000.49,-44.92,5.86,2.2,-0.85,0.79,-9.6,43.65,-23.55
-989.26,-53.71,1.46,1.64,0.02,0.64,-9.6,43.2,-26.85
-991.7,-56.64,7.32,-0.42,1.31,-1.98,-7.5,42.75,-25.2
-996.09,-64.45,-5.37,3.07,1.43,1.82,-10.35,42.45,-25.35
-985.84,-58.59,-1.95,-0.13,1.41,-0.24,-7.35,42.15,-24.75
-1001.95,-55.66,-3.91,1.59,0.31,0.46,-8.85,43.2,-25.05
-993.65,-57.13,-1.46,-0.35,0.22,-1.32,-9.0,43.5,-25.2
-996.09,-39.06,7.81,1.81,0.42,-0.19,-9.0,43.5,-24.15
-990.72,-49.8,0.49,-1.43,0.18,-1.31,-8.1,42.9,-25.8
-986.33,-42.48,1.46,1.27,-1.83,-1.4,-9.3,42.75,-24.15
-991.21,-49.8,3.42,-0.88,0.72,2.45,-7.8,42.15,-25.05
-996.09,-45.9,5.37,2.81,0.33,3.35,-9.15,42.15,-25.35
-993.65,-58.59,21.48,-1.4,3.08,-0.76,-8.1,43.65,-25.05
-995.61,-59.57,-0.98,0.75,-2.16,2.3,-7.95,42.0,-24.9
-1000.98,-40.53,-2.93,0.69,1.99,-1.8,-7.8,42.9,-24.3
-992.68,-56.64,-4.88,1.03,1.82,-1.97,-8.1,43.65,-24.0
-1002.93,-56.15,12.21,0.51,-2.92,-0.86,-8.85,43.2,-25.05
-1003.42,-55.18,0.0,-2.22,0.53,-0.69,-8.7,42.3,-25.2
-994.63,-55.18,4.88,1.73,-0.85,3.37,-7.35,42.9,-24.3
-1003.42,-57.13,0.0,0.22,2.82,1.17,-8.4,43.95,-24.75
-1000.49,-48.34,-7.32,3.34,-2.02,2.28,-7.95,43.5,-24.9
-995.61,-55.18,1.95,-0.76,-0.07,2.6,-8.4,43.2,-24.0
-1005.37,-55.18,-9.28,1.32,-1.22,2.21,-8.25,43.05,-25.65
-1001.46,-49.32,6.35,-0.06,2.56,-2.44,-7.5,42.75,-24.45
-999.51,-61.04,4.88,2.99,-1.54,1.44,-8.1,43.2,-25.05
-999.02,-54.69,-1.95,-0.88,1.46,1.21,-8.85,43.2,-25.35
-1005.86,-54.69,-11.23,2.47,-0.95,4.36,-9.0,43.8,-23.85
-990.72,-44.43,-0.49,-1.38,0.52,-1.75,-7.8,43.65,-24.75
-989.26,-56.15,3.42,2.06,-0.08,1.32,-7.2,43.5,-25.2
-989.26,-65.43,0.49,0.28,-0.4,0.9,-9.15,42.9,-24.75
-1004.39,-50.29,6.84,-1.44,0.85,-1.23,-7.8,43.2,-25.8
-987.3,-48.34,0.49,2.5,-0.27,0.63,-9.15,43.8,-23.4
-1009.28,-37.6,-2.44,-0.65,3.73,1.35,-9.75,43.05,-24.15
-995.61,-48.83,-9.28,2.45,-0.13,0.73,-8.4,43.65,-23.55
-997.07,-60.55,-7.81,-0.08,-0.15,-1.76,-8.25,43.8,-25.2
-1008.79,-51.27,17.58,1.52,0.96,-0.53,-8.7,42.75,-25.2
-995.61,-52.25,4.88,-0.56,0.02,0.21,-8.4,42.9,-26.1
-1000.49,-45.41,10.74,0.02,-1.02,0.5,-9.0,44.25,-24.9
-995.61,-40.53,7.81,1.01,-0.24,0.1,-8.1,43.65,-25.05
-998.54,-58.59,9.28,-0.71,3.66,0.68,-9.3,43.5,-24.9
-991.21,-58.11,-3.42,-0.94,0.63,3.45,-8.25,43.05,-24.15
-978.03,-58.11,-3.42,0.6,-0.88,-1.69,-9.15,43.65,-24.3
-987.79,-55.66,4.39,0.99,-1.8,0.95,-8.1,42.9,-24.0
-991.7,-56.15,-3.91,-0.65,0.67,-0.76,-8.85,43.95,-25.05
-1006.84,-53.22,11.23,1.6,-0.87,-0.46,-8.25,42.3,-23.85
-992.19,-52.25,12.7,0.11,1.32,-2.34,-8.1,43.65,-24.3
-991.7,-52.25,-7.81,1.37,0.9,2.73,-9.3,43.05,-24.45
-993.16,-58.11,1.95,-1.76,-0.08,0.15,-7.8,42.45,-24.75
-1002.93,-53.22,-12.7,-0.43,3.62,-3.11,-8.4,44.4,-24.75
-997.07,-50.78,3.91,1.24,0.79,1.09,-9.0,43.05,-24.45
-1002.93,-58.59,2.44,-0.31,0.38,-2.2,-7.95,43.5,-25.95
-988.28,-51.27,5.86,2.85,0.36,0.57,-8.85,42.9,-25.05
-1001.46,-66.41,9.28,-0.56,3.68,-1.91,-7.5,43.5,-24.9
-1006.35,-61.52,11.72,2.67,0.91,-0.04,-7.8,42.9,-24.75
-989.26,-61.52,0.0,-2.27,0.68,-1.76,-9.15,43.2,-25.8
-1001.95,-60.06,1.46,2.86,-1.92,0.35,-9.15,43.95,-22.95
-991.21,-66.41,6.84,0.08,0.78,0.45,-8.1,43.65,-24.75
-998.05,-49.32,3.91,0.49,2.11,0.18,-7.05,43.65,-24.75
-994.63,-52.73,2.44,1.38,-1.6,1.53,-8.7,42.0,-24.15
-992.19,-52.73,1.46,0.67,3.2,-1.71,-8.1,43.65,-24.3
-997.07,-59.57,-10.74,1.77,-1.08,0.82,-7.5,41.55,-25.2
-1000.49,-62.01,-1.46,0.09,0.04,1.24,-8.7,43.8,-25.65
-981.45,-57.13,7.81,0.14,-1.04,-1.15,-7.95,42.3,-24.15
-990.72,-51.27,-1.46,1.27,-0.67,0.83,-7.95,43.8,-24.15
-995.12,-59.08,-3.42,-0.95,2.11,-1.05,-9.6,43.2,-24.0
-996.58,-47.85,12.21,0.5,-2.32,1.91,-7.5,42.3,-25.2
-1003.91,-62.01,-0.49,0.14,1.67,0.44,-8.1,41.7,-25.8
-1006.35,-66.41,-1.95,-0.78,-2.75,-3.44,-8.4,43.95,-24.3
-1009.28,-56.64,8.79,0.67,-0.21,3.44,-7.95,42.75,-22.35
-1005.37,-55.66,14.16,-0.86,1.55,0.7,-9.0,44.55,-25.2
-1000.49,-44.43,-11.72,2.11,-0.63,-0.3,-9.0,43.5,-24.15
-994.63,-52.73,2.93,0.26,-1.92,0.27,-8.4,43.65,-23.55
-1010.74,-53.22,-6.35,-0.89,1.3,-0.6,-9.15,43.95,-24.3
-1003.42,-59.57,0.0,-0.16,-0.44,-0.81,-7.95,43.05,-24.15
-993.16,-53.71,7.32,0.98,-1.18,-0.06,-8.1,42.9,-24.0
-997.07,-59.08,3.91,0.92,-1.5,-2.28,-8.7,42.75,-24.9
-998.54,-61.52,-5.86,-0.15,-0.55,-0.83,-8.7,43.8,-25.2
-993.65,-60.55,-2.93,-1.58,1.77,-1.02,-7.95,42.3,-24.9
-996.58,-60.55,-1.46,2.31,-1.99,1.65,-9.15,42.45,-24.3
-1000.98,-63.96,10.74,0.17,0.8,-3.08,-7.95,42.75,-25.2
-990.72,-57.62,-3.42,1.11,0.09,1.04,-8.7,42.3,-25.2
-1010.74,-58.59,6.84,-0.56,1.11,-0.88,-8.1,43.2,-24.75
-1000.98,-68.85,21.97,-1.05,1.13,-0.47,-8.25,43.05,-24.45
-995.61,-58.11,0.0,1.98,0.69,0.27,-8.4,44.4,-24.0
-987.79,-55.66,-0.98,-0.89,0.73,-0.31,-7.8,43.65,-24.0
-999.02,-58.59,4.39,3.74,-1.02,2.72,-9.9,43.65,-24.3
-995.61,-68.85,14.65,-1.4,-1.31,-0.06,-9.9,43.65,-24.75
-999.02,-60.55,2.44,1.63,-1.42,2.95,-9.3,43.5,-24.45
-1001.46,-70.31,8.3,0.6,0.47,0.51,-9.15,42.9,-24.3
-994.14,-68.85,0.49,-1.19,1.47,3.92,-8.4,43.2,-24.75
-985.84,-54.69,-3.91,1.44,0.22,0.6,-7.35,42.9,-24.75
-1001.46,-60.55,-3.91,-0.25,0.78,-0.49,-8.25,42.3,-24.45
-1007.32,-48.83,-12.7,1.95,-0.92,1.79,-8.7,42.75,-24.45
-992.68,-55.18,0.49,1.88,-0.06,1.24,-8.4,42.9,-24.3
-990.23,-53.71,8.3,-1.19,2.26,1.04,-8.7,43.05,-24.9
-993.65,-55.18,-1.46,1.12,-1.16,-1.21,-9.3,44.25,-25.95
-1003.42,-52.73,0.49,-0.49,1.42,0.09,-10.35,42.45,-25.05
-988.28,-50.29,-4.39,0.26,-1.76,1.24,-9.6,42.15,-24.0
-1001.46,-62.5,8.79,0.56,0.49,-2.09,-9.15,43.65,-24.75
-997.56,-62.01,4.39,-0.95,4.25,-2.58,-8.25,43.05,-24.45
-1002.44,-63.48,13.18,-1.02,-2.93,3.21,-8.25,43.05,-24.9
-1008.79,-53.22,-4.39,-0.28,1.51,-1.02,-8.7,42.75,-24.9
-991.7,-50.78,-1.95,0.96,0.42,1.03,-8.1,43.2,-24.3
-993.16,-59.57,0.98,2.13,-0.53,3.03,-9.75,42.3,-25.65
-984.86,-53.22,2.44,-0.64,-0.42,0.05,-8.85,43.95,-25.05
-1004.88,-57.13,18.07,1.32,-0.09,-0.08,-9.0,43.05,-24.45
-996.09,-68.36,9.77,-2.33,2.4,-2.12,-9.3,44.55,-25.65
-1001.95,-45.41,4.88,0.25,0.6,0.65,-7.8,43.2,-25.35
-1003.91,-53.22,14.16,0.89,-2.58,1.85,-9.0,43.8,-25.2
-1003.42,-53.71,5.37,-1.8,3.23,-1.5,-8.85,44.7,-25.8
-990.23,-41.99,-5.86,-0.02,1.18,-0.53,-8.85,42.9,-25.35
-992.19,-48.34,-0.49,-0.77,1.45,-1.37,-8.25,43.8,-24.45
-1005.86,-53.71,13.18,-0.05,1.64,-1.11,-9.15,42.45,-24.75
-999.51,-51.76,6.84,2.2,-1.04,1.95,-6.9,44.55,-24.15
-1002.93,-55.66,8.79,-0.94,0.21,-2.0,-7.95,41.55,-24.9
-1005.37,-42.97,4.39,1.7,-2.66,-1.08,-8.7,44.55,-24.9
-997.56,-45.9,3.91,1.89,-0.75,1.58,-8.4,43.2,-23.55
-994.14,-62.5,0.0,-0.8,1.15,-1.31,-9.3,43.5,-23.85
-989.75,-58.11,14.65,-0.66,-1.61,2.89,-8.25,43.8,-24.45
-1000.98,-59.08,-4.39,-1.65,2.35,-1.24,-7.35,43.2,-25.35
-990.23,-56.15,-1.95,-0.74,2.54,-1.03,-8.7,44.55,-24.45
-996.09,-51.27,15.14,-0.73,-0.64,1.72,-9.3,43.8,-25.65
-1000.49,-54.69,-2.93,-1.38,0.73,0.67,-7.5,42.3,-25.2
-992.68,-51.27,8.3,1.68,0.79,2.29,-8.85,43.2,-26.1
-998.05,-57.13,4.88,-1.06,2.51,-0.27,-8.1,43.65,-23.25
-990.72,-48.34,12.7,-0.3,2.19,-1.37,-9.0,43.8,-24.45
-991.7,-53.71,-2.44,0.81,-1.56,3.74,-8.4,43.2,-26.1
-996.09,-48.83,10.25,-0.16,2.95,-1.21,-9.15,42.15,-25.05
-993.16,-46.39,7.32,-0.4,1.76,-0.73,-10.35,42.15,-24.3
-990.72,-49.8,-0.98,1.73,-0.66,0.95,-7.8,43.2,-24.3
-997.56,-57.13,5.37,-1.66,1.77,0.38,-8.1,43.2,-24.3
-996.09,-66.41,-3.91,0.56,-0.14,2.6,-8.85,42.9,-23.25
-992.68,-62.01,-2.44,1.68,-0.43,0.92,-8.1,43.95,-24.3
-993.65,-57.13,-1.95,0.65,2.41,0.85,-8.7,43.8,-24.9
-993.65,-51.27,0.49,0.56,-0.22,-1.39,-8.25,42.3,-24.45
-982.91,-59.57,-4.88,-0.11,0.49,2.77,-8.25,43.05,-23.85
-1005.37,-42.97,1.95,-0.47,-0.56,0.66,-8.1,45.15,-24.0
-997.56,-48.83,11.72,-0.1,-1.69,1.73,-7.5,43.05,-25.2
-992.19,-51.27,-2.44,0.25,-0.44,-1.37,-7.35,43.2,-24.75
-994.63,-53.22,-2.93,-0.8,0.77,-1.65,-10.5,43.05,-24.15
-990.23,-58.11,8.79,2.56,-0.84,2.49,-7.95,43.5,-25.65
-1003.91,-55.66,-2.44,-1.23,3.15,2.51,-7.95,42.0,-25.2
-999.02,-49.32,0.98,0.05,-0.15,-0.44,-9.6,42.9,-25.05
-992.68,-50.29,14.65,0.3,-1.27,2.11,-7.5,42.3,-24.15
-1001.46,-57.62,0.49,-0.69,1.66,0.55,-8.25,43.05,-24.45
-990.72,-52.73,3.42,-0.5,-0.01,-0.39,-8.4,43.2,-24.3
-991.7,-65.92,-1.95,-0.83,3.44,1.08,-9.15,43.65,-24.3
-1000.49,-52.25,6.84,-0.72,3.37,-1.41,-7.8,42.45,-24.75
-997.56,-55.66,5.37,1.81,0.55,1.63,-8.7,43.8,-25.2
-996.09,-56.15,2.44,-1.12,-0.21,-1.67,-8.25,43.5,-24.9
-993.65,-54.2,20.02,0.45,2.08,-1.12,-7.8,42.9,-24.75
-989.26,-56.15,11.72,0.69,1.21,0.77,-10.05,43.05,-25.65
-994.63,-48.83,0.98,0.13,3.37,1.59,-9.6,42.9,-24.75
-1006.84,-57.13,11.23,-1.62,1.11,-1.31,-9.0,43.8,-24.15
-996.58,-56.64,1.46,1.75,-0.92,3.5,-7.2,43.05,-25.2
-1004.88,-57.13,10.74,-1.96,3.11,-0.11,-7.8,43.2,-24.75
-989.26,-67.87,-4.39,0.55,-1.45,2.39,-9.0,42.3,-25.2
-1001.95,-69.34,29.79,1.34,0.76,-0.99,-8.1,43.65,-24.3
-993.16,-60.55,6.84,0.48,2.56,2.6,-9.0,42.75,-24.45
-991.7,-50.78,1.46,2.18,-0.03,-0.5,-8.25,42.0,-24.9
-1007.32,-40.04,-3.42,-0.83,0.34,1.05,-9.0,43.8,-24.45
-993.65,-57.62,-3.42,0.03,2.79,-1.29,-7.35,42.45,-25.05
-989.75,-60.06,0.49,0.91,-0.01,2.45,-8.4,42.9,-24.75
-989.26,-55.18,7.32,-0.85,-0.29,0.6,-8.7,44.25,-25.2
-999.02,-56.15,7.32,-0.7,4.16,0.67,-7.8,43.95,-25.35
-999.51,-44.92,-8.79,-0.44,-1.62,-0.28,-8.85,43.2,-25.35
-992.19,-60.06,5.86,-1.15,3.56,-1.66,-9.0,42.75,-24.9
-994.63,-40.04,1.46,1.2,-0.88,1.24,-9.0,44.25,-25.2
-1000.98,-51.76,12.21,-0.37,-0.04,0.07,-7.8,42.9,-24.3
-998.54,-57.13,-5.86,0.18,1.07,-0.07,-7.35,43.2,-24.75
-1000.49,-47.85,0.0,1.21,1.41,0.68,-7.2,42.0,-25.2
-992.68,-60.06,5.37,2.83,-0.18,1.34,-8.25,43.5,-25.2
-1000.98,-47.85,4.88,0.02,0.85,0.75,-8.85,43.95,-24.75
-1000.98,-65.43,-1.95,0.6,-1.24,4.26,-8.1,43.95,-25.35
-995.61,-62.99,2.44,0.37,1.04,-2.31,-8.7,43.05,-24.9
-1003.42,-55.18,-4.39,0.77,-1.47,-0.06,-8.25,43.05,-25.2
-996.09,-56.64,-3.42,1.79,-1.08,0.95,-9.0,43.8,-24.9
-995.12,-55.66,-0.49,-0.17,1.64,-0.7,-7.8,43.2,-24.75
-997.56,-50.78,-13.67,-0.64,0.36,-2.29,-8.1,42.9,-25.35
-992.19,-58.59,6.35,2.9,-2.63,0.57,-9.0,42.75,-24.45
-1000.98,-49.8,-0.98,-0.56,2.4,0.44,-7.2,42.3,-23.85
-1001.95,-65.43,1.46,-0.47,2.84,-0.83,-7.5,45.0,-24.45
-1000.98,-44.92,-0.49,0.99,-0.17,-1.24,-9.15,43.2,-25.05
-995.61,-64.45,1.46,-2.6,0.57,-0.39,-8.1,43.65,-25.05
-991.21,-54.69,14.16,-1.09,0.97,-0.05,-7.5,43.05,-24.9
-998.05,-51.27,2.93,1.3,-1.85,3.95,-8.25,43.8,-25.65
-995.12,-64.45,0.0,-0.6,-1.18,-0.3,-8.1,42.15,-26.1
-994.14,-55.18,3.42,1.33,-1.34,0.75,-8.7,43.05,-24.45
-997.56,-53.22,-0.49,0.87,-0.51,-3.1,-8.4,42.9,-25.8
-1000.0,-46.39,12.7,-1.35,2.39,-0.62,-7.8,42.15,-25.05
-990.23,-52.73,0.49,2.15,-3.23,-0.27,-9.15,43.65,-25.35
-989.75,-48.34,11.23,0.88,0.73,1.27,-10.35,42.15,-24.75
-1004.88,-54.2,-7.81,-0.03,2.13,-2.55,-8.25,43.5,-23.85
-1000.0,-58.59,5.37,2.16,-1.22,-0.48,-8.1,41.7,-25.35
-989.26,-43.95,-10.25,2.25,-0.19,1.17,-9.15,43.65,-26.1
-1005.86,-57.62,-2.44,1.22,1.35,0.6,-7.35,42.9,-26.1
-1003.42,-55.66,11.23,0.41,0.62,1.44,-8.25,43.5,-25.2
-989.26,-56.64,1.46,1.63,-0.73,0.83,-7.95,42.3,-24.9
-990.23,-64.94,3.91,-0.81,0.84,-2.88,-9.3,43.5,-24.9
-998.05,-62.5,4.39,0.76,0.9,1.82,-7.95,42.3,-25.65
-993.16,-56.64,1.95,2.79,0.04,2.46,-8.25,43.8,-24.9
-1000.0,-65.92,4.39,-0.93,3.44,-1.53,-9.0,43.5,-23.4
-996.09,-61.52,-3.42,2.78,0.35,0.73,-8.7,43.05,-25.95
-998.54,-60.06,6.84,0.72,0.11,-0.73,-10.35,43.2,-26.4
-992.68,-45.9,3.91,0.4,-0.07,-0.85,-8.7,41.25,-24.9
-985.84,-63.48,0.49,0.41,-0.49,2.18,-7.95,43.5,-25.2
-990.72,-52.25,3.42,1.82,-1.76,2.31,-9.75,43.8,-25.65
-997.56,-49.8,-9.28,-0.95,0.02,-2.04,-8.7,43.5,-24.45
-995.61,-54.69,-0.49,-0.63,-0.44,1.34,-8.4,43.65,-25.05
-994.14,-62.5,1.95,0.35,-0.74,0.76,-9.15,43.2,-25.05
-999.02,-51.27,-0.49,0.11,0.98,-1.77,-7.95,42.3,-24.15
-993.65,-62.5,10.74,1.16,-1.86,1.06,-8.1,43.95,-26.4
-992.19,-58.59,11.23,0.6,-0.44,3.48,-8.4,42.9,-24.75
-1011.72,-47.85,9.28,0.44,-0.4,-0.33,-8.85,43.95,-25.05
-994.14,-46.39,6.35,2.24,0.03,2.98,-7.95,44.25,-24.9
-1000.98,-60.06,7.81,2.22,0.44,2.03,-9.15,43.65,-25.35
-995.12,-57.62,6.35,-0.39,-0.69,-1.52,-7.5,44.25,-25.2
-984.86,-63.48,2.93,1.27,-1.37,2.88,-7.35,44.4,-24.3
-1002.93,-50.29,-0.49,1.0,-1.4,2.47,-10.05,43.8,-24.45
-1002.93,-63.48,-2.44,0.09,1.66,-2.48,-9.3,43.5,-24.15
-1003.42,-65.92,-4.88,1.69,0.76,0.24,-8.7,43.8,-24.9
-988.77,-57.62,10.25,1.46,0.98,3.11,-9.6,43.65,-24.3
-1000.98,-55.18,-1.95,-0.54,0.82,-0.96,-9.0,43.05,-25.2
-995.12,-46.88,6.84,-2.24,1.17,-1.05,-8.25,43.05,-24.45
-999.51,-55.18,5.37,0.73,-1.72,1.67,-8.85,43.2,-23.55
-986.82,-62.99,1.95,0.84,0.39,1.48,-10.35,43.2,-24.0
-997.07,-65.92,-1.95,-0.05,-0.75,-0.38,-8.85,42.15,-25.05
-996.58,-48.83,14.65,1.85,0.1,1.89,-9.3,43.5,-24.15
-986.33,-48.34,0.98,0.89,2.69,-0.41,-7.5,43.5,-24.45
-994.14,-55.66,0.49,-2.18,1.05,-0.62,-8.1,42.45,-25.8
-996.09,-54.2,3.42,0.23,0.64,1.09,-7.5,43.05,-24.15
-996.09,-59.08,-2.44,-1.69,1.12,-0.67,-7.8,43.2,-25.8
-992.68,-55.18,21.48,1.98,4.23,-1.02,-7.5,43.05,-24.15
-994.14,-41.99,-4.88,-0.45,0.2,1.91,-8.25,43.8,-25.2
-996.58,-61.04,2.44,2.92,0.11,0.73,-8.4,43.65,-24.3
-1002.44,-61.04,7.32,-0.92,-1.24,-2.5,-8.85,43.65,-25.8
-1000.49,-53.22,-3.91,1.53,-2.49,0.92,-9.0,43.8,-24.15
-1001.46,-50.29,-0.98,2.73,-1.82,-0.18,-8.7,43.5,-24.9
-1003.42,-51.76,5.37,0.74,3.1,-1.54,-8.85,42.45,-25.05
-997.56,-47.85,6.84,-1.23,2.51,-1.59,-9.0,42.75,-25.65
-999.51,-60.06,-8.79,-0.44,-2.27,2.56,-9.3,42.75,-24.9
-994.14,-46.88,7.81,-1.73,-2.34,0.79,-8.4,43.2,-24.75
-1003.42,-58.11,1.95,-0.01,2.21,-1.67,-9.0,42.3,-24.9
-1005.86,-49.8,17.09,1.69,-1.21,-0.56,-7.5,42.75,-25.65
-998.54,-57.13,3.42,0.19,-1.47,0.43,-9.3,44.25,-25.65
-1002.93,-58.59,10.25,-0.76,2.05,0.02,-9.0,43.05,-25.2
-998.54,-53.71,8.3,1.36,-1.09,1.47,-9.0,42.3,-24.15
-993.16,-45.41,5.86,-0.04,-1.18,1.19,-7.8,42.45,-24.3
-1000.0,-54.69,6.35,0.67,1.08,0.15,-9.75,43.8,-24.9
-996.58,-56.64,14.65,1.08,0.66,-0.25,-8.25,43.05,-25.65
-986.33,-57.13,5.37,-0.59,-2.14,0.9,-9.15,43.65,-24.75
-1001.95,-51.76,2.44,-0.89,-0.53,-1.73,-9.15,42.9,-24.3
-999.51,-61.52,-0.49,-1.15,0.96,-3.38,-8.7,42.75,-24.9
-1002.44,-44.92,6.84,-1.28,0.8,0.37,-8.7,43.05,-25.95
-1003.91,-45.9,5.86,-0.15,-0.92,-2.05,-9.0,43.8,-24.9
-987.79,-52.73,12.21,-1.56,-0.17,-3.82,-8.1,43.2,-26.1
-1003.91,-59.57,-6.84,1.21,0.73,0.43,-8.85,43.65,-24.75
-985.84,-57.13,9.28,0.38,-1.06,2.06,-8.25,44.25,-23.85
-992.68,-55.18,6.35,0.19,1.48,-2.53,-8.1,42.15,-25.35
-996.09,-54.2,-5.37,-0.78,2.15,-0.61,-9.15,43.2,-24.75
-988.28,-50.29,8.79,0.56,-0.44,-0.08,-8.25,43.5,-23.4
-1005.37,-48.34,8.3,0.81,1.78,1.62,-9.0,42.75,-25.65
-999.51,-64.45,3.42,-0.41,0.47,-2.45,-8.85,44.4,-24.75
-985.84,-63.96,10.74,0.08,-1.17,2.62,-8.85,43.65,-25.8
-1001.46,-47.36,4.39,1.53,-1.08,-0.85,-9.3,43.5,-23.85
-999.02,-56.64,-2.44,-0.15,-0.6,-0.46,-9.3,44.55,-25.2
-990.72,-63.96,7.81,0.97,1.64,1.24,-8.25,42.75,-23.4
-994.63,-47.36,1.95,1.7,1.34,2.29,-9.0,43.05,-24.9
-995.61,-57.62,-2.44,-1.69,0.79,-1.05,-9.0,43.5,-23.4
-991.7,-47.85,9.77,-1.73,-0.08,1.85,-8.7,43.5,-24.9
-1007.32,-46.39,1.46,1.88,1.98,2.3,-7.5,43.05,-25.2
-1000.98,-42.97,-8.3,-1.5,2.75,0.83,-9.6,43.95,-25.8
-997.07,-61.04,9.28,0.29,1.21,-2.01,-7.2,42.3,-23.4
-995.61,-58.11,2.93,2.58,0.29,2.92,-9.3,44.55,-24.45
-994.63,-49.8,5.86,2.84,-1.04,0.33,-9.15,43.2,-25.35
-993.16,-58.59,-0.98,0.59,1.57,-0.24,-8.25,44.55,-26.25
-1007.81,-59.08,-0.49,0.45,1.4,-1.21,-9.3,42.75,-24.15
-994.14,-53.22,9.28,2.44,-0.72,2.29,-8.7,43.5,-24.15
-990.23,-50.29,-2.44,-0.4,1.82,0.12,-8.85,42.15,-24.3
-989.75,-46.88,-11.72,0.16,-0.44,-3.08,-8.7,43.05,-24.45
-996.58,-50.78,4.88,2.33,-0.56,0.24,-8.7,43.5,-23.1
-988.77,-57.62,0.0,1.22,0.08,-0.15,-9.9,43.2,-24.75
-986.33,-55.66,-10.74,-0.25,1.55,-1.18,-9.3,42.75,-25.2
-994.63,-54.69,2.44,-0.03,1.37,-2.56,-7.8,42.9,-24.75
-1002.93,-46.88,3.42,1.51,0.85,-0.12,-9.15,44.4,-25.05
-990.72,-53.71,20.02,2.59,-1.9,3.66,-8.7,44.55,-24.9
-992.68,-49.8,-4.88,-1.09,1.91,-0.81,-9.0,43.05,-25.65
-1007.81,-56.64,9.28,1.01,-0.51,2.69,-9.15,43.2,-25.05
-992.19,-60.06,2.93,2.11,-2.56,2.22,-9.0,44.25,-25.65
-996.09,-46.39,-5.37,-0.25,0.8,-2.08,-8.25,43.05,-25.2
-1002.44,-48.83,8.3,-0.26,2.15,0.6,-9.6,42.15,-24.75
-992.68,-55.18,8.79,0.69,-1.29,4.45,-9.0,43.05,-24.45
-993.65,-54.2,11.23,0.12,-0.61,2.72,-8.7,43.5,-25.2
-992.19,-53.22,-3.91,-0.95,2.31,0.63,-8.7,43.8,-24.45
-993.16,-57.13,12.21,-0.97,-0.4,1.32,-8.4,42.9,-24.75
-986.82,-52.25,-3.91,-0.43,-1.02,1.93,-9.75,44.55,-24.9
-1005.37,-56.64,11.23,-0.38,-0.81,-0.03,-9.15,42.9,-25.35
-989.75,-52.73,-7.32,-1.34,1.18,-0.05,-8.4,43.2,-25.35
-984.38,-36.62,17.09,0.13,2.78,-1.24,-8.85,43.2,-25.05
-1003.91,-58.59,4.39,2.06,-0.6,-0.25,-10.5,42.75,-24.9
-986.82,-66.89,-6.35,-2.31,-0.07,0.43,-7.2,43.05,-25.2
-992.19,-49.8,-1.95,0.14,1.22,-1.23,-7.95,43.8,-24.9
-993.65,-50.78,8.3,1.32,-0.32,-0.18,-8.1,43.2,-24.3
-1009.28,-55.18,4.88,2.32,-2.51,1.41,-7.95,42.75,-24.9
-998.54,-61.52,-10.74,-1.73,0.4,-2.26,-8.7,42.3,-25.95
-984.86,-54.69,2.44,0.81,-0.5,1.89,-7.95,42.3,-24.15
-1000.98,-63.48,12.21,-0.46,-1.88,1.78,-8.25,43.05,-25.65
-990.23,-54.2,0.0,-0.73,-0.95,-2.26,-8.4,42.45,-23.55
-1005.37,-56.15,5.37,0.23,4.27,3.08,-7.35,43.95,-25.8
-992.68,-35.16,2.93,3.0,-0.05,1.76,-8.4,42.9,-25.35
-994.63,-52.25,11.23,0.74,-0.83,2.89,-8.4,42.45,-24.3
-995.61,-54.69,-4.39,0.9,2.43,0.5,-8.25,42.75,-25.2
-993.16,-47.36,3.42,-0.56,1.1,-2.32,-7.95,43.8,-25.65
-988.28,-57.13,3.91,0.98,-2.12,3.76,-7.8,43.2,-25.05
-1004.39,-47.85,9.77,2.28,1.05,2.76,-8.25,43.05,-24.9
-991.7,-58.59,9.77,-0.67,2.24,-1.76,-9.6,43.95,-24.75
-995.61,-44.43,-2.44,1.96,0.73,2.48,-9.15,42.9,-26.1
-1002.93,-48.34,6.84,2.75,-1.95,0.87,-6.6,42.9,-25.05
-995.12,-51.76,3.91,-1.15,0.7,-0.44,-10.05,41.25,-24.9
-1001.46,-57.62,-6.84,-1.11,1.63,-0.86,-7.95,43.5,-24.45
-989.75,-53.22,7.81,1.55,0.34,0.5,-8.1,44.4,-25.35
-1008.3,-62.01,-10.25,2.4,-1.78,3.7,-8.7,42.75,-24.9
-1017.09,-60.06,-3.42,-0.67,1.44,-1.06,-7.8,43.2,-24.3
-999.02,-51.76,1.46,-0.09,-0.05,-1.02,-7.95,43.5,-24.15
-988.77,-58.11,7.32,1.43,-1.84,-1.08,-8.7,43.8,-24.9
-1002.44,-54.2,-5.37,2.55,0.6,0.44,-8.1,43.95,-25.05
-995.12,-45.41,6.84,-1.73,-0.33,-3.6,-7.95,42.0,-24.9
-995.12,-57.62,7.32,-0.87,-0.12,0.35,-7.35,43.65,-24.3
-995.12,-68.36,-0.49,3.08,-1.4,2.66,-7.5,43.8,-24.15
-984.86,-55.66,-5.86,1.05,0.22,2.76,-7.95,44.25,-25.2
-993.16,-59.57,7.32,-1.24,0.0,-0.23,-8.25,43.8,-24.9
-1004.88,-42.48,0.0,-2.02,-1.35,-1.92,-7.5,43.5,-23.4
-1002.44,-52.25,-4.88,0.24,-0.69,3.07,-8.7,42.75,-23.85
-1001.46,-47.85,6.35,2.0,-1.31,-0.58,-9.0,43.5,-23.85
-989.75,-45.41,2.93,-1.18,-0.49,-0.94,-9.0,43.8,-24.9
-995.12,-47.85,2.44,-0.55,-0.25,-3.37,-7.8,43.95,-24.75
-991.21,-42.97,9.77,0.47,-0.89,-1.69,-7.95,43.05,-24.9
-1007.32,-67.87,13.67,0.06,-0.82,1.5,-8.25,43.5,-25.65
-994.14,-44.43,6.35,-1.05,2.05,-0.17,-7.5,43.8,-25.2
-995.61,-55.18,15.63,-0.03,2.95,-0.75,-8.85,43.2,-23.55
-1001.46,-64.45,8.79,1.68,-1.32,0.39,-7.95,43.5,-25.65
-984.38,-66.41,0.49,-0.01,-0.69,2.63,-8.7,43.05,-23.85
-995.12,-64.94,3.42,0.18,1.02,-0.5,-7.35,43.65,-24.3
-998.05,-52.25,-7.81,-0.27,0.27,-0.88,-9.15,44.4,-23.55
-989.75,-51.76,0.98,1.09,-0.37,1.89,-9.3,43.8,-24.15
-1002.44,-55.66,1.46,0.5,0.48,2.91,-7.5,43.5,-24.45
-1002.93,-58.11,3.91,0.95,-0.26,-1.35,-8.85,42.15,-23.55
-998.05,-46.88,2.93,-0.21,-0.25,-1.35,-8.7,42.3,-24.9
-1007.81,-54.2,5.37,1.38,0.89,3.44,-7.05,43.65,-24.3
-996.09,-48.34,-7.32,1.95,-1.44,2.18,-9.15,43.95,-24.75
-1000.49,-56.15,3.42,0.59,3.02,-1.43,-8.25,43.5,-25.2
-1000.49,-52.73,-4.39,-0.4,0.67,1.54,-9.6,42.45,-25.35
-1008.3,-52.25,9.77,0.11,-0.95,2.64,-8.7,43.8,-24.15
-993.65,-50.29,11.23,0.8,-1.14,1.06,-7.5,42.75,-24.45
-991.21,-54.2,4.39,-1.59,0.55,-0.05,-7.2,43.05,-25.2
-1003.42,-52.25,9.77,-0.41,2.5,-2.45,-9.0,42.75,-24.45
-985.35,-69.82,-3.42,1.53,0.96,-1.98,-9.75,42.75,-24.15
-994.63,-57.62,6.84,2.27,-0.18,2.47,-8.1,43.2,-23.55
-1001.95,-59.57,3.42,2.48,-1.07,0.65,-8.4,43.2,-24.3
-998.05,-48.34,2.93,-1.43,2.82,-2.38,-8.85,42.15,-24.75
-1002.44,-57.13,6.35,-1.69,0.73,-4.99,-7.5,44.25,-25.95
-1004.39,-54.2,8.79,1.34,-2.24,0.53,-8.4,43.65,-24.75
-997.07,-45.9,17.58,2.28,-1.47,2.12,-8.4,43.2,-24.0
-995.12,-55.18,5.86,-0.82,-0.97,-0.84,-8.85,42.9,-23.25
-996.58,-53.71,5.86,-0.28,3.04,-0.39,-8.4,43.95,-24.75
-998.05,-72.27,-1.46,1.29,-0.62,3.0,-8.4,42.9,-24.75
-1000.0,-64.45,6.84,0.27,-3.14,0.98,-9.6,42.9,-24.75
-1005.37,-44.43,6.35,-2.08,-0.82,-1.49,-9.6,43.65,-25.35
-1002.44,-54.69,1.46,-2.73,3.29,0.1,-7.8,44.4,-25.05
-1002.93,-45.41,4.88,0.65,-1.43,-0.11,-8.4,43.2,-23.55
-994.14,-54.2,9.77,-0.21,-1.14,0.31,-8.4,43.2,-24.75
-998.05,-51.76,12.7,0.86,0.02,2.14,-8.4,42.9,-25.05
-1006.84,-55.18,6.35,-0.39,0.18,-1.76,-8.7,43.5,-24.15
-999.02,-54.2,-3.91,0.21,1.05,-2.48,-8.25,43.05,-23.85
-1000.98,-50.29,-8.3,1.04,1.95,3.57,-8.25,43.5,-24.9
-998.54,-39.55,-0.49,1.13,-0.9,0.47,-7.8,44.4,-25.8
-1004.88,-59.08,-6.84,0.54,0.08,-0.7,-8.85,43.95,-24.75
-992.68,-41.99,6.35,-0.7,1.58,-1.42,-8.7,43.5,-25.2
-994.63,-48.83,1.46,1.67,-0.33,3.32,-7.8,42.9,-24.75
-999.02,-66.41,2.44,1.02,-0.5,1.34,-8.85,42.9,-24.75
-996.58,-60.06,2.93,-0.46,4.34,1.49,-8.4,42.9,-25.05
-1005.37,-61.04,2.44,1.47,1.45,-0.89,-8.4,43.65,-25.8
-993.65,-49.32,0.0,1.67,-2.11,0.26,-7.95,43.8,-25.2
-988.77,-55.66,2.93,1.13,0.14,1.51,-7.8,43.95,-24.0
-992.19,-46.39,5.37,-0.81,0.27,-2.08,-9.15,42.9,-24.3
-1000.49,-53.71,0.98,-1.49,-1.15,1.04,-8.7,43.05,-25.2
-1001.46,-47.85,-1.95,0.44,-0.98,-0.1,-8.85,42.9,-24.75
-1018.07,-48.83,-5.86,1.5,-1.33,-0.03,-9.0,43.8,-25.2
-997.07,-60.55,3.42,1.09,-2.1,2.18,-8.4,43.95,-25.8
-995.61,-62.01,-7.32,-1.4,0.05,-1.17,-7.8,43.95,-24.0
-1014.16,-55.66,1.95,0.21,2.28,-0.66,-10.05,44.25,-24.9
-994.63,-58.11,-2.93,0.37,-1.4,-0.6,-8.1,43.2,-24.75
-1005.37,-58.11,14.65,0.85,-0.79,0.73,-8.85,43.95,-25.8
-994.14,-56.64,5.37,1.39,-2.0,1.47,-9.15,43.95,-25.35
-1003.91,-44.92,8.79,-1.03,0.31,-1.34,-8.25,44.25,-23.85
-995.12,-58.11,-5.37,-0.08,1.0,-3.03,-8.7,42.75,-24.15
-1003.42,-58.59,11.72,1.48,0.42,2.27,-8.85,42.9,-24.3
-998.05,-43.95,5.86,0.63,-1.44,0.74,-7.5,42.75,-23.85
-996.09,-64.94,-7.32,-1.01,-0.63,-2.3,-9.0,43.5,-24.9
-999.51,-52.25,3.42,-2.08,0.68,-3.66,-8.85,43.2,-25.05
-995.61,-60.06,15.63,-0.64,0.04,-0.92,-9.0,44.55,-25.65
-1004.88,-64.94,-6.35,2.02,-1.76,0.28,-10.05,43.8,-24.9
-987.3,-49.8,-9.28,0.73,-0.89,0.35,-8.4,42.9,-25.35
-997.07,-66.89,-1.46,-1.27,0.68,-0.71,-6.9,42.75,-24.45
-990.23,-50.29,-1.95,-1.76,0.7,-1.44,-7.8,44.4,-24.3
-997.07,-52.73,-3.91,-1.11,0.76,0.41,-8.85,42.9,-25.35
-996.58,-57.62,2.93,2.43,-2.27,0.2,-7.35,43.65,-26.4
-989.26,-56.64,6.35,0.76,-0.53,1.93,-8.4,43.95,-26.1
-994.14,-54.69,-1.95,-1.37,-0.05,0.11,-8.7,43.05,-23.85
-1000.49,-60.55,-0.98,-1.47,0.87,-0.31,-8.1,43.2,-24.3
-997.56,-59.57,15.14,-1.02,0.71,-2.15,-9.75,44.55,-24.9
-987.79,-54.69,13.67,-0.5,-1.58,-2.12,-8.85,43.65,-25.8
-995.12,-51.27,-2.44,2.22,-0.07,0.78,-9.15,43.95,-25.8
-1004.39,-56.15,5.86,-2.11,2.21,0.92,-9.15,43.2,-25.05
-998.54,-54.2,1.95,0.6,0.97,-0.36,-8.85,42.9,-24.3
-990.72,-59.08,14.16,-0.1,0.49,1.37,-9.0,43.8,-25.95
-999.02,-56.15,14.16,0.25,-2.27,-0.06,-9.0,43.8,-25.2
-1001.46,-47.36,-1.95,0.86,-2.66,-0.76,-9.15,42.9,-24.75
-1004.88,-52.25,-10.74,1.04,-1.27,-2.1,-8.4,44.4,-24.0
-1003.42,-69.34,2.44,-1.12,1.45,1.43,-8.4,43.95,-24.0
-1001.95,-59.57,4.39,-1.11,1.9,-1.69,-7.95,43.5,-24.9
-1002.44,-59.57,-0.98,1.05,-1.28,-0.6,-8.7,43.5,-24.9
-996.09,-51.76,0.98,2.19,-1.06,0.51,-8.4,43.2,-24.0
-999.02,-58.59,-3.42,2.28,-0.34,1.53,-8.1,42.45,-25.05
-1001.95,-57.62,4.88,1.31,0.46,-2.31,-10.35,42.9,-24.75
-996.58,-50.29,-1.46,-1.48,-0.85,-0.5,-9.6,43.2,-23.55
-989.75,-61.04,-2.44,-0.72,1.34,-1.88,-7.8,42.9,-25.05
-988.28,-57.13,-4.39,3.03,-1.17,-0.59,-8.7,43.05,-25.2
-1002.44,-58.59,3.42,0.85,-1.36,0.75,-9.3,43.05,-24.9
-1002.44,-47.85,-8.3,1.18,-0.82,2.67,-8.7,43.05,-24.9
-989.75,-66.89,-4.88,-1.67,1.37,-1.5,-9.0,44.55,-24.9
-999.02,-55.66,7.81,-0.16,-0.42,1.57,-9.6,43.95,-26.85
-1007.81,-57.13,4.88,1.08,-1.82,2.07,-8.1,43.65,-24.3
-999.02,-55.18,1.46,2.38,-0.84,0.44,-9.0,42.3,-24.45
-991.21,-61.04,-1.95,1.39,-1.46,3.35,-8.7,44.55,-24.9
-994.14,-47.85,-4.88,-1.51,0.69,1.91,-7.8,43.2,-26.4
-998.05,-54.2,6.35,-1.4,1.02,-2.44,-8.85,43.2,-25.05
-1002.44,-55.18,0.98,1.34,0.25,-0.12,-9.0,43.5,-24.45
-1001.95,-48.83,2.44,0.43,-0.04,-0.57,-9.15,42.9,-25.35
-994.14,-57.13,-2.44,0.66,-0.64,2.57,-9.0,44.55,-25.2
-995.61,-61.52,-3.42,-0.56,1.37,-3.26,-10.05,42.3,-25.65
-995.61,-57.62,12.7,0.6,1.13,-1.42,-10.35,43.2,-24.75
-989.75,-61.52,0.98,-0.54,0.92,-3.04,-8.25,44.25,-25.65
-1002.44,-50.29,4.88,0.71,-2.02,1.58,-8.4,42.9,-25.05
-992.19,-48.34,-0.49,1.07,-0.68,2.38,-9.0,43.5,-25.2
-996.58,-53.22,-6.84,0.53,1.85,2.7,-8.25,42.75,-24.9
-989.26,-57.62,3.42,-0.85,2.55,-0.32,-7.8,44.4,-24.75
-991.7,-48.83,-1.46,0.05,1.45,-1.74,-7.8,43.2,-25.05
-1001.95,-50.78,2.93,-3.44,1.79,-1.6,-8.4,43.2,-25.35
-990.72,-62.99,7.32,1.67,-0.56,1.17,-8.25,43.05,-24.45
-1000.0,-52.25,4.39,1.98,-0.24,1.84,-8.85,43.2,-26.4
-990.23,-53.22,15.63,-1.34,1.98,-0.33,-8.7,43.5,-25.2
-1005.37,-55.18,5.37,0.24,3.84,-0.57,-9.3,42.3,-25.2
-984.38,-69.34,15.63,-1.11,1.21,-0.38,-8.4,42.9,-25.05
-990.72,-52.25,8.79,2.69,-1.06,3.73,-9.3,43.8,-24.15
-996.58,-55.18,-4.88,1.19,-0.48,0.13,-8.85,43.2,-24.3
-997.07,-60.55,5.37,1.12,1.78,3.52,-7.5,42.75,-24.45
-999.51,-59.57,8.3,0.1,0.48,-0.13,-7.95,43.8,-25.2
-1000.49,-62.99,-3.42,-1.85,1.46,-2.56,-8.1,43.95,-24.3
-1002.44,-56.15,1.95,3.12,1.05,3.15,-8.4,42.15,-24.3
-999.02,-52.73,-9.28,2.52,-2.29,1.11,-8.7,44.25,-24.45
-996.58,-49.32,18.07,0.73,-2.88,1.77,-9.6,42.45,-24.75
-998.05,-53.71,5.37,0.13,0.47,-2.15,-9.75,42.3,-25.95
-998.54,-59.57,-9.77,0.2,1.67,0.09,-8.7,44.55,-25.65
-990.72,-43.95,11.72,-3.15,-0.29,-2.9,-8.1,43.65,-25.05
-990.72,-48.83,-6.84,2.29,-2.82,3.11,-10.35,43.2,-25.05
-990.23,-60.55,15.63,-0.22,-0.77,0.07,-8.4,43.2,-25.8
-1000.0,-56.15,7.81,-0.78,-0.32,0.98,-8.85,43.2,-24.75
-1003.42,-66.41,1.46,-1.06,3.34,-0.76,-9.0,43.8,-24.45
-997.56,-61.04,7.81,0.13,-0.63,0.63,-9.6,43.95,-24.75
-1003.91,-51.27,-3.42,0.32,0.98,-2.89,-8.85,44.4,-24.0
-1000.98,-54.2,1.46,0.45,0.08,-1.2,-9.75,42.75,-24.15
-991.7,-55.18,5.37,1.99,-1.9,0.27,-7.5,43.05,-25.65
-995.12,-45.41,4.88,1.28,-1.92,0.62,-8.4,43.2,-24.3
-995.12,-46.88,14.65,-1.15,2.02,-1.24,-8.4,43.95,-25.35
-995.12,-55.18,1.95,-1.15,0.76,-1.93,-8.85,41.7,-24.0
-989.26,-55.66,-2.44,-2.01,1.51,-2.69,-9.3,43.05,-24.9
-1006.35,-56.64,-1.46,1.81,0.05,0.95,-8.85,43.2,-25.05
-996.09,-54.69,6.35,3.34,0.41,0.33,-9.15,43.95,-25.35
-976.56,-51.27,6.35,1.65,0.8,0.54,-8.85,43.2,-24.3
-1002.93,-59.08,16.6,-0.31,1.45,2.15,-8.4,43.2,-25.05
-979.0,-45.41,5.86,-0.62,1.56,0.0,-8.7,42.75,-24.45
-1001.46,-54.2,-2.93,-0.95,3.23,-2.87,-9.0,43.8,-23.85
-998.05,-63.48,-4.88,-0.95,4.42,-0.89,-9.6,43.65,-25.05
-1000.49,-53.71,-0.98,1.4,-1.12,1.82,-8.7,42.0,-25.95
-1001.95,-58.11,2.93,1.07,-0.71,1.92,-7.8,43.95,-24.3
-999.02,-60.55,-8.3,0.43,-3.21,1.78,-8.85,42.9,-24.0
-991.21,-65.92,-3.42,-0.4,-0.67,-2.76,-8.4,44.7,-25.05
-997.56,-51.76,4.88,-0.67,2.54,0.17,-8.4,40.95,-24.3
-992.68,-50.78,-3.42,-0.41,0.44,1.67,-9.6,43.95,-25.05
-997.56,-65.43,-4.39,1.33,-0.16,0.15,-8.85,42.45,-25.35
-991.21,-40.53,3.42,2.15,-1.54,1.6,-8.1,43.2,-26.1
-994.63,-46.39,4.88,1.04,-0.95,2.57,-8.1,43.65,-25.35
-1000.98,-58.59,9.77,-1.72,2.65,0.83,-8.1,43.95,-24.3
-994.63,-59.57,8.79,-0.92,3.37,-0.85,-8.1,42.45,-24.3
-993.16,-60.55,2.44,-1.06,3.02,-0.58,-9.75,42.75,-25.2
-996.58,-53.71,0.0,3.92,-0.44,1.21,-9.15,44.4,-24.3
-994.14,-49.8,-7.81,1.44,-2.01,1.28,-8.7,42.75,-24.45
-994.63,-44.92,9.77,2.03,-0.66,-1.28,-9.15,44.4,-25.35
-999.51,-61.04,4.88,1.07,-1.26,0.15,-9.0,44.55,-24.45
-992.68,-59.57,6.35,-1.56,2.76,-1.89,-7.95,42.0,-25.2
-992.68,-62.01,3.42,-0.4,0.1,-1.23,-7.2,42.75,-24.9
-993.65,-57.62,-0.98,0.73,0.84,-2.36,-9.15,43.95,-26.1
-995.61,-53.22,13.18,1.15,0.6,1.37,-8.4,44.7,-26.1
-1002.93,-43.95,13.18,0.48,1.05,0.23,-8.1,42.9,-25.35
-999.02,-50.78,7.32,0.72,-0.44,0.97,-8.25,42.0,-25.2
-992.68,-57.13,0.98,1.57,-0.61,0.13,-8.25,43.5,-24.15
-1005.37,-51.76,4.39,-0.1,-0.48,-4.24,-9.75,44.55,-25.65
-997.56,-69.82,1.95,-1.21,-1.84,-2.98,-9.0,44.25,-25.95
-1001.46,-68.36,1.46,-0.63,0.98,-1.89,-9.0,44.25,-24.15
-996.09,-56.15,-5.86,2.03,-1.34,1.62,-7.5,44.55,-25.95
-998.05,-46.39,1.95,2.17,-0.32,-0.22,-8.85,43.95,-25.35
-1001.95,-57.62,12.7,1.02,-0.18,2.37,-8.4,42.45,-24.75
-992.68,-61.04,0.49,0.82,-0.79,0.03,-7.8,42.9,-24.75
-998.05,-54.69,-3.91,1.66,-1.33,0.8,-8.4,42.45,-24.3
-987.3,-62.01,14.16,-0.82,1.05,-2.27,-9.0,42.75,-26.25
-1005.37,-50.29,3.91,-0.18,1.11,-2.9,-9.0,43.05,-25.65
-995.61,-55.66,-0.98,-1.27,0.05,2.55,-8.1,43.95,-24.0
-989.26,-46.39,-2.44,-1.6,2.19,-0.7,-9.75,43.5,-24.45
-987.79,-56.15,-15.14,2.02,-0.2,-2.44,-8.85,44.4,-25.8
-992.19,-52.25,5.37,1.56,-1.01,0.56,-8.7,42.75,-25.2
-994.14,-40.53,4.88,3.02,-2.07,1.09,-7.35,43.2,-24.75
-1001.95,-52.25,3.91,0.25,3.13,0.52,-9.3,43.8,-24.9
-1001.95,-43.95,21.0,-2.75,2.82,-2.24,-9.9,42.45,-25.8
-999.02,-44.92,9.28,-2.6,1.91,-1.89,-8.85,44.4,-26.1
-1005.37,-54.69,5.86,-2.21,1.47,1.85,-9.15,43.95,-24.3
-992.19,-53.22,1.46,1.36,-0.4,2.85,-8.25,42.75,-23.4
-996.58,-58.11,5.86,1.82,-0.17,0.89,-7.8,42.9,-23.55
-1007.81,-41.02,5.86,0.66,0.93,-1.91,-8.4,45.9,-25.05
-995.12,-62.01,10.25,0.28,-1.08,0.65,-7.95,43.5,-24.9
-997.56,-49.8,1.46,-2.88,2.67,-2.18,-8.85,43.2,-24.3
-996.09,-52.73,0.0,-0.37,1.88,-0.07,-8.4,42.15,-24.75
-1006.84,-58.59,7.81,-2.82,2.74,-2.56,-10.35,42.45,-25.35
-1001.95,-66.41,5.37,0.82,-0.44,0.18,-9.0,42.75,-24.9
-992.68,-51.27,2.93,1.55,0.26,0.56,-8.7,43.8,-24.45
-1005.37,-69.82,2.44,2.91,-2.48,1.02,-9.6,40.95,-25.35
-997.56,-53.71,5.86,-0.53,-1.32,2.73,-9.15,43.2,-25.35
-1003.91,-58.11,-3.42,0.3,2.63,0.6,-9.0,44.25,-25.65
-1006.35,-59.08,11.72,-1.93,-0.33,2.44,-8.25,43.05,-25.65
-979.98,-41.99,0.98,0.57,-1.56,-2.55,-9.3,43.05,-24.9
-990.23,-57.13,2.93,-0.87,3.05,-1.08,-8.25,43.5,-23.4
-1008.79,-58.59,3.91,-0.99,0.6,-1.35,-9.15,42.45,-24.75
-997.56,-54.69,1.95,0.77,-1.85,-0.56,-9.0,43.8,-24.45
-1004.88,-56.64,0.0,2.45,-2.37,2.27,-8.1,42.9,-24.3
-998.54,-54.69,-5.86,1.11,-3.22,1.74,-8.7,43.05,-23.4
-995.61,-52.25,6.84,0.36,0.89,-1.58,-8.4,44.4,-24.75
-988.77,-43.95,7.32,-2.11,2.1,-2.01,-10.05,41.55,-25.65
-1002.44,-50.78,5.86,-1.42,-0.03,-2.6,-9.6,42.45,-24.75
-984.38,-50.78,2.44,-2.23,1.66,-2.04,-9.0,42.75,-24.45
-993.16,-49.32,-7.81,0.31,0.37,-0.61,-9.0,43.5,-25.65
-994.14,-54.2,3.42,0.02,-0.23,2.4,-8.25,42.3,-23.85
-1004.88,-47.85,-3.91,-0.25,-0.24,3.46,-8.85,42.9,-25.35
-992.19,-66.89,0.98,1.03,0.6,-1.53,-8.85,43.2,-24.75
-981.93,-56.15,6.84,0.79,-0.26,-1.11,-9.15,43.65,-25.35
-998.05,-56.15,-2.93,-0.84,1.94,-1.85,-9.3,43.05,-24.45
-999.51,-45.9,9.77,-1.41,3.71,-0.9,-9.0,44.25,-24.45
-990.23,-53.71,4.39,-1.27,2.25,0.53,-9.15,44.4,-25.8
-1003.42,-51.76,-1.95,-0.81,1.07,1.47,-9.0,43.5,-24.9
-1001.46,-53.71,5.86,1.2,-0.37,1.12,-8.7,43.05,-24.45
-1003.91,-57.62,7.81,1.46,-1.22,2.01,-9.0,42.75,-25.2
-992.68,-60.55,6.35,2.33,-0.05,1.02,-9.6,43.2,-24.3
-1007.32,-54.69,7.32,3.66,-3.04,1.24,-7.95,43.5,-25.65
-995.12,-51.27,4.88,-2.09,1.05,-2.72,-8.4,44.7,-25.8
-992.19,-50.29,4.88,-1.29,0.77,-0.76,-9.15,43.65,-25.05
-1006.35,-51.76,2.93,0.53,1.76,-0.79,-8.4,43.65,-24.75
-1003.91,-52.73,3.91,-2.34,0.52,-0.36,-8.25,43.8,-25.65
-985.84,-54.69,9.77,1.39,-0.05,-1.08,-9.0,42.3,-24.45
-982.91,-54.69,12.21,2.24,-2.32,1.5,-9.6,43.65,-24.0
-1004.39,-48.83,4.88,2.79,-2.3,1.66,-9.3,43.5,-24.9
-1004.88,-58.11,8.79,0.89,-0.94,1.36,-9.0,44.25,-24.45
-1003.91,-56.64,0.0,-1.27,0.82,-1.47,-8.1,43.2,-24.3
-1005.37,-58.11,-1.95,-0.78,0.56,0.45,-9.3,43.5,-24.45
-995.61,-55.18,3.42,0.15,2.61,1.57,-8.25,43.05,-23.85
-1000.0,-51.76,-4.39,-0.44,2.57,-3.34,-7.35,42.9,-24.3
-993.16,-54.2,13.67,0.24,-1.13,0.63,-8.1,42.9,-24.75
-999.51,-59.08,15.63,1.73,-0.16,-0.85,-8.1,42.15,-23.25
-981.93,-46.88,-3.91,2.78,-0.54,0.83,-8.1,43.95,-24.3
-1000.0,-67.38,6.84,-0.52,-1.6,-0.08,-9.3,42.75,-25.2
-1005.86,-47.36,1.95,0.97,-1.59,-1.43,-8.85,43.2,-24.3
-993.16,-54.69,3.42,-1.66,1.99,-0.34,-9.9,43.65,-25.05
-1003.42,-57.13,-3.42,0.18,1.27,-0.01,-8.25,42.75,-24.15
-992.68,-65.43,-10.25,-1.17,0.53,-0.56,-8.7,42.0,-25.65
-994.63,-45.9,15.14,-0.02,0.51,-0.14,-8.7,42.75,-24.9
-991.7,-40.53,10.74,1.13,-1.76,0.48,-9.15,43.65,-24.75
-993.16,-52.73,-7.81,0.27,-1.18,3.73,-8.7,43.8,-25.2
-1008.79,-64.94,15.63,0.4,1.69,-3.19,-8.7,43.8,-25.65
-999.02,-54.2,3.42,1.24,0.19,1.05,-7.05,43.65,-24.3
-996.58,-57.13,9.77,1.91,0.4,1.66,-8.4,43.65,-25.35
-985.35,-49.32,4.39,1.56,1.62,0.56,-9.0,43.5,-25.65
-1002.93,-64.94,4.39,-1.08,-0.11,-0.5,-7.5,43.05,-24.45
-997.07,-56.64,2.44,-1.67,0.55,-2.23,-7.8,43.95,-26.1
-996.58,-57.13,9.77,-1.98,1.97,-0.69,-9.6,42.9,-24.3
-990.72,-47.85,3.42,-1.6,2.6,1.9,-8.1,43.2,-25.35
-1000.49,-57.13,2.44,-1.77,1.69,-3.46,-9.3,42.75,-26.7
-997.07,-62.99,-11.72,-2.06,0.89,-2.09,-10.05,43.8,-25.65
-989.26,-64.94,10.74,-0.43,0.18,-0.99,-8.7,43.05,-24.9
-996.09,-49.8,11.23,1.6,-0.52,0.11,-9.0,43.05,-24.45
-994.63,-51.27,6.84,2.13,1.5,0.98,-7.8,42.9,-26.1
-1001.46,-55.18,-1.95,1.0,-1.15,1.27,-8.25,42.75,-24.9
-996.09,-61.04,7.32,2.08,0.24,0.66,-8.1,43.95,-24.75
-997.56,-53.71,3.91,1.54,-0.58,3.87,-9.15,43.65,-25.8
-1015.14,-54.69,4.39,0.71,-1.02,0.34,-9.3,44.55,-25.2
-992.19,-60.06,19.04,-2.71,-0.51,-0.49,-9.0,44.25,-24.45
-998.54,-49.32,0.49,-0.76,-1.01,-0.02,-7.5,43.8,-23.85
-994.63,-59.08,9.77,0.29,-0.06,-3.04,-8.85,42.9,-24.75
-994.63,-63.96,-0.98,-0.18,-0.5,-0.85,-8.85,44.4,-25.35
-1000.49,-54.69,8.79,-0.95,2.78,-2.02,-8.4,43.65,-24.75
-1001.95,-48.34,-0.98,0.11,0.68,1.33,-9.0,45.3,-25.65
-993.16,-74.22,7.32,0.71,-1.03,2.77,-8.4,43.95,-24.75
-1001.95,-51.27,7.81,2.5,0.19,1.38,-9.9,43.2,-25.05
-995.61,-45.9,-0.49,0.17,-0.93,1.83,-8.4,43.65,-24.75
-993.65,-51.27,-1.46,1.37,-0.56,0.05,-8.7,43.5,-24.45
-997.07,-46.88,1.95,0.42,-0.78,1.46,-9.3,43.05,-25.2
-990.23,-54.2,11.23,0.81,-3.2,1.32,-8.85,42.15,-25.35
-1001.95,-60.06,6.84,0.16,-0.47,4.13,-9.15,43.95,-24.75
-1002.44,-50.29,11.23,1.21,-0.24,1.79,-9.0,43.05,-25.2
-989.75,-48.34,1.46,-1.07,0.5,2.35,-8.1,42.75,-24.9
-982.42,-60.06,13.67,-0.91,1.84,-1.23,-8.1,43.2,-25.05
-1006.35,-50.78,9.28,-0.73,0.34,-1.03,-8.1,43.2,-27.15
-998.54,-52.73,3.91,-0.92,2.9,-1.86,-7.8,43.65,-25.05
-1007.32,-50.29,5.86,-1.71,1.75,-2.51,-8.4,43.2,-23.55
-984.38,-58.59,5.86,-0.33,-1.63,-1.64,-8.7,43.05,-25.65
-1001.46,-47.85,8.79,-1.16,4.34,-2.34,-9.3,43.05,-25.95
-1001.46,-46.39,-3.91,0.53,0.71,-0.03,-8.25,43.5,-24.9
-1001.95,-48.83,-6.35,2.31,-1.4,1.56,-7.95,44.25,-25.65
-997.07,-44.92,2.93,2.08,-1.89,-0.95,-7.8,43.95,-25.35
-997.56,-56.15,-3.91,1.72,-2.11,1.7,-8.1,43.95,-25.35
-996.58,-61.52,4.88,3.29,-0.47,-2.72,-7.8,43.2,-24.75
-994.63,-44.92,3.42,1.87,0.63,2.7,-9.6,42.9,-24.75
-1003.91,-50.78,5.37,-0.19,-1.16,-0.52,-8.4,43.2,-24.3
-986.33,-56.15,-1.46,1.53,-0.98,1.63,-9.75,43.8,-24.9
-1000.98,-59.57,-2.44,2.61,-1.21,-0.79,-8.7,42.3,-25.2
-996.58,-54.2,5.86,0.78,-1.0,2.04,-8.4,42.45,-24.3
-994.63,-57.13,-15.63,1.6,-1.53,1.15,-9.0,43.05,-24.9
-997.56,-45.41,12.21,0.54,-3.19,1.36,-9.3,43.05,-24.9
-996.09,-56.15,4.88,1.81,-0.82,2.5,-8.7,43.05,-24.45
-996.09,-50.29,3.91,-0.4,1.98,-1.4,-8.7,43.5,-23.85
-997.56,-53.71,10.74,-1.4,2.74,-2.02,-8.25,42.75,-25.65
-999.51,-52.25,6.35,-3.23,1.89,-2.66,-8.85,43.2,-25.05
-1015.63,-58.59,-6.35,1.24,2.44,2.38,-9.15,43.2,-25.35
-995.12,-61.04,-0.49,-0.56,0.27,0.04,-9.0,43.05,-24.9
-988.28,-45.9,8.3,-2.66,-0.07,0.6,-9.75,43.05,-24.15
-1000.0,-53.22,1.46,-1.53,1.99,-0.6,-9.3,43.05,-24.45
-1001.95,-53.22,1.46,-1.44,2.6,0.47,-8.85,43.95,-25.8
-999.02,-62.99,-6.35,-0.9,2.61,-1.76,-8.85,43.2,-25.8
-994.14,-56.64,9.28,-0.23,3.68,0.15,-8.85,43.65,-24.75
-999.51,-50.78,14.16,-0.63,0.9,1.81,-8.4,43.2,-24.75
-986.82,-56.15,1.46,-0.32,0.33,-1.76,-8.1,43.2,-25.8
-1004.88,-52.73,1.46,-0.24,4.72,0.9,-9.6,42.9,-25.05
-994.63,-58.11,6.84,-0.29,1.27,-0.42,-8.85,43.65,-24.0
-1002.44,-56.15,19.04,-1.76,1.08,-1.57,-9.3,44.25,-25.65
-998.05,-69.34,5.37,1.87,-2.85,2.37,-8.85,43.65,-24.75
-990.23,-58.11,-3.91,0.58,0.41,2.72,-10.05,44.55,-25.2
-989.75,-56.15,6.35,0.09,-0.95,-0.44,-9.0,43.5,-24.9
-998.54,-36.62,-2.93,1.53,0.79,1.28,-9.0,43.5,-25.95
-999.02,-59.57,9.77,1.08,-3.11,1.25,-9.0,42.75,-24.9
-1000.49,-43.46,6.84,0.15,0.5,-1.54,-9.0,42.3,-25.65
-994.14,-54.2,7.81,-0.14,-1.76,1.96,-9.0,43.05,-25.2
-996.58,-49.8,7.81,2.32,-0.69,4.12,-8.1,43.2,-25.8
-999.51,-58.59,8.79,-1.16,1.4,-0.48,-9.15,42.45,-24.75
-992.68,-63.96,-6.84,0.76,-1.11,-0.95,-8.25,43.05,-24.45
-989.26,-62.5,10.74,1.29,-0.53,-0.35,-9.15,43.2,-25.35
-986.82,-59.08,9.77,0.77,-0.16,0.63,-8.7,43.5,-25.65
-998.05,-56.15,-4.39,0.69,-0.98,-0.55,-8.7,43.5,-24.9
-990.72,-55.18,3.42,-0.34,2.97,-0.6,-8.4,42.9,-25.05
-1001.46,-49.32,-3.91,-1.22,3.25,-2.39,-8.4,43.95,-25.05
-996.58,-52.25,0.98,-1.14,4.08,-0.05,-9.6,42.45,-25.35
-991.7,-67.38,6.84,-0.47,2.16,1.16,-10.35,43.95,-24.75
-993.16,-48.83,1.46,-0.41,1.08,-0.41,-9.9,43.2,-25.35
-989.26,-64.94,9.77,-3.0,1.76,-1.5,-9.3,42.3,-24.45
-1000.98,-52.73,3.91,-0.12,0.22,-2.31,-9.15,42.15,-24.75
-992.68,-54.2,10.25,-1.3,1.5,-0.69,-8.4,43.65,-24.0
-1000.0,-57.13,16.11,1.59,0.53,-1.75,-8.25,43.05,-24.9
-993.16,-51.27,9.77,0.45,0.29,-2.76,-9.75,43.5,-25.65
-1001.46,-62.99,7.32,0.95,1.23,1.59,-7.5,43.5,-24.45
-1005.86,-49.32,9.77,-0.4,1.05,-1.14,-8.85,43.65,-25.05
-990.72,-58.59,17.09,-1.41,1.32,-1.57,-8.4,43.65,-24.75
-998.05,-63.96,3.91,-0.44,2.84,0.47,-8.7,43.05,-25.65
-987.79,-50.29,2.44,-0.9,0.65,0.45,-9.15,44.7,-24.3
-991.7,-45.9,-6.84,-0.39,3.95,-1.28,-8.1,42.9,-24.3
-990.72,-56.64,-3.91,-0.31,0.82,-1.05,-8.25,43.05,-24.45
-995.61,-60.55,-1.46,1.02,1.35,-0.92,-8.4,43.2,-24.0
-992.68,-56.64,9.77,-2.15,2.68,-3.79,-8.7,41.55,-25.65
-997.07,-56.64,6.84,-1.53,2.75,-0.58,-9.15,43.65,-25.8
-992.68,-60.06,10.25,-2.45,0.25,0.69,-9.0,44.25,-24.9
-1000.98,-52.73,-3.91,-0.44,2.18,-1.13,-10.35,44.4,-25.8
-1004.39,-68.85,-5.37,-1.18,4.36,-2.25,-8.25,42.3,-23.85
-990.23,-46.88,-14.16,0.27,0.33,-1.88,-9.15,42.15,-24.3
-997.56,-58.59,7.81,-0.82,2.03,-1.76,-9.0,43.5,-25.2
-988.28,-64.94,13.18,-1.83,0.17,-1.7,-7.2,44.25,-25.2
-1003.91,-49.8,-0.49,-2.4,0.7,0.05,-8.85,42.9,-24.0
-996.09,-53.22,-9.77,-0.95,2.66,-3.77,-9.9,43.2,-25.05
-994.14,-55.66,1.95,1.43,-0.21,-0.17,-8.85,42.9,-25.35
-1000.0,-39.55,-3.91,0.25,1.2,-3.31,-8.4,43.95,-24.3
-1001.46,-52.73,14.16,-1.54,0.49,-0.37,-9.0,42.75,-24.45
-989.75,-44.92,4.39,-1.08,3.69,-0.42,-7.95,42.0,-24.15
-989.75,-61.04,-4.88,-0.15,1.39,1.22,-9.0,44.25,-24.9
-986.33,-47.85,2.93,-1.2,0.47,-1.05,-8.7,44.25,-25.2
-997.07,-48.83,8.79,-1.69,0.05,1.29,-9.15,42.9,-24.0
-989.26,-57.13,4.88,-0.21,1.02,-0.41,-8.1,43.2,-25.35
-1001.46,-65.43,10.74,-2.91,1.2,-2.53,-8.7,44.25,-24.45
-986.33,-49.8,1.46,-1.74,-0.85,-0.06,-8.85,43.65,-25.35
-990.23,-71.78,1.95,-0.73,4.26,-1.64,-8.4,43.2,-25.35
-986.33,-49.32,4.88,-0.58,-0.02,-0.04,-8.85,43.95,-25.8
-1006.84,-56.15,8.79,0.6,5.16,1.1,-8.1,43.2,-25.05
-1001.46,-63.48,-1.46,2.25,-0.3,-1.78,-9.3,42.0,-24.15
-996.09,-60.06,2.93,-1.15,3.06,-0.47,-7.5,43.8,-24.9
-990.72,-58.59,-0.98,-0.15,-2.06,-1.99,-8.4,43.95,-24.3
-997.56,-43.46,-2.44,0.4,0.66,-0.58,-7.5,43.05,-24.15
-1005.37,-61.04,6.84,-0.18,1.63,-1.65,-9.15,43.65,-25.35
-996.09,-45.41,2.44,-1.55,0.27,-0.01,-9.0,44.25,-25.2
-1002.44,-56.64,7.81,-1.97,-0.05,-2.29,-8.4,44.7,-24.0
-998.54,-49.32,9.28,-1.57,2.37,-0.63,-8.1,44.4,-25.05
-995.12,-48.34,6.35,1.13,2.21,0.74,-9.6,44.7,-25.05
-1001.95,-52.73,4.39,0.24,-0.05,0.47,-8.25,43.8,-23.4
-1001.95,-53.71,14.16,-0.48,1.44,-3.45,-8.4,43.2,-24.75
-990.23,-45.9,5.86,-0.21,1.24,-1.28,-8.7,43.5,-24.9
-1001.95,-57.62,-0.98,-0.58,1.66,-1.85,-9.0,42.3,-25.65
-980.96,-55.18,-3.91,-2.47,2.44,0.18,-9.6,43.95,-24.75
-995.61,-58.59,3.42,1.62,-0.7,-2.18,-7.8,44.4,-25.05
-1000.98,-59.57,-1.95,-0.31,0.4,-2.66,-9.3,43.05,-25.2
-994.14,-62.5,10.74,-1.31,-1.59,0.0,-8.25,43.8,-24.9
-1001.95,-52.73,14.16,-2.63,3.26,-2.24,-9.6,43.65,-24.0
-999.51,-59.57,-2.93,0.4,1.38,-1.6,-8.1,43.95,-25.35
-1006.84,-48.83,5.86,1.12,0.19,0.11,-9.0,43.5,-25.2
-995.12,-58.59,-9.77,-1.72,0.71,-0.79,-8.25,43.8,-25.65
-1001.95,-53.71,3.42,-1.5,1.89,1.69,-8.4,43.65,-25.35
-999.02,-54.69,14.65,-1.0,0.82,-0.94,-9.6,43.95,-25.35
-1000.0,-49.32,-3.91,-2.09,1.46,-1.4,-9.6,43.2,-25.35
-1001.95,-55.66,18.07,-1.15,1.62,-3.12,-8.1,43.95,-24.75
-1005.86,-61.52,6.84,0.79,1.32,-1.54,-8.7,43.05,-25.95
-996.58,-49.32,7.32,-1.52,3.46,1.09,-8.25,43.5,-24.9
-986.82,-52.73,2.44,-0.55,-0.53,0.15,-7.5,43.5,-25.65
-989.75,-55.66,3.42,-1.1,2.93,-3.37,-8.25,44.55,-24.45
-996.09,-51.27,0.49,-1.45,1.43,-0.34,-8.4,44.7,-25.8
-993.65,-58.59,-2.44,0.44,-1.05,-0.85,-8.7,43.05,-24.45
-984.38,-68.36,-14.16,-1.89,2.58,-0.06,-8.85,42.9,-25.35
-992.19,-47.85,7.32,-1.03,1.56,-1.65,-8.7,43.5,-25.2
-1007.32,-54.2,5.37,0.53,2.0,-1.21,-7.8,44.4,-25.8
-1003.42,-48.34,8.3,1.92,0.68,2.46,-8.1,43.2,-26.1
-1004.39,-60.06,-1.46,1.15,0.34,-0.66,-9.6,42.45,-25.35
-1000.49,-53.22,-2.93,1.82,2.39,1.78,-8.4,44.7,-26.4
-999.02,-59.08,-11.23,0.91,-1.58,1.73,-7.95,42.75,-25.2
-994.14,-46.88,0.0,0.53,-1.18,1.65,-9.3,43.5,-24.9
-1014.65,-49.8,-2.44,2.44,1.8,3.19,-8.7,43.8,-24.45
-995.61,-52.25,8.3,1.21,-2.42,0.98,-8.25,43.5,-25.65
-995.12,-52.25,8.79,1.3,-1.17,-0.42,-7.95,43.5,-24.9
-997.07,-60.06,5.37,1.49,-0.91,2.51,-9.75,43.05,-24.9
-996.58,-48.34,-0.49,1.8,-1.63,-0.08,-10.65,44.7,-24.75
-999.02,-61.04,0.0,0.85,-0.85,-0.28,-8.4,43.65,-25.8
-994.63,-62.01,-3.42,2.53,-0.6,3.76,-8.7,43.5,-24.15
-991.21,-60.06,0.98,2.63,-0.41,3.05,-9.3,43.8,-24.15
-999.51,-59.57,0.49,1.91,-0.74,-2.5,-8.25,42.75,-24.9
-996.58,-48.83,7.32,0.22,0.64,0.32,-7.95,43.5,-24.45
-1007.32,-59.08,17.09,3.78,-1.15,-2.48,-8.1,43.65,-25.8
-988.77,-48.83,4.39,-0.47,2.48,0.27,-7.95,43.05,-25.65
-985.35,-67.38,9.77,-1.94,1.93,-1.39,-9.0,42.3,-26.25
-1000.98,-62.01,11.72,0.19,3.6,-1.06,-8.25,44.25,-23.4
-995.61,-63.96,-3.91,-1.07,1.57,-2.18,-7.35,43.95,-25.35
-999.51,-62.5,-0.98,0.76,0.69,-1.19,-9.0,45.0,-24.45
-987.3,-59.08,-1.46,-1.23,-0.17,-1.13,-8.25,43.05,-24.45
-997.56,-56.64,-2.44,-0.09,2.4,-0.96,-7.05,44.4,-24.3
-993.65,-61.52,8.3,-2.29,-0.43,-1.37,-6.9,44.25,-24.15
-1000.49,-65.92,-0.98,-3.1,1.35,-0.66,-8.1,43.2,-25.35
-991.21,-41.02,1.95,-0.17,0.62,0.33,-7.8,45.45,-26.1
-999.02,-49.8,-3.42,0.83,0.42,-2.89,-7.2,44.25,-24.9
-1001.95,-45.41,-2.44,-0.58,2.5,-0.55,-7.05,43.95,-25.35
-998.05,-55.66,16.6,-2.4,3.4,-1.2,-6.45,43.05,-26.7
-992.19,-57.13,-1.46,1.21,-0.49,1.23,-6.6,43.95,-27.15
-995.12,-53.22,10.74,1.05,-1.37,1.69,-7.8,43.65,-27.15
-1011.23,-50.29,1.95,3.26,0.83,0.95,-6.9,42.75,-25.95
-999.02,-61.52,4.88,1.53,0.69,1.34,-7.8,43.65,-26.1
-1005.86,-57.62,-4.88,2.3,-0.87,0.21,-9.0,42.75,-27.0
-993.16,-62.99,3.42,1.48,0.78,1.27,-6.9,42.75,-26.25
-962.89,-44.43,10.74,-0.01,-0.41,0.73,-7.95,43.8,-26.25
-997.56,-69.82,6.84,2.2,-2.1,-0.04,-8.85,43.2,-25.8
-1005.37,-62.5,13.67,-0.28,-1.24,0.82,-8.7,42.75,-26.7
-990.23,-59.08,1.95,-0.21,-1.15,-0.16,-6.6,42.9,-25.8
-1000.0,-53.71,2.93,2.13,-0.11,1.51,-8.85,43.2,-25.35
-992.19,-62.99,-2.93,2.29,1.48,1.58,-7.8,42.9,-26.1
-993.16,-49.32,7.32,3.1,-0.29,-0.76,-8.7,42.3,-26.7
-988.77,-58.59,-3.42,1.65,-0.86,0.22,-7.95,42.75,-26.7
-998.05,-57.62,-0.49,-1.02,2.62,0.27,-9.15,43.65,-26.1
-994.14,-54.69,-4.39,0.24,-0.36,0.01,-7.2,42.75,-25.2
-1002.44,-49.8,18.55,-0.15,2.11,-3.01,-8.4,43.2,-25.8
-998.54,-46.88,7.32,0.38,1.97,-2.71,-7.35,42.45,-25.35
-996.09,-54.69,-5.37,-0.56,3.02,1.44,-8.1,43.2,-26.1
-987.3,-57.13,-3.91,-2.55,0.56,-0.86,-9.3,41.55,-25.95
-997.07,-51.76,2.93,0.21,1.45,0.29,-7.95,42.75,-25.95
-995.61,-62.01,7.81,-1.37,0.89,-0.27,-8.7,43.05,-25.2
-988.28,-61.52,0.98,0.28,-0.94,-0.19,-8.7,44.25,-25.2
-994.14,-62.01,-6.35,1.44,0.08,0.45,-7.8,42.9,-25.35
-996.09,-52.25,-5.86,-0.5,0.27,0.25,-9.0,44.25,-26.7
-998.05,-62.01,-0.98,1.17,-0.73,0.73,-8.85,43.95,-26.4
-990.23,-59.57,-2.93,2.05,-0.44,1.01,-8.4,42.45,-26.4
-1000.98,-54.2,7.32,2.24,-0.24,-0.21,-9.0,42.75,-25.95
-998.05,-61.04,-4.39,-1.08,1.53,1.5,-7.8,42.45,-25.8
-1007.81,-51.76,-7.81,-1.41,1.29,0.3,-8.4,42.9,-26.4
-998.05,-54.2,-3.42,-0.85,-0.66,2.14,-8.25,42.0,-26.25
-997.07,-41.5,19.04,0.73,-0.17,-0.08,-7.95,43.05,-26.7
-1000.49,-48.83,-7.81,-0.88,1.35,-0.42,-7.8,42.9,-26.85
-996.09,-50.29,1.95,1.02,-0.24,0.12,-9.0,43.8,-26.25
-1004.39,-44.43,8.79,-0.74,0.92,-1.96,-7.8,42.15,-26.1
-998.05,-56.15,0.49,0.85,-0.82,0.9,-7.35,43.2,-25.35
-1003.91,-45.9,13.18,0.7,0.87,-0.17,-8.4,43.2,-26.4
-1000.98,-50.29,-0.49,0.18,0.84,1.34,-8.85,42.15,-26.1
-986.82,-55.66,-4.39,0.97,-0.69,3.42,-8.7,43.05,-27.3
-1006.35,-60.55,-4.39,1.91,1.15,2.99,-8.25,43.8,-27.0
-1004.88,-48.83,2.93,1.33,-0.23,0.56,-9.3,43.8,-26.25
-1001.95,-57.62,3.42,-0.09,0.68,2.11,-8.1,43.2,-26.85
-998.05,-54.2,-10.74,0.23,-1.24,2.65,-7.2,44.25,-26.25
-1008.79,-53.71,-6.35,-0.87,0.34,-0.18,-9.15,42.45,-26.1
-995.61,-56.64,-0.49,-0.32,4.08,-1.65,-8.7,42.3,-25.95
-1001.46,-55.66,6.84,-1.66,2.39,-0.25,-8.1,43.2,-26.85
-1003.42,-60.55,8.3,-1.02,0.61,0.42,-8.4,42.45,-25.35
-998.54,-63.48,3.42,-0.98,3.16,-1.07,-8.25,43.8,-25.2
-1000.0,-56.15,1.46,0.21,3.23,-1.97,-8.7,42.0,-25.2
-994.14,-60.06,5.37,-0.6,2.28,1.05,-9.0,42.75,-26.25
-1006.84,-62.99,14.65,2.03,-0.21,1.06,-8.7,42.75,-26.25
-995.61,-55.18,13.67,2.23,-1.25,1.53,-10.05,43.8,-26.7
-986.82,-51.27,-0.49,1.98,-1.53,0.64,-8.7,42.75,-25.2
-1006.84,-49.32,-3.91,2.35,-0.11,0.98,-8.7,42.3,-26.25
-996.09,-60.55,-2.44,0.27,-0.64,-1.2,-9.0,43.8,-27.3
-1000.0,-50.78,-8.79,1.24,-2.14,0.27,-7.5,41.55,-27.0
-990.72,-58.11,6.35,-0.95,1.88,-0.55,-8.1,42.9,-28.2
-1000.49,-59.57,3.91,1.13,0.27,-0.26,-7.2,42.0,-26.25
-999.02,-59.08,4.39,1.85,2.0,-2.67,-8.4,41.7,-26.85
-1000.98,-57.13,0.49,-0.15,-0.37,-4.05,-8.25,43.5,-26.7
-1003.91,-61.04,-3.91,0.39,1.27,-0.89,-8.4,42.45,-26.4
-1002.93,-52.73,10.74,1.75,1.27,1.33,-8.1,42.9,-25.8
-1003.42,-52.25,13.18,-1.04,0.29,-2.87,-9.15,42.45,-26.4
-995.12,-61.04,0.98,1.27,-0.59,0.78,-8.1,42.45,-26.1
