19.04,-113.28,-989.75,-0.26,-2.46,4.06,-44.25,44.25,-68.7
19.53,-110.84,-998.05,1.89,-0.41,0.63,-44.4,45.45,-69.6
25.88,-104.98,-995.12,2.41,0.1,4.08,-44.4,44.4,-69.9
18.07,-105.96,-1006.84,1.27,-1.44,3.75,-44.1,43.95,-69.15
10.25,-109.38,-1000.0,1.56,-1.87,2.73,-44.55,43.8,-70.05
18.07,-104.0,-999.51,2.12,-0.87,2.07,-45.45,44.7,-68.55
8.79,-110.35,-1014.16,-0.41,1.48,0.35,-44.1,43.95,-68.1
21.97,-98.63,-989.75,-3.17,-1.16,-0.44,-43.65,44.4,-69.15
17.09,-118.65,-996.09,-0.7,2.76,1.7,-45.3,43.5,-69.45
23.93,-108.4,-1002.93,-0.44,0.87,-1.57,-45.75,43.05,-70.05
30.76,-119.14,-1000.98,-1.78,0.17,0.77,-45.3,44.25,-68.7
27.83,-101.56,-1001.46,1.48,-0.37,1.27,-43.35,43.95,-70.95
11.23,-109.38,-1006.35,2.46,-1.09,4.05,-44.85,43.65,-69.15
21.97,-112.3,-995.61,2.02,-3.99,1.73,-45.9,43.2,-69.6
14.65,-117.68,-1009.77,-0.29,-1.02,-0.65,-44.85,43.2,-69.15
10.74,-101.56,-1004.88,1.44,-1.89,1.18,-44.55,44.25,-70.05
5.86,-106.93,-993.16,2.18,-1.66,4.03,-45.0,43.5,-69.45
21.97,-130.37,-998.54,0.08,2.13,-1.12,-43.95,43.05,-69.75
23.44,-104.49,-1002.93,-0.08,2.42,-0.18,-44.25,45.3,-69.45
15.14,-113.28,-981.93,-0.81,2.44,-2.51,-45.0,45.0,-69.75
4.39,-111.82,-1011.72,-0.37,2.69,0.08,-43.65,44.7,-70.65
35.64,-104.49,-1000.98,0.92,0.66,0.72,-43.2,44.25,-69.0
18.55,-115.72,-1006.35,2.4,-2.97,-1.53,-44.1,43.65,-70.65
33.69,-105.96,-1014.65,0.89,1.47,-0.8,-44.4,43.65,-68.85
25.39,-106.45,-993.16,1.15,-1.83,2.12,-45.45,45.15,-69.9
17.09,-97.66,-1012.21,0.12,0.56,1.63,-45.3,43.8,-70.05
22.46,-107.91,-995.12,1.58,-0.15,-0.58,-45.15,43.65,-69.9
17.58,-102.54,-1001.95,-0.14,1.44,-1.22,-44.55,45.45,-70.65
22.95,-119.63,-1005.37,-1.43,1.98,-1.48,-44.85,43.65,-69.15
18.07,-110.84,-999.51,-0.52,1.38,-1.73,-44.1,43.95,-69.6
24.9,-106.93,-995.12,0.15,1.77,0.28,-44.1,43.95,-69.15
19.04,-98.63,-1008.3,-0.43,-2.1,2.02,-44.1,44.4,-69.15
15.14,-113.77,-996.58,3.5,-4.47,0.47,-44.85,44.7,-70.65
12.21,-109.86,-992.68,3.47,-1.69,0.46,-44.4,45.15,-68.85
31.74,-112.79,-998.54,2.76,-1.92,2.01,-44.4,43.95,-69.6
9.28,-112.79,-1002.44,2.58,-1.75,0.7,-45.15,45.15,-69.6
22.46,-104.0,-999.51,1.04,2.24,1.97,-45.9,43.95,-69.6
9.77,-108.89,-991.21,-0.51,-1.39,-1.26,-44.25,45.3,-68.7
21.97,-106.93,-1014.16,-0.56,2.79,-0.57,-44.1,43.95,-69.6
5.86,-107.91,-994.63,-0.84,1.16,0.82,-44.85,43.95,-69.6
17.09,-109.86,-991.7,0.28,1.5,0.59,-44.85,44.7,-68.85
14.16,-111.33,-1008.79,1.47,-0.91,-0.56,-45.0,44.55,-68.4
12.21,-114.26,-1012.7,2.18,-0.36,-0.76,-44.55,43.5,-69.45
20.51,-106.45,-1004.39,0.79,0.68,1.3,-45.15,44.7,-68.55
20.02,-105.96,-1001.95,0.57,0.95,0.83,-44.85,43.95,-69.6
14.65,-111.82,-1004.39,-0.95,0.8,-2.16,-44.55,43.05,-69.75
16.11,-100.59,-1002.93,-1.53,-0.79,-1.57,-43.95,44.25,-69.75
11.23,-113.77,-1009.28,1.33,-0.54,1.71,-45.75,43.8,-69.75
20.51,-110.35,-996.09,-0.37,1.0,-1.02,-43.65,45.45,-68.85
15.63,-116.21,-1005.37,0.36,0.46,0.23,-45.75,44.25,-69.45
16.11,-113.28,-1006.35,2.14,-0.4,5.22,-43.95,43.8,-70.05
23.44,-113.77,-1001.46,0.57,-1.26,-1.06,-44.4,43.65,-70.65
25.39,-107.91,-1003.91,4.24,-0.2,-0.15,-44.25,43.05,-68.7
16.6,-99.12,-992.68,0.56,-2.9,2.28,-44.1,44.7,-68.55
14.65,-114.75,-1000.0,-0.63,0.95,-0.27,-44.55,43.8,-69.0
7.81,-118.16,-999.02,-1.73,1.08,-2.42,-45.0,45.0,-69.45
11.72,-97.66,-1000.0,-1.34,1.05,-1.04,-45.3,43.05,-69.45
15.14,-106.93,-994.14,-0.35,1.39,1.6,-44.85,44.4,-69.15
21.48,-110.84,-1003.91,-0.11,1.21,1.15,-45.0,44.25,-69.0
16.6,-120.61,-1002.93,0.58,-0.6,0.7,-43.95,45.3,-69.45
25.88,-105.96,-1001.95,1.02,-0.73,1.79,-44.85,44.7,-69.6
12.21,-105.47,-1001.46,0.67,0.18,0.32,-45.45,43.65,-68.1
24.41,-103.03,-1004.88,1.27,0.53,1.93,-44.25,43.5,-69.45
14.65,-97.66,-981.45,0.16,-2.52,1.87,-45.0,43.5,-69.45
20.51,-108.4,-1007.32,-2.66,4.46,-0.11,-45.0,42.75,-69.0
23.93,-102.54,-990.23,-0.12,-1.9,1.29,-44.55,44.55,-69.45
20.02,-100.59,-991.21,-0.63,1.97,0.4,-44.55,44.25,-70.5
11.72,-105.47,-993.16,-2.01,1.25,-2.89,-43.65,44.7,-69.15
24.41,-113.77,-997.07,0.07,3.43,-2.63,-45.15,43.2,-69.9
15.63,-105.47,-999.51,2.82,-2.76,2.29,-43.35,44.7,-69.6
17.58,-114.26,-1011.23,1.2,-2.37,-0.43,-43.5,46.05,-69.75
9.28,-109.38,-999.02,1.08,-2.99,1.21,-44.85,42.45,-69.15
1.95,-115.72,-994.14,1.66,-0.02,0.73,-44.4,44.7,-69.6
29.79,-108.89,-995.61,-0.17,0.69,0.19,-44.4,43.2,-70.35
25.88,-112.3,-1003.42,-0.92,1.7,0.1,-44.1,45.45,-70.35
16.11,-114.26,-1003.42,-1.37,1.42,-1.61,-44.85,43.95,-67.8
24.41,-108.4,-1004.88,0.05,1.96,-0.53,-43.95,43.5,-70.05
8.79,-112.3,-991.21,0.59,2.78,0.77,-45.15,44.7,-69.9
20.02,-109.38,-997.07,2.6,-0.63,0.5,-44.25,44.55,-69.45
24.9,-108.89,-996.58,1.32,0.28,4.21,-45.15,45.15,-68.55
16.6,-111.33,-1002.44,1.65,-1.47,4.02,-44.55,43.05,-68.7
21.48,-101.07,-994.63,0.54,-1.91,2.03,-45.45,44.7,-70.35
9.77,-107.42,-1007.32,3.35,-1.22,1.21,-45.0,44.55,-69.75
25.39,-113.28,-1008.3,2.08,1.22,-1.77,-44.4,44.4,-69.9
21.0,-110.84,-994.14,-0.59,-0.16,0.98,-46.05,45.0,-69.75
7.81,-115.23,-1005.37,0.22,0.47,-0.39,-43.95,43.8,-69.0
24.9,-97.17,-1004.88,-0.14,-2.0,-0.92,-45.15,44.4,-69.15
16.6,-111.33,-1007.32,-2.5,0.49,-1.63,-44.55,43.5,-69.0
14.16,-104.49,-996.58,-1.25,1.13,-0.21,-43.95,44.25,-70.05
17.09,-111.33,-1007.32,2.37,0.11,2.34,-45.0,43.8,-69.0
22.95,-103.03,-1015.63,0.24,-1.98,0.33,-44.1,45.45,-69.15
10.74,-109.86,-1013.67,2.76,0.5,-1.19,-43.95,44.25,-69.0
6.84,-103.03,-1008.79,1.16,-2.16,1.55,-44.55,43.8,-69.45
9.77,-105.47,-1000.49,2.76,-0.72,-0.99,-44.55,44.55,-69.75
17.58,-118.16,-1001.95,1.1,0.01,0.35,-42.6,44.4,-68.55
23.93,-115.72,-1001.46,-0.86,3.42,-2.63,-45.3,44.25,-69.0
25.39,-109.38,-1003.42,-0.39,2.24,-0.34,-45.0,44.25,-70.5
26.86,-116.7,-1006.35,-1.37,3.37,-1.48,-44.4,45.15,-69.6
17.09,-108.4,-1003.42,-0.07,3.1,-0.43,-46.2,43.95,-69.15
13.18,-112.79,-997.56,-0.73,0.14,-1.69,-45.3,43.8,-69.45
13.18,-102.54,-999.02,0.78,3.09,-1.37,-45.45,43.95,-68.1
22.46,-106.93,-991.7,0.02,0.32,1.56,-44.55,43.5,-68.7
11.23,-109.38,-1007.32,1.05,0.82,2.26,-44.4,43.2,-69.15
24.41,-112.3,-1002.44,2.73,-0.04,2.3,-45.15,44.4,-70.65
13.18,-105.96,-1000.0,1.71,-1.08,-1.53,-45.0,45.0,-69.45
18.55,-105.47,-996.58,-1.22,-0.11,-0.67,-45.15,43.65,-69.9
29.79,-109.38,-1005.86,0.23,1.53,-1.24,-44.85,43.95,-69.45
10.25,-105.96,-1011.23,0.22,-1.53,-0.6,-45.0,43.8,-69.75
12.21,-105.96,-1013.18,-0.84,1.43,-0.87,-44.55,43.5,-69.75
7.32,-104.0,-1010.74,0.72,0.37,-1.6,-44.25,45.0,-68.4
17.58,-107.91,-997.07,1.61,-0.1,1.61,-46.2,42.15,-70.65
27.83,-116.21,-993.16,1.42,-3.34,-1.95,-43.65,43.95,-70.35
22.46,-114.75,-1001.46,2.72,1.37,0.89,-44.55,43.05,-70.05
20.02,-108.89,-1008.3,2.6,-0.97,-1.21,-45.0,44.55,-69.45
19.53,-120.61,-995.12,-0.54,-1.0,-0.08,-44.85,44.4,-68.85
12.21,-102.54,-990.72,1.73,-1.24,-0.44,-44.25,45.3,-69.75
24.9,-116.7,-1007.81,-2.12,-0.32,-1.8,-45.9,45.15,-69.15
18.07,-99.61,-994.63,0.53,1.81,-1.72,-46.05,43.5,-69.75
18.55,-109.86,-1001.95,0.69,1.11,2.9,-45.0,44.55,-67.95
19.53,-106.93,-998.05,2.21,1.69,-1.04,-45.0,45.3,-69.45
22.46,-100.59,-1014.65,0.39,0.96,-0.46,-43.95,44.25,-69.0
22.46,-109.38,-1009.28,0.0,1.19,-2.7,-45.0,43.8,-69.75
23.44,-115.23,-1007.32,-1.17,0.91,0.65,-45.0,45.0,-70.8
16.11,-109.86,-1005.86,4.87,1.18,3.76,-44.1,45.9,-69.15
22.46,-110.84,-999.51,1.5,-2.97,3.47,-45.0,43.8,-69.0
23.44,-108.89,-997.07,0.02,-2.66,0.15,-44.55,45.0,-68.7
18.55,-111.82,-990.72,1.67,0.49,0.2,-43.95,44.55,-69.75
21.48,-112.3,-1004.39,1.41,-0.09,-0.06,-44.85,43.95,-68.55
17.09,-107.91,-1005.37,1.27,0.08,-2.18,-45.0,44.25,-69.0
15.63,-110.84,-994.14,-1.27,2.07,-1.47,-43.2,45.0,-69.45
9.77,-112.3,-1005.37,-1.84,-0.2,-3.08,-43.95,44.55,-70.05
20.51,-113.77,-1003.91,1.14,2.36,-0.15,-43.5,44.55,-69.0
15.14,-105.47,-1005.37,-0.47,2.25,-0.87,-43.95,43.5,-68.7
10.25,-111.82,-1004.88,2.32,-0.13,0.59,-44.85,44.7,-68.55
14.16,-104.0,-1004.39,1.34,-0.04,1.47,-43.35,43.95,-68.85
18.55,-98.14,-1003.91,2.51,1.15,-0.02,-44.55,44.25,-69.75
30.76,-104.0,-1001.95,0.3,-0.78,-0.05,-45.0,45.3,-68.7
24.41,-118.65,-1000.49,2.82,-0.64,2.17,-44.85,45.15,-70.35
30.27,-101.56,-998.54,0.08,-1.9,-0.44,-44.85,44.4,-70.35
21.48,-108.4,-1005.86,2.04,-1.96,0.86,-43.95,46.05,-69.0
18.07,-108.89,-996.09,-0.22,2.72,1.66,-45.15,43.2,-70.65
15.63,-112.3,-1002.93,2.11,-0.73,-0.82,-44.4,45.15,-68.85
16.6,-95.21,-1006.35,0.14,0.55,-0.98,-45.3,44.25,-69.75
15.63,-116.21,-1001.95,-0.96,3.13,-1.21,-44.25,45.0,-69.0
25.39,-117.68,-1002.44,-0.62,1.65,-1.11,-44.25,44.55,-69.0
32.23,-119.63,-996.09,1.57,0.34,0.21,-43.95,43.5,-71.25
15.14,-103.03,-995.12,1.85,-3.66,1.27,-45.75,43.5,-69.0
18.55,-112.3,-1006.84,2.27,0.6,-0.89,-45.0,43.5,-68.7
12.7,-96.19,-1004.39,0.44,-2.65,-0.2,-44.55,44.55,-68.4
5.37,-104.98,-1003.42,-1.43,0.98,-0.11,-44.55,44.25,-70.8
10.74,-122.56,-1009.77,1.15,0.15,-2.84,-45.0,44.25,-69.0
19.04,-108.89,-1000.0,-0.9,1.69,0.05,-45.75,43.8,-70.5
8.79,-109.86,-1001.46,-1.92,0.86,-2.86,-44.85,42.9,-70.35
20.51,-104.98,-1006.84,-0.53,2.5,-2.35,-45.0,43.8,-70.05
9.28,-109.38,-995.12,2.96,-1.27,0.17,-45.0,43.8,-70.5
20.02,-111.82,-1000.49,1.07,-1.1,1.65,-45.0,45.0,-69.75
15.63,-99.12,-1004.88,2.24,-1.88,-1.37,-43.95,45.0,-69.75
9.77,-119.14,-1004.88,0.12,-2.34,0.86,-43.5,44.55,-70.05
12.7,-111.82,-988.77,1.35,0.34,1.27,-44.1,43.95,-69.15
10.25,-103.03,-998.54,0.56,-2.34,-1.34,-43.65,43.65,-69.6
22.46,-107.91,-997.56,1.43,1.35,2.08,-43.95,43.05,-67.95
17.58,-115.23,-1002.93,-1.7,1.51,-0.49,-43.2,46.05,-70.8
20.51,-111.33,-1000.49,-0.66,3.02,-1.26,-43.35,45.45,-68.85
14.16,-114.26,-1009.77,-2.24,0.91,-1.37,-43.5,44.55,-69.75
21.97,-98.14,-999.51,2.41,-1.91,-0.91,-44.85,43.2,-69.15
13.67,-102.05,-1008.79,0.93,0.18,-0.55,-43.2,43.8,-69.0
17.09,-105.47,-998.54,0.91,-3.37,0.27,-44.4,43.65,-69.9
20.51,-106.45,-1001.95,0.39,-2.5,-0.15,-44.55,44.25,-69.75
21.0,-117.19,-1005.37,0.45,-2.24,-0.07,-45.0,44.55,-70.05
12.7,-104.49,-1005.86,-1.3,0.86,-1.76,-45.0,44.55,-69.75
20.02,-104.0,-1000.49,-0.83,1.35,-1.16,-43.2,44.25,-69.45
28.32,-108.89,-1002.44,-0.76,1.33,-0.83,-45.9,44.4,-67.8
14.16,-107.91,-995.12,-0.71,1.66,0.55,-43.5,45.0,-68.4
19.53,-115.72,-999.51,3.04,0.7,1.24,-44.25,43.8,-70.05
11.72,-124.51,-1000.98,-0.79,-2.34,1.44,-44.55,44.25,-70.05
17.09,-116.21,-994.14,0.5,-1.17,2.31,-43.95,44.25,-69.75
13.18,-104.49,-992.68,-1.46,0.01,1.32,-44.55,44.25,-70.05
21.97,-110.84,-997.56,-0.35,0.28,-1.15,-44.1,44.7,-70.35
18.55,-102.54,-1003.42,-1.14,1.25,-1.5,-43.95,45.0,-69.45
14.65,-113.77,-1009.77,-1.51,2.81,-1.92,-43.2,45.0,-69.0
17.09,-111.82,-991.21,0.28,3.98,1.81,-44.55,43.8,-69.0
18.55,-108.4,-999.02,1.5,-0.2,2.44,-45.0,43.05,-69.0
26.86,-111.82,-996.58,0.57,0.87,1.19,-43.35,44.7,-70.35
16.6,-89.84,-995.61,3.17,-0.79,2.05,-43.95,43.8,-70.5
13.67,-102.54,-1000.49,-2.29,-0.25,-1.65,-43.35,43.95,-69.6
13.67,-103.52,-1002.44,0.11,-0.2,-1.33,-44.55,44.25,-70.35
12.21,-106.93,-1012.7,-2.01,-0.47,-1.54,-43.65,44.7,-69.15
16.11,-113.28,-1007.81,2.86,-2.43,3.35,-45.45,44.7,-69.15
14.65,-108.89,-1001.95,0.78,0.91,-0.04,-43.95,43.5,-70.05
16.11,-113.28,-1001.46,2.61,0.48,1.31,-45.0,44.25,-69.75
17.58,-105.96,-1001.95,1.9,-0.57,-0.5,-43.35,43.65,-70.95
14.16,-104.0,-1001.95,1.3,2.56,0.27,-44.1,44.4,-68.55
14.65,-98.63,-1003.91,-2.34,-0.41,-0.75,-44.25,45.75,-69.45
14.16,-107.91,-1008.79,0.66,1.76,-0.57,-44.1,43.65,-70.35
10.25,-102.05,-1008.79,0.15,-0.26,0.37,-45.45,45.15,-69.6
10.74,-101.56,-1016.11,1.21,0.49,0.25,-44.25,45.0,-69.0
21.97,-111.82,-1016.11,1.06,0.24,2.61,-45.15,44.7,-69.15
26.86,-113.28,-993.65,3.66,-1.11,0.05,-44.25,45.0,-69.75
28.32,-111.82,-989.75,0.41,-0.74,-0.11,-43.5,43.5,-68.7
14.16,-103.52,-988.28,-0.48,1.64,2.48,-44.55,45.75,-70.05
6.35,-110.35,-997.07,-0.76,0.24,-0.3,-44.4,44.7,-68.85
18.55,-115.23,-996.58,-0.34,-0.59,-2.11,-43.95,45.0,-69.0
17.58,-118.16,-1009.77,2.53,-2.07,1.85,-44.55,44.25,-68.7
7.81,-110.35,-999.51,1.92,-0.35,1.18,-45.45,43.95,-69.15
1.46,-110.35,-1000.98,1.71,-1.18,-0.96,-45.15,44.4,-69.15
9.28,-111.82,-1011.23,2.02,-0.85,0.95,-45.45,44.4,-68.55
19.53,-98.63,-1003.91,0.6,-1.55,-1.29,-44.4,45.15,-69.9
9.77,-108.89,-1006.84,0.51,-0.66,-0.74,-43.95,45.0,-69.45
21.48,-113.28,-997.07,1.1,0.34,-1.5,-43.2,45.75,-69.75
30.76,-111.82,-1007.81,1.64,0.66,-0.4,-45.15,43.65,-69.9
18.55,-106.93,-1001.46,0.44,-1.01,-2.51,-45.3,43.5,-69.0
17.58,-125.49,-1001.46,2.32,-2.66,4.07,-44.4,44.7,-68.85
12.7,-117.68,-999.02,0.98,0.76,-0.69,-45.45,43.95,-69.15
26.86,-110.84,-1004.88,2.9,0.13,3.17,-45.45,43.2,-70.65
2.93,-102.54,-1004.88,0.05,-0.21,0.13,-45.15,46.95,-68.55
26.86,-120.61,-1001.95,-1.14,-0.21,-0.76,-45.0,44.25,-69.0
11.72,-110.35,-993.65,-0.16,0.64,1.89,-44.85,42.9,-69.6
25.88,-119.63,-1000.49,-2.66,2.36,0.63,-45.15,45.15,-68.85
15.63,-119.14,-993.16,-1.94,2.06,-2.87,-46.2,44.4,-69.6
12.7,-115.72,-1011.72,2.21,-0.82,-1.12,-44.25,43.5,-69.75
21.48,-107.42,-1006.84,2.09,-3.5,-0.67,-44.85,44.7,-68.1
23.44,-112.3,-1006.84,1.39,0.57,1.83,-43.65,44.7,-69.15
13.18,-116.21,-1005.37,0.63,-0.2,1.96,-44.55,45.0,-69.45
20.02,-96.68,-1004.88,2.56,-0.63,2.08,-43.95,44.25,-69.45
25.39,-112.3,-1006.84,-0.24,2.29,-0.93,-45.3,44.55,-68.7
10.74,-103.52,-1009.28,-0.03,1.61,-1.85,-44.25,43.8,-69.75
25.39,-100.1,-1009.77,-1.4,2.09,0.6,-45.15,43.2,-68.85
18.55,-118.65,-1000.98,3.11,0.24,0.0,-44.4,43.95,-69.9
26.86,-97.66,-1001.95,1.67,-1.43,-0.44,-45.45,43.95,-70.35
13.67,-104.49,-1007.81,0.97,-0.82,0.15,-43.35,42.45,-70.65
7.32,-99.12,-990.23,0.88,1.04,0.95,-44.55,44.25,-70.05
14.65,-106.45,-1005.86,-0.34,1.1,1.18,-44.55,44.25,-69.0
8.79,-106.93,-997.56,1.15,0.73,-1.03,-44.1,45.45,-69.15
18.07,-116.7,-1004.39,-1.18,1.02,-1.27,-44.4,45.45,-68.85
30.76,-115.23,-992.19,0.8,0.05,-1.18,-45.15,44.4,-69.6
12.7,-94.24,-1009.77,2.67,-0.59,0.23,-44.55,43.8,-68.7
18.07,-103.52,-1011.23,-0.56,-2.24,1.92,-43.35,43.95,-69.6
20.51,-109.86,-997.07,0.71,-0.24,1.58,-42.9,44.4,-69.9
21.48,-102.05,-1003.42,2.92,-3.3,2.4,-44.85,43.65,-69.9
19.04,-110.84,-1002.93,-2.52,2.03,-1.72,-44.55,45.3,-68.4
24.41,-116.7,-1000.0,-0.6,0.31,-1.1,-44.1,46.95,-69.6
12.7,-115.23,-1000.49,0.05,1.93,0.75,-45.3,45.0,-70.5
12.21,-115.23,-999.51,-1.15,1.6,-1.66,-45.45,43.95,-68.55
18.07,-102.05,-996.58,1.57,-0.2,2.23,-45.3,45.3,-70.05
18.55,-114.75,-1000.49,1.37,-2.66,2.91,-44.85,44.4,-68.85
25.39,-119.14,-998.54,1.94,-2.96,3.06,-43.2,44.25,-70.5
16.11,-111.82,-996.58,2.76,-1.48,2.64,-45.15,43.95,-70.35
24.9,-104.0,-995.12,-2.72,-0.15,-1.4,-43.2,43.8,-70.05
16.11,-112.3,-1010.25,0.72,-1.28,0.7,-44.55,45.0,-70.05
18.07,-102.05,-993.16,-1.4,2.23,1.7,-45.15,45.15,-69.15
25.39,-125.49,-999.51,-1.02,0.95,0.02,-45.0,43.8,-69.0
21.0,-94.24,-1002.44,0.48,2.09,-1.55,-44.85,43.65,-69.15
20.02,-106.93,-1005.86,2.85,-0.04,1.69,-45.0,44.55,-68.7
25.39,-103.03,-1000.49,0.23,-0.84,1.11,-45.15,45.15,-70.35
9.77,-109.38,-1003.91,1.56,0.93,1.65,-44.25,44.25,-69.75
20.51,-122.07,-998.54,2.24,-1.02,0.47,-44.85,44.4,-69.9
13.18,-102.05,-1009.77,1.05,-2.11,0.53,-44.25,44.55,-69.75
7.81,-120.61,-1002.44,0.56,0.97,-1.28,-44.1,44.4,-71.4
25.39,-104.49,-1013.18,-1.45,-0.63,0.27,-44.4,43.95,-69.15
20.02,-109.38,-1003.91,1.51,0.91,-0.04,-44.85,43.65,-69.15
12.7,-114.26,-1005.86,1.03,1.24,-0.61,-44.55,45.75,-69.45
19.04,-110.84,-996.09,-1.56,-0.26,-1.82,-43.5,43.8,-69.75
11.72,-109.38,-1001.95,2.82,-0.65,2.89,-44.55,43.8,-69.75
19.04,-118.65,-1003.42,2.47,-1.34,3.6,-45.75,44.25,-68.7
12.21,-111.82,-992.19,4.02,-2.06,0.69,-44.25,44.25,-69.75
19.53,-113.28,-995.12,1.0,0.15,0.49,-43.65,43.95,-68.55
28.32,-105.96,-995.61,1.57,0.7,0.6,-44.25,43.8,-69.0
10.25,-104.0,-994.14,1.27,-1.63,1.57,-45.0,43.8,-69.75
22.95,-112.79,-997.56,-1.18,2.7,0.65,-44.55,43.8,-68.4
21.0,-108.89,-995.61,-0.57,-0.32,-0.74,-43.5,44.55,-70.5
23.44,-112.3,-1004.39,-0.24,2.4,-2.03,-44.1,42.9,-68.55
12.21,-113.28,-1002.93,-1.56,2.33,-1.44,-44.4,43.2,-69.6
16.11,-110.35,-1001.46,0.83,-2.02,1.92,-45.0,45.3,-69.45
0.98,-119.14,-1013.67,1.33,0.24,2.96,-45.15,44.4,-69.9
15.63,-109.86,-991.21,1.07,0.15,2.24,-44.55,45.0,-69.0
17.58,-117.19,-996.58,2.12,-1.89,0.31,-44.55,45.3,-69.45
25.88,-110.84,-990.72,-0.55,-0.48,0.03,-44.55,44.25,-69.0
17.58,-105.96,-997.56,-0.81,2.56,1.62,-44.55,44.25,-69.0
19.53,-112.3,-1002.93,0.52,-0.62,-1.02,-44.4,44.7,-70.65
21.48,-100.59,-1003.42,-1.21,0.47,-0.02,-44.55,43.05,-70.5
15.14,-112.79,-1017.58,2.3,-0.6,3.03,-44.85,45.15,-68.85
20.51,-117.68,-987.79,1.52,-2.02,2.89,-44.55,45.0,-69.75
14.16,-118.65,-1008.3,2.21,-0.77,3.21,-45.3,43.05,-69.75
17.58,-105.96,-1001.95,0.92,-0.74,0.27,-44.4,43.2,-68.85
9.28,-102.05,-998.54,-1.83,0.35,-2.63,-44.1,43.65,-69.6
24.9,-106.93,-1013.67,-0.44,1.18,-2.82,-44.85,43.65,-69.6
20.02,-114.75,-1000.49,-4.03,1.16,-0.87,-44.1,44.4,-69.15
16.11,-113.77,-1002.44,0.61,0.55,-1.27,-44.85,44.4,-69.6
21.48,-112.3,-994.63,-0.16,3.22,-1.42,-44.25,44.55,-68.7
18.55,-101.56,-1006.84,1.77,-0.9,2.21,-44.1,44.7,-68.85
8.79,-108.89,-992.19,2.11,-2.32,1.31,-44.1,44.7,-69.15
14.65,-108.4,-997.56,2.88,-0.27,1.44,-45.3,43.5,-69.45
8.3,-108.89,-1003.42,1.47,-1.1,1.44,-44.85,44.4,-69.15
4.39,-97.66,-1000.49,-1.08,0.73,0.3,-44.85,43.2,-69.15
21.0,-105.47,-1002.44,0.89,0.64,0.37,-44.55,43.8,-70.05
12.7,-113.28,-993.65,1.61,2.17,1.74,-45.0,44.55,-70.05
16.11,-115.23,-1009.77,0.83,0.31,-1.55,-43.95,44.55,-70.05
21.48,-107.42,-1003.42,0.63,-2.35,-2.01,-45.9,44.4,-69.15
14.16,-111.33,-1015.14,1.21,-3.32,0.44,-45.15,43.95,-68.1
22.46,-116.21,-1003.91,1.16,-1.02,1.3,-45.15,43.95,-69.6
17.58,-109.38,-995.12,2.39,1.09,1.85,-44.4,43.95,-69.6
12.21,-103.52,-1001.95,2.26,-2.92,1.51,-43.35,45.15,-68.55
12.21,-111.82,-1009.28,0.79,-2.15,0.6,-44.4,43.95,-69.15
23.44,-114.26,-1002.44,-0.27,3.14,0.34,-44.4,43.65,-69.15
16.11,-100.1,-998.54,-2.24,2.45,-1.09,-44.1,44.4,-69.6
19.53,-114.75,-1006.35,0.04,0.07,-2.05,-45.15,45.45,-68.1
6.84,-113.28,-993.65,-0.54,-0.39,-1.09,-44.25,44.55,-69.45
29.79,-116.21,-1006.84,-0.57,1.31,-0.68,-45.75,45.75,-68.4
11.23,-112.79,-1005.86,-0.98,0.55,-0.9,-43.5,44.25,-69.45
28.81,-111.82,-998.05,0.67,-0.81,0.66,-45.15,45.15,-68.85
17.58,-98.63,-1004.88,1.11,0.92,0.92,-43.65,43.95,-69.15
25.88,-123.05,-1012.7,1.35,0.88,-0.59,-45.3,44.55,-69.45
17.58,-113.28,-997.07,-0.29,-1.92,1.02,-44.85,44.4,-68.85
12.21,-106.45,-989.26,1.28,1.73,-0.46,-44.1,43.65,-70.35
29.3,-114.75,-1013.67,-0.9,0.63,1.12,-45.3,44.25,-70.8
26.86,-108.4,-1005.37,0.38,1.6,-0.03,-45.45,45.45,-69.9
10.74,-98.63,-988.77,-0.5,0.98,-2.3,-44.25,44.55,-70.05
25.88,-115.23,-1000.0,-1.08,0.76,-3.31,-44.25,44.25,-69.75
20.02,-100.59,-991.21,1.31,-2.73,-0.39,-45.0,44.55,-69.45
30.76,-117.19,-999.51,3.66,-0.48,3.18,-44.1,44.4,-69.6
13.18,-113.28,-1004.39,2.23,-4.24,1.23,-45.0,44.55,-69.45
18.55,-105.96,-1015.14,0.37,1.98,1.27,-45.3,44.25,-69.75
17.09,-94.24,-997.07,1.6,0.48,0.5,-43.95,44.25,-69.45
14.16,-106.45,-991.7,-1.03,0.6,-0.21,-44.4,43.65,-70.35
22.46,-96.68,-998.05,0.65,-0.21,-1.12,-44.4,43.2,-69.6
13.18,-112.79,-1000.49,-0.49,0.15,0.15,-44.1,45.15,-67.8
20.51,-103.03,-1002.44,-2.05,-0.5,-0.46,-45.15,44.4,-70.35
17.09,-107.91,-1001.95,-0.05,1.31,-0.56,-46.05,43.05,-70.05
17.09,-116.7,-998.54,0.34,-0.82,2.18,-44.85,43.95,-70.35
23.93,-117.68,-1000.49,2.01,-1.39,-1.19,-45.75,44.55,-69.75
4.39,-108.4,-1000.49,1.28,0.74,0.32,-44.25,44.55,-70.5
16.6,-109.86,-993.65,1.02,-1.2,1.01,-44.1,44.4,-69.9
28.32,-119.14,-999.51,1.15,-2.24,3.5,-44.85,44.7,-69.15
20.51,-111.33,-1007.32,-1.23,2.53,1.76,-44.25,43.5,-69.0
20.51,-104.98,-1000.0,0.64,-1.47,-0.96,-44.4,43.95,-69.6
14.16,-104.0,-994.14,-0.32,-0.18,-1.3,-43.65,44.4,-69.15
2.93,-102.54,-996.09,-1.53,1.69,-1.27,-44.25,43.5,-69.45
22.46,-122.07,-994.14,-0.12,-0.27,-3.05,-44.25,45.75,-68.7
19.04,-108.89,-995.61,0.05,0.03,0.21,-43.5,43.5,-69.0
21.48,-104.98,-1006.35,0.35,-0.11,0.37,-44.25,43.05,-69.75
17.58,-119.14,-1004.88,1.47,-1.27,1.74,-45.0,45.0,-68.7
21.48,-103.03,-998.54,0.98,-2.16,0.77,-44.55,45.3,-69.45
21.48,-106.45,-1008.3,2.18,-2.66,1.24,-44.55,45.75,-69.45
18.07,-116.7,-990.72,0.08,0.35,-0.57,-46.5,45.3,-69.45
16.6,-105.47,-991.7,-2.26,0.15,-2.31,-44.55,43.8,-69.0
19.53,-107.91,-1001.95,0.5,-0.52,-1.4,-43.5,44.55,-70.5
16.6,-100.1,-1002.93,2.26,3.13,1.47,-43.5,45.0,-69.75
15.63,-115.23,-1011.72,-0.09,2.25,-2.19,-44.25,45.0,-71.25
16.6,-109.38,-1017.58,3.16,-4.21,0.98,-44.25,43.8,-70.05
10.74,-110.84,-1017.09,1.64,0.65,-0.11,-44.25,43.8,-69.0
18.55,-98.14,-1009.28,0.56,1.14,0.5,-44.1,45.15,-68.85
11.72,-119.14,-982.42,2.02,-1.37,2.7,-45.75,43.8,-69.75
18.07,-111.33,-986.82,1.13,1.72,0.56,-44.25,44.25,-70.05
10.25,-101.56,-1007.81,-1.08,-1.43,-2.28,-45.0,44.55,-69.0
19.53,-105.47,-1008.3,-0.49,0.97,-0.06,-44.25,43.8,-69.75
24.41,-111.33,-1006.84,0.79,1.91,0.02,-44.85,43.95,-68.55
13.67,-115.72,-994.63,-0.71,0.96,0.3,-44.85,43.95,-68.85
13.67,-102.54,-985.84,0.5,-0.18,1.08,-45.15,44.4,-67.8
24.41,-110.35,-1004.39,2.49,-1.95,2.5,-44.25,45.0,-69.0
22.46,-105.96,-986.33,-0.05,-2.66,-0.2,-44.25,43.5,-69.75
29.79,-112.79,-997.07,2.79,-0.09,0.23,-43.65,44.4,-70.35
22.46,-122.07,-1000.49,1.27,1.06,3.18,-43.65,45.15,-69.9
22.46,-110.84,-999.51,-0.11,-0.03,-0.18,-44.1,44.4,-68.85
25.39,-112.3,-990.72,-0.61,0.53,-3.27,-45.0,45.0,-69.45
16.6,-103.52,-1003.42,-2.63,0.42,-4.11,-44.25,44.55,-69.45
12.7,-104.0,-997.07,-0.32,0.18,0.04,-44.25,44.25,-70.05
19.53,-109.38,-1000.0,0.44,-2.24,3.67,-43.95,44.25,-68.4
15.14,-107.91,-1005.37,2.61,-1.98,0.86,-44.25,42.75,-69.45
17.58,-111.82,-1013.18,0.27,-2.15,0.53,-44.55,43.5,-68.7
20.51,-129.88,-997.56,3.0,-2.13,-0.31,-45.75,44.25,-69.0
16.11,-110.84,-1005.37,-1.89,1.26,-0.65,-43.35,45.9,-70.65
12.7,-117.19,-998.05,0.0,1.66,-0.63,-45.15,44.7,-69.9
26.37,-106.93,-1012.21,-0.83,1.94,0.31,-44.4,44.7,-69.6
16.11,-113.28,-997.56,-0.17,2.52,-1.23,-44.25,45.75,-69.45
17.09,-97.17,-1000.98,0.25,-1.15,1.18,-44.25,43.8,-69.0
6.35,-104.49,-994.63,1.56,-0.47,0.99,-45.45,43.65,-69.15
23.93,-108.4,-1003.42,0.65,-0.56,0.65,-44.4,43.65,-69.9
12.7,-120.61,-1002.44,1.82,0.47,1.86,-44.25,44.25,-68.4
26.86,-101.56,-1011.72,2.79,-1.38,1.56,-45.0,44.25,-69.75
7.81,-112.79,-1005.37,-0.81,2.62,-2.41,-43.95,45.3,-69.75
21.0,-109.86,-1003.42,0.43,0.88,-2.21,-45.3,44.55,-69.0
26.37,-105.47,-1003.91,-0.73,2.18,-3.88,-44.1,44.7,-69.9
19.53,-107.91,-994.14,1.17,0.23,0.53,-45.3,44.55,-70.05
26.86,-104.49,-1004.88,2.22,-1.79,2.98,-45.0,43.8,-69.75
24.41,-111.33,-986.33,0.21,-1.15,0.8,-46.5,44.25,-69.45
22.46,-120.12,-999.02,2.23,0.35,0.13,-44.4,42.9,-69.9
18.07,-96.19,-999.51,0.35,0.43,0.22,-43.95,44.55,-69.0
8.79,-108.4,-1008.79,-0.6,0.98,1.34,-45.15,44.4,-68.1
22.95,-105.96,-999.02,0.89,-1.69,-0.77,-43.5,45.0,-70.5
19.04,-102.05,-1003.42,0.14,1.11,0.18,-44.25,42.75,-69.45
21.97,-110.35,-1000.0,1.31,0.62,-1.03,-45.3,44.55,-70.5
21.0,-114.75,-997.56,0.68,2.34,1.85,-43.35,43.95,-69.9
33.69,-93.26,-995.12,1.11,-1.95,0.0,-42.45,43.8,-69.45
11.23,-91.31,-1014.65,2.07,-1.91,2.74,-44.55,45.0,-69.45
14.65,-101.07,-1004.39,1.73,-0.35,0.05,-42.9,44.4,-69.6
30.76,-89.84,-985.84,1.26,-0.95,1.98,-44.25,44.25,-68.7
20.51,-110.84,-997.07,-0.34,1.46,2.32,-44.85,43.2,-70.65
20.02,-114.75,-1000.0,-1.38,-0.22,-1.05,-44.1,44.4,-68.55
7.81,-102.54,-988.28,-0.05,1.34,-1.47,-44.1,45.15,-69.6
21.97,-120.12,-997.56,1.97,1.21,2.7,-44.4,42.45,-69.15
21.48,-116.7,-1003.91,1.79,-0.66,1.07,-44.4,43.95,-68.85
15.14,-107.42,-996.58,0.92,-0.6,1.33,-43.2,44.25,-69.45
25.39,-108.89,-990.72,0.02,-0.73,0.58,-46.8,43.5,-70.5
9.77,-110.35,-1004.88,2.81,-2.03,2.77,-44.4,44.7,-70.35
8.3,-116.7,-997.56,-1.03,2.03,-0.05,-44.55,43.8,-68.7
18.07,-125.49,-990.23,-0.89,-1.06,-0.98,-44.4,43.95,-69.9
9.77,-81.54,-1008.79,0.5,-0.25,-0.76,-46.05,43.5,-70.5
17.09,-107.91,-998.05,0.11,0.21,-2.5,-43.5,44.25,-68.7
10.25,-128.42,-987.79,0.84,-0.7,1.4,-45.0,43.8,-68.4
23.93,-104.98,-1008.79,1.74,0.34,1.63,-44.85,43.2,-68.55
26.37,-105.47,-995.61,1.59,0.57,2.36,-43.95,43.05,-68.4
31.25,-127.93,-999.51,2.01,-2.23,3.28,-44.55,44.25,-68.4
18.07,-96.19,-1000.98,1.11,0.86,-0.87,-45.3,43.8,-70.05
12.21,-120.61,-998.54,0.69,2.24,-1.76,-44.4,44.4,-69.6
32.23,-120.12,-990.72,0.88,1.4,1.27,-43.35,43.95,-69.9
25.88,-98.14,-1006.84,0.88,1.45,0.08,-44.25,44.25,-69.75
-1.95,-123.54,-1005.86,-0.1,1.91,-3.5,-43.65,45.15,-70.35
19.53,-116.21,-1009.28,-1.32,-1.8,3.42,-44.1,43.95,-70.65
21.48,-104.49,-1007.32,1.82,-1.82,0.24,-44.25,44.25,-70.5
-1.95,-129.88,-1008.3,1.58,-1.19,1.45,-45.9,44.4,-70.95
29.79,-110.84,-993.65,1.74,-1.58,-0.34,-45.15,44.4,-69.15
9.77,-104.0,-995.61,2.46,-1.02,1.45,-45.0,43.5,-70.05
15.63,-131.84,-1000.0,-0.78,1.49,-0.43,-45.3,45.0,-69.75
21.97,-105.96,-1000.0,0.13,2.46,-0.08,-45.0,43.8,-70.05
19.04,-108.4,-1002.44,-0.58,0.41,-0.13,-45.3,44.25,-69.45
16.11,-106.45,-1008.3,-0.47,1.11,-0.37,-44.25,45.3,-69.45
27.34,-93.26,-997.56,1.63,-1.16,2.95,-45.15,45.45,-70.95
4.39,-96.68,-995.12,0.18,-1.33,0.22,-44.1,43.65,-69.9
4.88,-105.47,-1008.79,-1.77,0.0,1.14,-42.9,45.15,-68.55
19.53,-105.47,-1007.32,1.5,-0.66,1.32,-44.55,43.05,-69.75
13.18,-105.96,-1004.39,-1.78,0.19,1.39,-45.15,44.4,-69.15
20.51,-96.68,-1004.39,-0.41,-1.73,0.07,-44.55,43.8,-69.0
16.6,-104.98,-1008.3,1.04,1.95,0.09,-45.15,43.65,-68.1
5.86,-115.23,-1006.84,-0.38,-0.47,0.99,-44.25,44.25,-70.8
18.55,-99.61,-997.56,0.13,0.93,2.13,-44.55,43.8,-68.4
19.53,-114.26,-1001.46,-0.5,0.09,0.62,-45.15,43.65,-70.65
24.41,-105.96,-999.51,0.21,-1.64,0.24,-43.65,44.7,-69.9
16.11,-93.75,-997.07,0.0,-0.34,2.05,-44.1,45.45,-69.6
26.37,-110.84,-1005.86,2.99,0.56,4.05,-44.4,45.15,-70.65
29.3,-106.93,-996.09,0.73,-1.82,2.22,-45.0,43.5,-69.45
0.98,-99.12,-1005.86,0.27,1.04,-2.08,-43.5,43.8,-69.0
15.63,-111.33,-1005.86,0.37,3.28,-3.95,-45.3,43.8,-68.7
19.04,-114.75,-1010.25,1.01,1.21,-1.37,-44.25,43.8,-68.7
16.11,-110.35,-995.61,-0.88,3.62,-0.5,-42.9,44.4,-70.65
7.81,-107.91,-995.12,1.67,-2.03,-0.66,-45.75,43.05,-69.75
23.44,-106.45,-1003.42,3.76,-2.47,3.82,-44.55,43.5,-69.45
18.07,-100.1,-1000.98,2.24,-0.47,0.67,-43.35,44.4,-69.9
21.97,-108.89,-995.12,-0.49,-1.24,0.49,-44.25,43.8,-69.75
38.57,-106.45,-1000.49,0.63,-1.57,2.27,-45.3,43.05,-70.8
17.58,-111.33,-1008.79,0.13,0.69,-0.87,-44.85,45.15,-69.9
17.09,-111.33,-1000.49,-0.8,1.81,0.18,-45.75,44.25,-69.0
21.48,-102.54,-1005.86,0.73,0.98,-1.36,-43.5,44.25,-69.75
22.46,-111.82,-1010.74,-0.39,2.53,-0.08,-45.9,43.65,-70.65
8.3,-110.84,-1017.09,-0.21,0.99,-1.89,-45.15,44.4,-69.6
19.04,-111.33,-998.05,1.38,1.24,0.02,-44.4,44.7,-69.15
14.65,-105.47,-994.63,0.24,-1.31,0.53,-45.0,43.8,-69.0
11.23,-125.0,-994.63,0.87,1.27,-1.41,-44.4,44.7,-69.9
20.02,-106.45,-1007.81,1.76,-1.59,-0.29,-45.0,44.55,-69.0
11.23,-108.4,-997.07,3.72,0.05,-0.18,-44.1,44.4,-69.15
24.41,-102.05,-1003.42,-0.59,0.8,-1.01,-45.15,43.95,-68.85
10.25,-108.89,-1003.91,-0.24,-0.4,-0.22,-43.95,42.75,-69.0
23.93,-108.89,-993.16,-0.17,1.08,-0.44,-44.55,45.0,-69.45
17.58,-109.38,-999.51,0.76,0.15,-2.7,-45.75,44.55,-69.45
22.95,-102.54,-1000.98,1.46,0.55,2.08,-44.25,45.0,-69.0
27.34,-108.89,-1002.93,-0.18,-2.74,1.11,-43.35,44.4,-70.35
7.32,-108.4,-1000.98,2.19,-0.56,0.91,-44.4,43.65,-68.85
18.07,-119.63,-996.09,1.89,-0.41,2.28,-44.4,44.7,-69.9
20.51,-113.28,-1006.84,0.37,-2.59,2.26,-43.95,45.0,-69.0
17.09,-91.8,-997.56,-2.18,1.2,-1.05,-44.4,44.4,-69.6
22.95,-115.23,-1000.0,-1.05,0.33,0.6,-42.0,44.55,-70.05
18.07,-108.89,-996.58,0.43,1.56,2.92,-44.1,43.95,-69.6
20.02,-103.52,-1009.28,-1.14,1.95,-1.1,-44.85,43.95,-69.15
12.7,-100.59,-1002.44,1.79,-2.45,0.53,-44.1,45.45,-68.85
11.23,-96.19,-1007.81,1.18,1.33,0.55,-45.0,45.0,-70.05
18.55,-109.38,-1001.46,1.34,1.69,2.72,-44.4,44.4,-68.85
21.48,-113.28,-991.21,1.41,-2.7,1.37,-44.55,45.0,-70.5
21.97,-112.79,-1004.39,0.85,-2.54,0.15,-45.15,44.7,-69.15
15.63,-110.35,-1007.32,0.63,-1.19,-3.18,-44.4,43.2,-69.15
23.93,-119.63,-1009.77,0.02,4.39,-0.64,-44.25,44.55,-70.05
13.18,-123.05,-1007.81,-0.76,0.17,0.66,-43.65,45.15,-68.1
32.71,-104.49,-1010.25,0.54,1.05,-0.42,-45.0,44.25,-69.75
15.14,-114.26,-1002.44,-0.6,0.73,-2.01,-44.55,44.25,-68.7
29.3,-123.54,-1001.95,2.95,-2.33,0.71,-45.3,43.05,-69.45
10.74,-117.19,-994.14,2.95,-1.53,2.66,-43.65,43.95,-69.6
18.55,-111.82,-999.02,1.95,-1.05,-1.13,-46.5,44.55,-69.45
3.42,-103.52,-1003.42,1.95,0.11,2.37,-46.2,43.95,-68.55
15.14,-115.23,-991.7,1.31,-3.71,1.02,-44.4,43.95,-69.6
16.11,-104.0,-1002.44,-1.27,-0.93,-2.31,-45.75,45.0,-70.5
21.48,-110.84,-1001.95,0.69,-0.04,-1.95,-44.4,43.65,-68.85
22.95,-112.3,-1004.39,0.0,1.56,-0.25,-43.95,43.5,-69.0
33.69,-111.82,-986.33,-0.84,1.05,-2.81,-44.55,44.25,-69.0
31.25,-105.96,-1002.93,-0.66,2.11,-2.91,-44.25,45.0,-69.75
14.65,-107.42,-1008.79,1.47,-1.72,3.05,-45.15,44.7,-69.6
31.74,-107.42,-998.54,0.46,0.19,-1.42,-43.2,42.3,-67.95
-3.42,-108.89,-1001.46,1.32,-0.11,0.04,-45.9,44.7,-68.85
18.55,-106.93,-1004.39,1.72,0.76,0.46,-44.4,44.7,-70.65
18.55,-109.86,-1005.37,2.6,0.37,-2.05,-44.25,44.25,-70.05
32.71,-119.63,-998.54,1.22,-1.44,1.39,-44.85,45.15,-70.35
17.09,-111.82,-1003.91,-0.08,0.85,-0.27,-44.55,43.8,-69.45
21.0,-116.7,-1006.84,-0.21,0.73,-1.19,-43.5,45.3,-70.05
18.55,-106.45,-1012.21,0.36,2.46,-2.38,-45.9,43.2,-68.55
16.6,-105.47,-1008.3,0.16,2.9,-3.03,-44.25,44.55,-69.45
21.97,-113.77,-1000.49,-0.7,0.31,-0.98,-44.4,43.65,-69.9
9.28,-108.89,-996.58,1.92,-0.97,-0.32,-44.25,44.25,-68.7
23.93,-101.56,-1004.39,0.47,0.11,2.97,-44.25,44.25,-69.45
22.95,-122.07,-998.54,1.6,0.24,-0.82,-43.5,42.75,-68.7
21.48,-108.89,-1006.84,1.16,-1.56,-0.34,-45.45,44.4,-69.9
10.25,-112.79,-991.7,0.82,-0.34,0.87,-44.55,44.55,-69.75
2.44,-113.77,-998.05,-0.95,0.72,-0.24,-44.1,43.2,-69.9
26.86,-113.77,-1000.0,1.08,2.21,-0.06,-44.4,44.4,-70.65
18.07,-105.47,-1002.44,-0.84,1.06,-2.56,-44.85,43.95,-69.15
21.97,-111.33,-998.54,-0.92,0.72,-0.48,-43.65,43.65,-70.35
19.53,-113.28,-1021.97,-2.15,0.59,2.6,-44.4,44.7,-69.6
33.2,-102.05,-1003.42,-1.68,0.68,-0.26,-45.45,43.95,-69.6
16.11,-128.42,-995.12,0.74,-0.35,1.4,-44.55,43.8,-69.45
19.04,-112.79,-1003.91,2.72,0.33,-1.54,-45.0,43.8,-68.7
18.55,-103.03,-1015.63,1.69,-2.73,1.63,-44.85,43.65,-69.9
22.46,-78.61,-986.82,1.95,-0.48,-1.04,-44.1,42.9,-69.15
5.86,-124.02,-1002.93,0.19,-0.85,-1.34,-44.55,45.0,-70.5
12.21,-110.35,-1006.84,0.44,1.35,-2.63,-45.0,44.55,-69.75
23.44,-112.3,-1013.18,-1.32,0.69,-1.79,-44.55,44.55,-69.75
20.02,-115.23,-985.35,-0.83,-0.2,0.31,-44.55,43.8,-69.75
21.0,-102.05,-1003.91,1.22,0.19,2.09,-44.1,44.7,-68.55
6.35,-119.63,-993.65,1.94,-2.1,0.73,-44.4,44.7,-70.35
4.88,-110.35,-998.05,1.02,-3.55,0.33,-44.55,44.55,-69.45
16.11,-103.03,-996.09,2.1,-1.19,2.21,-45.45,45.15,-69.9
14.16,-106.45,-987.79,0.03,1.63,1.48,-45.3,43.8,-68.7
18.07,-104.49,-1004.88,2.16,0.91,-1.29,-44.1,45.15,-68.55
27.83,-108.89,-1008.79,1.25,-0.6,-0.13,-45.15,44.4,-69.6
23.44,-116.7,-1000.0,0.08,1.22,-0.71,-44.85,43.95,-69.15
17.09,-113.77,-997.56,-2.44,0.49,2.14,-44.85,45.15,-70.35
19.53,-99.61,-1000.0,-1.68,1.33,-1.44,-44.4,44.7,-69.9
22.95,-111.82,-994.63,2.5,-0.47,-1.6,-46.65,44.4,-69.15
15.14,-104.49,-1002.44,-0.15,-0.86,0.6,-45.15,45.45,-70.65
13.18,-110.84,-994.14,1.06,-0.53,1.07,-44.4,43.65,-69.15
22.46,-123.05,-1004.39,1.89,-0.77,-0.37,-45.3,44.55,-68.7
13.18,-104.98,-1012.7,2.11,-1.44,1.91,-45.0,45.0,-70.5
19.04,-109.86,-999.51,1.65,1.52,0.31,-44.25,43.8,-70.05
16.11,-107.91,-1004.39,-0.4,-0.13,-1.26,-44.4,44.4,-69.6
13.67,-108.4,-997.07,-2.95,0.26,-0.63,-42.75,43.8,-68.7
14.65,-91.8,-1000.98,-1.05,3.13,-1.13,-43.95,44.55,-69.0
17.09,-104.49,-1002.44,-1.39,0.28,0.4,-44.4,43.65,-69.9
18.55,-108.4,-1002.93,-2.38,0.68,0.92,-44.85,43.95,-69.15
14.16,-106.93,-1000.49,1.52,-0.9,0.37,-43.65,43.95,-69.9
17.58,-113.28,-998.05,1.42,0.96,0.11,-43.5,44.55,-70.5
17.09,-111.33,-1007.32,1.28,-0.53,0.81,-45.45,45.45,-69.6
13.67,-110.35,-990.72,1.15,-1.66,1.35,-42.3,45.15,-69.9
28.32,-104.49,-999.02,1.78,0.45,0.63,-44.4,44.7,-68.85
20.02,-107.91,-995.61,-1.02,2.11,0.42,-45.15,43.95,-69.15
8.79,-109.38,-1004.88,-0.06,0.95,-2.03,-44.1,43.95,-70.65
7.81,-101.07,-1014.16,0.4,1.14,-2.05,-45.0,43.8,-67.95
16.11,-99.61,-1000.49,-1.22,2.81,-0.07,-44.4,43.95,-69.6
15.63,-102.54,-1009.77,-0.11,0.98,-0.41,-45.15,46.95,-67.8
18.55,-127.44,-1000.98,0.69,-1.44,1.2,-45.15,43.65,-70.35
22.95,-112.3,-1000.98,0.71,-2.67,0.64,-45.9,44.7,-69.6
33.69,-112.3,-996.58,0.36,-0.61,0.88,-45.15,44.7,-70.35
26.86,-116.21,-1010.74,0.61,0.49,2.96,-43.5,43.8,-69.75
16.6,-112.79,-1006.84,3.09,-1.66,-2.61,-45.0,43.8,-69.75
22.46,-97.66,-1004.88,1.69,0.04,3.18,-44.85,44.7,-68.1
11.23,-108.4,-1003.42,1.42,1.08,1.62,-45.45,45.45,-68.55
5.86,-118.16,-1004.88,-0.5,0.73,-1.22,-45.45,45.15,-69.6
13.18,-109.86,-1011.72,-2.48,1.59,-2.12,-43.95,44.55,-69.0
20.02,-117.68,-1005.86,-1.17,0.74,-0.35,-44.4,43.95,-69.9
18.55,-107.42,-995.61,-0.47,2.2,1.04,-45.45,44.7,-69.9
18.55,-113.77,-990.23,0.98,2.34,0.26,-44.4,45.15,-69.15
17.09,-96.68,-996.09,2.23,-1.36,1.98,-44.1,42.9,-68.1
17.58,-93.75,-1017.58,1.36,-1.05,1.04,-44.25,44.55,-69.0
12.7,-96.68,-998.05,0.92,-1.35,3.64,-42.0,44.25,-68.7
22.95,-114.75,-1001.95,1.47,-1.3,0.79,-43.65,45.45,-71.4
16.11,-116.21,-1012.7,-0.92,0.85,0.88,-45.0,45.75,-69.0
29.79,-108.89,-999.02,-1.21,1.37,-0.25,-45.15,45.9,-70.95
22.95,-110.84,-988.28,1.05,-1.34,-1.64,-44.4,45.45,-69.6
14.16,-110.35,-1000.0,-1.21,1.22,-1.76,-45.0,44.25,-68.7
5.37,-100.1,-994.14,-1.13,1.11,-2.37,-44.25,44.25,-69.45
17.58,-108.4,-1010.25,-0.33,0.46,-1.65,-44.4,45.15,-70.35
16.6,-100.59,-994.63,0.79,-1.52,3.13,-44.85,43.65,-69.15
22.46,-107.42,-1006.35,2.15,0.77,2.27,-44.1,43.95,-68.1
6.84,-110.35,-994.14,0.39,-1.18,-1.29,-44.4,44.4,-68.85
15.14,-112.3,-1009.77,1.24,-4.17,1.17,-44.4,43.95,-68.85
18.55,-119.63,-995.61,3.32,-0.6,-1.33,-44.25,44.55,-69.75
21.0,-108.4,-997.56,2.56,-0.94,0.41,-43.5,45.0,-69.0
16.11,-104.49,-1001.46,0.73,1.58,2.53,-45.3,46.05,-69.45
8.3,-116.7,-1010.25,-0.22,-0.82,-0.1,-44.85,44.7,-69.9
25.88,-116.21,-1001.95,-2.58,-0.18,-2.59,-45.15,44.7,-69.6
21.0,-113.77,-1003.91,-0.23,0.79,-2.54,-44.25,43.5,-68.7
16.11,-111.82,-994.14,-0.42,1.44,2.06,-44.85,44.7,-69.15
14.65,-104.98,-991.7,-0.23,1.53,-1.73,-44.85,43.65,-70.65
21.48,-105.96,-997.56,3.5,-2.45,2.32,-45.0,44.25,-71.25
20.51,-110.35,-1004.39,1.37,-1.24,1.4,-45.3,45.3,-68.4
25.88,-105.47,-1004.88,1.76,-2.47,2.48,-46.65,44.7,-68.55
5.86,-99.61,-1002.44,1.51,-0.22,1.19,-44.55,44.55,-69.45
24.41,-115.72,-1015.63,2.31,-1.34,0.79,-45.0,44.25,-69.45
9.77,-108.89,-992.19,-1.51,1.66,-2.0,-44.4,42.9,-67.8
13.18,-112.79,-995.12,-0.92,1.95,0.59,-44.55,44.25,-70.05
13.67,-111.82,-999.02,-0.56,0.47,-1.66,-44.1,44.7,-68.85
16.6,-106.93,-999.02,-1.94,1.05,-0.45,-44.4,44.7,-69.15
23.44,-105.96,-998.54,-0.56,-0.36,0.5,-45.0,43.05,-69.45
5.37,-104.0,-1006.35,-1.25,1.08,-0.42,-45.75,45.0,-69.75
12.7,-98.63,-998.54,0.48,-0.63,-1.12,-45.15,44.4,-69.15
18.07,-116.7,-992.68,1.33,-0.91,-0.46,-44.1,44.4,-70.35
18.55,-121.09,-1000.0,2.16,-2.61,2.38,-45.0,43.5,-69.75
19.53,-82.52,-1013.18,0.73,-0.85,0.9,-45.3,43.8,-68.7
17.58,-105.96,-994.14,1.24,-0.55,3.15,-44.25,45.0,-70.5
10.74,-114.75,-996.09,2.73,-2.87,-0.12,-45.9,43.65,-71.4
18.07,-121.09,-1010.74,0.42,-0.64,2.74,-44.85,42.9,-69.15
5.86,-118.65,-996.58,-1.4,-1.23,-2.79,-45.9,43.2,-70.95
18.07,-107.91,-1005.37,-0.14,1.45,-1.37,-44.85,44.7,-69.15
16.6,-115.72,-998.05,0.7,0.06,-1.58,-45.75,43.5,-69.45
26.86,-101.56,-1002.93,0.11,1.19,0.48,-44.85,43.95,-71.4
17.09,-114.26,-999.51,-1.36,0.56,-1.27,-44.85,44.4,-70.35
30.76,-114.26,-1006.84,0.98,-2.07,2.03,-45.75,43.5,-70.05
19.04,-103.52,-994.63,3.89,-1.5,3.87,-44.1,44.7,-69.6
13.67,-109.86,-1002.93,1.18,-1.08,-1.12,-43.35,44.4,-69.9
9.28,-93.75,-1000.0,3.3,-0.88,-0.89,-45.0,44.25,-70.05
15.63,-93.26,-1001.46,0.18,2.47,0.2,-44.4,43.95,-69.9
14.65,-114.26,-1001.46,0.02,-0.96,-2.58,-43.65,44.4,-71.4
15.63,-115.23,-991.7,-1.02,-1.08,0.4,-45.0,44.25,-69.0
20.02,-109.38,-994.14,-0.73,1.11,-1.11,-44.4,43.65,-68.55
18.55,-108.89,-1011.72,3.59,-2.56,1.62,-44.4,43.95,-70.35
10.25,-105.47,-1001.95,-0.37,-1.69,1.96,-42.9,44.4,-70.95
9.77,-117.19,-999.51,2.27,-1.53,-1.37,-42.0,43.8,-69.45
17.58,-114.26,-996.58,1.53,1.92,1.78,-44.55,44.55,-67.65
11.72,-109.86,-998.05,-0.79,-1.33,-1.98,-44.55,44.55,-70.05
13.67,-110.84,-994.63,-0.18,0.12,0.08,-45.3,44.55,-70.5
6.35,-112.3,-1004.88,-0.47,3.76,-1.14,-44.85,44.7,-69.6
6.35,-108.89,-995.12,-0.13,0.87,-1.64,-45.15,44.7,-69.9
6.84,-117.68,-998.05,0.04,2.83,0.21,-45.45,42.9,-69.15
18.55,-104.49,-1009.28,1.77,-1.41,3.83,-45.75,44.55,-69.45
11.23,-120.12,-994.14,2.63,1.11,3.64,-44.25,44.25,-69.45
18.07,-113.28,-996.09,3.12,0.38,1.3,-45.0,45.0,-69.75
3.91,-104.98,-1007.32,0.56,-0.65,-1.66,-45.0,43.05,-68.7
21.48,-123.05,-1000.0,-0.14,0.58,-2.04,-43.35,44.7,-69.9
20.51,-121.58,-994.63,-0.81,-0.15,0.94,-44.55,45.9,-68.85
21.97,-95.7,-1008.3,-1.23,1.08,-2.88,-44.4,43.65,-70.65
9.77,-110.35,-1008.3,0.09,1.92,-2.34,-44.85,44.4,-68.55
22.95,-124.02,-1004.39,0.01,0.93,1.17,-44.4,43.95,-69.15
9.77,-115.23,-1003.91,0.88,-1.47,-0.74,-44.1,44.7,-68.55
16.6,-102.05,-992.19,1.05,0.89,1.44,-44.1,45.45,-69.9
22.95,-120.61,-1010.25,1.1,0.91,2.03,-44.25,44.25,-70.5
17.09,-107.42,-996.09,0.22,-1.62,2.68,-45.15,44.4,-69.6
25.39,-109.86,-998.54,1.5,-1.06,-0.15,-44.85,44.4,-69.6
20.51,-104.0,-1002.93,0.34,-1.03,-3.51,-44.85,42.9,-68.85
19.04,-103.03,-991.7,-0.12,-0.48,-2.06,-42.9,44.4,-71.4
22.95,-115.23,-998.54,0.47,2.75,-2.39,-44.25,45.0,-69.45
17.58,-109.38,-996.58,-1.39,0.49,-0.34,-43.5,44.55,-70.05
33.69,-114.75,-1011.72,2.19,-1.28,2.21,-46.2,44.7,-69.15
15.63,-118.65,-1001.46,1.54,-2.63,1.38,-43.5,44.25,-69.75
11.72,-112.79,-991.21,1.12,-0.66,0.0,-44.25,44.55,-70.8
15.63,-116.21,-1005.86,1.44,-1.63,3.15,-43.65,44.4,-69.15
27.34,-110.35,-986.82,0.07,-1.38,1.47,-44.25,43.8,-69.75
15.14,-123.54,-989.75,0.33,1.68,0.43,-44.55,43.5,-70.05
16.11,-118.65,-991.7,-1.65,1.47,-3.69,-44.25,43.8,-69.75
16.6,-121.09,-1004.88,-1.31,1.94,-1.24,-44.1,45.45,-69.6
19.04,-110.35,-1005.37,-0.25,1.79,-0.52,-44.4,43.95,-69.6
17.58,-95.7,-999.02,0.21,-2.54,1.71,-44.55,43.8,-71.85
23.93,-106.45,-998.54,2.75,-3.87,1.69,-45.75,43.05,-69.75
18.07,-103.03,-1001.95,1.49,-2.69,2.47,-44.1,44.7,-69.15
17.58,-113.77,-1001.46,2.08,-0.99,-0.16,-46.2,43.95,-69.15
20.02,-107.91,-1008.3,0.42,0.24,1.99,-44.25,43.8,-69.45
17.09,-109.38,-996.58,0.03,1.0,-0.46,-43.65,43.65,-69.6
19.04,-111.82,-998.05,0.61,1.22,-1.86,-45.45,43.95,-69.15
20.02,-121.58,-1001.46,-1.56,2.78,-2.41,-44.1,43.95,-71.4
20.02,-110.84,-1000.49,-2.41,0.86,-0.14,-44.1,44.7,-67.8
15.14,-119.14,-1000.0,0.61,-0.43,0.77,-45.0,43.5,-69.0
13.18,-116.7,-987.3,2.61,-2.57,-0.54,-45.3,43.05,-70.05
12.7,-112.79,-997.56,0.45,-0.82,0.87,-45.75,44.25,-69.45
28.32,-115.23,-1006.84,3.26,-0.13,0.09,-43.65,43.65,-69.6
16.11,-124.02,-1004.39,0.47,-1.47,0.11,-45.0,42.75,-70.05
11.23,-105.96,-995.61,-0.15,2.13,0.06,-46.5,44.25,-67.95
12.21,-112.79,-1008.3,-1.57,-0.75,-0.79,-44.25,44.25,-69.75
23.44,-112.3,-1003.42,-0.82,-1.27,0.15,-43.95,44.25,-69.0
20.02,-111.82,-1001.95,-1.23,0.92,0.92,-45.3,44.25,-68.55
16.11,-105.47,-1005.37,-0.05,1.71,-0.31,-45.15,43.95,-70.35
24.41,-108.4,-1005.86,1.18,-0.01,1.09,-44.1,45.45,-68.85
25.88,-104.98,-1005.86,2.89,-3.57,3.0,-44.55,43.5,-70.05
24.9,-108.89,-999.02,2.31,1.24,3.32,-44.55,44.25,-70.5
28.81,-103.03,-1003.91,1.9,-0.41,-0.05,-44.55,46.05,-69.75
26.86,-108.4,-990.72,0.85,1.5,-0.82,-42.9,43.65,-68.85
0.98,-109.86,-1005.86,-1.34,0.58,-0.04,-44.4,43.65,-68.55
19.53,-110.35,-1007.32,-0.51,1.34,1.0,-45.0,45.3,-70.5
14.16,-105.96,-998.05,0.41,0.31,-1.21,-44.85,44.4,-69.6
18.55,-106.93,-1010.25,1.84,1.01,3.18,-43.95,46.05,-69.45
27.83,-107.91,-995.61,1.77,-2.75,2.69,-43.5,42.3,-69.0
16.11,-109.86,-1004.39,-0.37,-0.53,0.03,-44.4,45.15,-69.6
15.63,-110.84,-1005.37,2.57,-2.0,1.38,-44.25,45.3,-70.05
10.25,-104.98,-992.68,1.4,-0.46,-1.25,-44.55,44.55,-69.45
10.74,-119.14,-1005.86,-2.12,3.21,0.02,-43.65,44.7,-68.85
14.16,-110.35,-1005.86,0.99,-1.51,-0.34,-43.5,44.25,-70.8
18.55,-113.77,-1001.46,-2.8,2.4,-1.13,-44.55,43.8,-68.7
10.25,-100.59,-998.54,1.41,2.06,-0.5,-44.25,44.55,-69.45
14.65,-103.52,-1010.74,-2.33,1.17,1.12,-44.4,44.4,-69.15
12.21,-109.86,-1003.42,0.42,2.58,-1.69,-45.0,43.05,-69.75
24.9,-131.84,-1011.23,1.18,-1.79,3.36,-43.35,43.65,-69.15
20.02,-112.3,-1007.32,1.32,-1.34,0.31,-44.85,45.45,-71.7
9.77,-119.63,-1016.11,1.53,-0.26,2.27,-45.3,43.05,-70.5
25.88,-104.0,-1004.88,-0.19,0.81,1.8,-45.45,43.95,-69.15
11.23,-114.26,-996.58,1.14,-0.12,1.82,-42.3,43.95,-70.65
22.95,-103.52,-995.12,-0.5,0.35,-1.08,-45.75,45.0,-69.0
20.02,-106.93,-998.54,-2.36,-0.2,-2.27,-45.3,45.3,-69.45
30.76,-121.58,-998.54,-1.02,0.36,-0.11,-44.55,43.8,-70.5
11.23,-111.82,-996.09,-1.43,0.76,-1.21,-45.75,45.75,-69.75
14.65,-118.16,-1000.0,-1.24,1.37,-2.38,-44.85,43.2,-70.35
21.97,-112.3,-1005.37,0.67,-2.8,-1.14,-44.4,43.65,-69.6
17.09,-100.1,-991.7,2.07,-1.69,-0.18,-46.5,44.55,-70.5
17.09,-107.42,-1011.72,1.85,-2.11,2.2,-45.3,44.25,-67.65
29.79,-110.84,-999.02,2.53,-1.69,1.92,-45.0,42.75,-70.05
18.07,-107.91,-1008.79,-2.78,0.47,1.13,-45.3,44.55,-69.45
24.41,-111.82,-1006.84,-0.05,-0.29,-0.64,-44.55,45.3,-69.45
24.41,-113.77,-1002.93,0.44,0.08,-2.24,-42.6,44.4,-69.6
4.39,-104.0,-1010.74,0.73,0.98,0.94,-44.55,44.55,-69.75
13.67,-117.19,-998.05,-1.44,1.08,-0.37,-43.65,43.95,-70.35
20.02,-117.19,-1002.93,1.01,0.93,0.99,-44.55,45.75,-70.05
7.32,-131.35,-1013.18,1.05,-0.83,0.67,-45.0,44.25,-70.05
12.7,-99.12,-993.65,0.42,-2.21,1.5,-45.75,44.55,-69.0
23.93,-127.93,-1003.42,1.63,-1.4,2.25,-43.5,43.8,-69.0
16.11,-107.91,-1015.14,-0.36,-2.23,1.26,-44.4,44.7,-68.85
14.65,-107.42,-1007.81,-0.72,0.44,-0.57,-43.95,45.0,-68.4
17.58,-116.7,-1003.42,-1.62,1.23,0.74,-42.9,42.45,-69.9
8.79,-121.58,-998.05,-1.54,1.92,-3.93,-44.1,43.2,-69.9
27.83,-118.16,-997.56,-1.02,3.29,-0.63,-43.65,43.65,-69.15
13.67,-108.89,-1003.91,-2.02,2.17,-3.47,-43.95,43.5,-69.0
23.93,-106.93,-1009.28,2.9,0.07,2.22,-44.1,45.15,-68.85
17.58,-101.56,-1002.93,0.27,0.01,2.28,-45.0,45.75,-68.7
19.53,-115.23,-1009.28,1.11,-0.55,0.31,-44.25,43.8,-70.5
20.51,-112.79,-1003.91,1.24,0.05,-0.11,-44.4,43.65,-68.55
18.07,-102.54,-1006.84,0.47,1.15,-0.49,-45.3,45.75,-68.4
21.0,-109.86,-1010.74,0.9,1.54,1.93,-44.1,42.45,-70.35
9.28,-123.54,-992.68,0.21,1.27,-2.15,-44.4,44.4,-69.6
28.32,-96.19,-995.12,-1.19,2.05,-0.51,-45.0,43.8,-67.95
22.46,-109.86,-1002.93,2.35,-0.41,0.79,-45.0,44.25,-68.4
26.37,-109.38,-1006.35,0.15,-1.49,3.0,-45.0,43.8,-69.45
20.51,-116.21,-1001.46,2.35,0.14,1.11,-44.4,45.15,-69.6
21.48,-122.56,-1002.44,2.93,-0.99,2.57,-43.2,44.55,-70.05
20.51,-116.21,-999.51,1.19,-3.53,-0.13,-43.5,44.55,-68.4
21.48,-107.91,-995.12,0.94,0.79,-1.99,-45.3,43.8,-69.75
16.11,-109.38,-999.51,-0.7,2.69,-0.52,-42.75,43.8,-69.0
16.6,-104.98,-998.05,-1.32,1.26,-1.11,-45.15,44.7,-70.35
17.09,-110.35,-1001.95,-3.17,1.66,-4.92,-43.5,43.8,-70.5
21.0,-105.96,-1002.44,1.02,-0.01,-1.13,-44.85,44.7,-68.85
-6.84,-116.7,-984.86,2.44,-2.2,1.69,-45.9,44.7,-67.05
15.14,-107.42,-999.51,1.72,-2.24,0.4,-44.1,45.15,-68.85
18.55,-105.96,-1008.79,-0.31,1.98,0.26,-44.25,43.8,-69.0
15.63,-100.1,-997.56,0.5,2.72,2.04,-44.85,44.7,-69.9
8.79,-109.38,-1003.91,0.13,0.6,-1.86,-44.4,45.45,-68.85
22.95,-106.45,-1000.49,-1.9,2.34,-1.57,-45.3,44.25,-70.5
14.65,-103.03,-1004.88,-0.18,0.45,1.33,-44.4,45.15,-69.15
25.39,-110.84,-1004.39,2.51,0.12,0.62,-43.5,44.55,-69.0
17.58,-112.79,-1001.46,1.5,0.21,1.34,-43.65,43.65,-69.6
23.44,-99.12,-994.63,3.09,-0.04,2.61,-44.4,42.15,-69.6
17.09,-108.4,-1006.84,0.03,1.91,-2.28,-45.15,43.2,-69.15
15.14,-108.4,-1016.11,0.2,0.82,-0.97,-45.3,44.55,-67.95
17.58,-108.4,-1000.98,0.77,0.22,-0.54,-44.1,43.95,-69.9
15.63,-106.45,-1006.84,-0.05,-0.37,-1.72,-44.1,44.7,-69.6
15.14,-113.28,-1002.93,-1.82,-0.95,-1.61,-44.85,43.65,-69.6
14.16,-117.19,-1004.88,1.37,-1.58,-1.57,-43.95,43.5,-70.8
15.14,-116.7,-1000.98,2.45,-0.68,-0.15,-43.95,45.75,-70.5
18.07,-110.84,-1004.88,1.02,-3.37,2.02,-43.5,44.55,-69.45
22.95,-107.42,-992.19,-0.31,-0.03,1.68,-43.5,43.8,-69.0
9.77,-109.86,-998.05,-0.49,1.36,0.75,-46.2,44.4,-69.6
25.88,-124.02,-1010.25,-1.29,1.07,-1.65,-44.85,43.95,-70.35
14.65,-110.84,-1014.65,-0.42,0.23,-0.12,-43.65,43.95,-67.8
25.88,-111.82,-1001.95,1.5,1.5,-0.06,-43.5,42.3,-69.75
17.09,-111.33,-994.14,0.58,-4.1,0.17,-43.5,42.75,-70.05
26.86,-98.63,-1007.32,2.95,-2.1,0.79,-44.85,44.4,-69.15
12.7,-115.23,-995.12,2.89,0.18,3.02,-45.0,44.55,-70.8
15.63,-112.3,-999.02,2.03,0.55,-0.18,-44.55,43.05,-69.75
16.6,-120.61,-1009.77,-2.17,0.73,-0.18,-44.25,44.55,-70.5
27.34,-109.86,-1000.98,-0.88,0.57,-2.51,-44.55,44.55,-70.8
15.63,-112.79,-1004.88,-0.79,2.59,-1.63,-44.4,42.9,-68.55
12.21,-110.84,-1006.84,-0.69,-0.6,-0.21,-43.35,44.4,-69.15
16.11,-111.33,-992.19,1.66,0.47,2.66,-44.1,44.7,-69.6
20.02,-111.33,-990.23,2.4,-1.47,0.78,-45.0,43.8,-69.0
12.7,-110.84,-1001.46,1.03,-1.11,1.13,-44.25,44.55,-70.5
15.63,-100.1,-993.65,0.63,0.03,0.72,-45.3,44.55,-69.0
21.0,-104.49,-1011.72,-0.67,1.78,-1.12,-43.65,44.4,-70.35
14.65,-105.47,-1006.84,-0.11,0.74,-1.56,-44.85,44.4,-69.9
19.53,-109.86,-998.05,-0.23,2.45,2.24,-45.3,46.05,-69.0
21.97,-106.93,-1004.39,0.61,-0.97,0.68,-44.25,45.75,-68.4
14.16,-108.89,-995.12,1.74,-4.15,0.17,-45.0,45.0,-69.0
11.23,-116.7,-1006.84,2.37,-1.6,0.97,-44.1,45.45,-70.65
6.84,-108.89,-994.63,0.93,-0.77,-4.35,-44.4,43.95,-69.15
24.41,-105.47,-1000.49,-0.07,0.86,-0.24,-45.45,43.95,-68.85
19.04,-103.03,-987.79,0.83,0.11,-0.98,-44.25,44.25,-69.45
18.07,-102.05,-1006.84,0.27,1.08,-0.23,-44.85,45.15,-68.1
15.63,-110.35,-989.75,-0.95,2.97,-1.95,-43.65,45.45,-68.55
15.14,-95.21,-1004.39,3.23,-1.54,1.21,-45.3,43.05,-69.75
11.72,-115.72,-1001.46,0.46,-2.27,0.08,-45.15,43.65,-68.1
20.02,-115.72,-1003.42,2.47,-2.18,0.66,-45.3,45.0,-69.75
24.9,-117.19,-1009.28,-0.06,-0.63,1.16,-45.15,44.4,-69.9
25.88,-99.61,-1002.93,0.82,2.07,-0.93,-43.95,45.0,-69.45
14.65,-104.0,-1004.88,1.21,-0.79,-2.35,-43.95,43.8,-68.7
15.14,-110.35,-1003.42,-1.03,2.24,-2.55,-45.3,43.05,-68.7
21.97,-115.23,-998.54,-0.33,1.73,0.16,-45.75,45.0,-68.4
30.27,-110.84,-1006.84,-0.2,0.18,0.86,-43.65,44.4,-68.1
11.23,-117.19,-1015.14,0.56,-1.46,0.42,-43.65,45.15,-68.85
11.23,-113.77,-1003.91,1.02,-0.98,0.01,-44.1,44.4,-69.6
14.65,-97.17,-1009.77,0.42,-2.18,0.92,-43.95,44.55,-69.0
25.88,-102.05,-996.58,-0.27,3.17,-2.28,-45.3,44.55,-70.05
4.39,-100.1,-1013.18,-2.85,1.3,-2.64,-45.0,44.25,-68.7
20.51,-104.0,-998.54,-0.73,0.5,-1.56,-44.55,45.0,-69.75
14.65,-108.89,-984.86,-1.69,0.7,-2.37,-44.25,43.5,-69.75
16.11,-113.77,-1010.74,2.53,-2.51,1.27,-45.15,43.65,-67.8
14.16,-112.3,-999.02,0.83,-0.64,3.02,-44.1,43.95,-69.15
13.67,-112.3,-994.14,3.21,-0.76,1.92,-44.4,43.65,-67.8
29.3,-123.54,-1002.93,1.28,0.69,2.45,-43.5,45.75,-69.0
12.21,-97.17,-996.09,-1.07,0.74,-1.71,-44.55,45.0,-69.75
33.2,-107.91,-1005.37,0.99,0.91,2.12,-44.55,45.0,-69.45
4.39,-111.33,-1001.95,1.48,2.5,3.3,-45.0,45.75,-70.8
1.95,-116.7,-1005.86,-1.08,1.47,-2.34,-45.0,44.55,-69.75
13.67,-126.95,-1002.44,3.44,1.62,0.03,-43.35,42.9,-69.6
30.27,-108.89,-1006.84,2.38,-1.8,0.54,-44.1,44.7,-70.95
13.18,-123.05,-1012.7,0.27,-1.73,-1.34,-44.55,45.0,-69.75
14.65,-110.84,-1004.39,0.14,-0.97,2.95,-44.25,45.75,-69.0
10.25,-113.28,-998.05,-0.82,0.81,1.73,-44.1,43.65,-69.6
13.18,-109.38,-993.65,-0.24,1.17,-0.47,-43.2,44.55,-70.5
10.74,-114.26,-1002.44,-0.72,-1.51,0.6,-45.9,43.95,-68.85
15.63,-112.79,-998.05,-1.13,-0.83,0.01,-44.55,45.0,-70.05
16.11,-117.19,-1002.93,1.23,-0.95,-0.21,-45.3,44.55,-70.05
24.41,-114.26,-1000.49,2.17,0.66,0.5,-45.15,43.95,-68.1
12.21,-110.35,-1000.0,0.69,-2.6,2.06,-43.65,43.95,-69.15
21.48,-109.86,-1003.42,1.08,1.71,0.82,-44.55,43.5,-68.7
22.95,-119.63,-1001.95,0.07,1.08,-1.24,-45.45,45.15,-68.55
14.65,-113.28,-998.54,-2.4,0.64,1.4,-44.55,44.25,-70.5
9.28,-115.23,-1010.74,-2.15,1.36,-2.77,-45.15,46.2,-68.55
14.65,-104.49,-999.02,-0.74,2.84,0.03,-44.4,43.65,-68.85
3.91,-95.21,-995.61,-0.33,-0.11,0.6,-43.65,44.7,-69.6
17.58,-93.75,-998.05,1.07,0.18,-0.37,-45.3,45.75,-67.95
21.48,-113.28,-989.75,1.21,-0.16,1.29,-45.15,44.7,-69.15
3.91,-114.26,-998.54,0.95,-0.78,0.55,-44.25,43.8,-70.05
21.48,-101.07,-999.51,-1.51,3.42,-1.66,-44.1,43.95,-69.6
28.32,-119.14,-1013.18,0.02,1.23,-1.24,-45.0,43.8,-68.7
5.86,-119.14,-991.21,0.3,1.91,-3.95,-44.1,43.65,-67.8
19.53,-107.42,-1013.18,-1.28,2.69,-1.21,-44.55,45.0,-69.45
18.07,-93.75,-1002.93,0.02,1.28,-3.54,-44.55,43.05,-69.45
21.0,-101.07,-1000.0,0.93,0.6,0.92,-43.5,44.25,-70.05
15.63,-130.37,-1007.81,2.62,-1.3,0.99,-45.9,44.7,-69.6
15.14,-117.19,-994.14,2.12,-2.87,-0.18,-45.0,43.8,-68.4
12.7,-118.65,-1002.93,2.11,-0.63,0.63,-46.65,44.4,-68.1
14.16,-103.03,-1001.46,-0.4,3.94,-1.94,-45.3,44.55,-69.45
17.09,-123.05,-1018.55,-1.92,2.16,0.43,-44.85,43.95,-69.9
26.37,-99.12,-983.4,-0.19,3.34,-0.45,-43.95,43.05,-69.75
9.77,-120.61,-1005.37,-0.07,0.97,-0.65,-45.45,43.2,-70.35
17.09,-116.21,-996.09,1.75,-0.29,0.21,-45.15,43.65,-68.85
20.51,-107.91,-1010.25,0.5,0.5,2.37,-45.45,45.15,-69.6
28.32,-102.54,-1010.74,1.92,-0.41,0.01,-45.0,43.5,-70.5
12.7,-116.7,-1007.32,0.73,-2.13,2.02,-45.15,45.15,-70.35
21.0,-107.42,-995.61,-1.8,2.53,1.73,-45.15,45.45,-69.6
12.7,-109.38,-999.02,0.32,1.29,-0.8,-44.4,43.2,-68.55
28.32,-98.14,-1007.32,0.69,-1.21,1.21,-44.25,46.05,-68.7
17.09,-106.93,-1000.98,-0.89,-0.25,-1.89,-44.55,44.25,-70.05
14.65,-105.47,-991.7,0.97,-0.41,1.17,-43.5,43.5,-69.75
15.14,-114.75,-999.51,0.92,0.04,0.13,-43.5,44.25,-69.0
20.02,-106.45,-1008.79,0.5,-0.22,2.52,-42.9,43.2,-68.85
20.02,-107.91,-1004.39,2.63,-1.89,0.77,-43.35,44.4,-70.35
26.37,-112.79,-989.75,-2.56,2.71,-0.53,-44.55,43.5,-69.75
20.02,-114.75,-1008.3,-0.37,-0.1,-0.39,-44.25,45.0,-69.75
12.7,-106.45,-1000.49,-0.49,0.86,0.13,-44.1,43.95,-69.9
16.11,-104.49,-996.58,0.35,1.31,-2.91,-45.3,43.5,-69.0
23.93,-102.54,-1004.88,1.45,-1.83,0.88,-43.95,44.55,-70.05
23.44,-102.54,-996.09,1.75,0.79,-0.59,-44.55,44.25,-68.7
10.74,-110.84,-1003.91,0.28,1.55,-0.18,-44.4,43.95,-69.15
13.18,-114.26,-1004.88,1.84,-2.03,0.39,-44.55,44.25,-69.75
16.11,-103.03,-998.54,-1.02,2.23,-0.34,-45.0,44.25,-70.05
27.83,-115.23,-1010.74,-1.46,0.38,0.99,-44.1,44.7,-70.35
19.04,-104.98,-1003.91,-0.85,1.64,0.48,-44.4,43.2,-70.35
13.67,-104.98,-994.14,-2.43,2.4,-1.47,-44.55,43.8,-69.45
14.16,-108.4,-1012.7,1.33,0.24,2.04,-43.95,45.0,-67.65
12.21,-111.82,-998.05,-1.62,-3.37,-1.42,-45.0,43.5,-70.5
12.21,-111.33,-999.51,1.2,-0.47,-0.44,-45.0,44.55,-69.0
8.79,-109.38,-993.16,-0.03,0.99,1.86,-44.55,43.8,-69.45
14.16,-104.0,-1013.18,-0.86,0.56,0.38,-44.85,44.4,-69.6
24.41,-121.58,-992.19,-0.89,0.47,-1.05,-44.25,44.25,-70.8
27.34,-105.47,-1002.44,0.4,2.2,-0.26,-44.55,45.0,-69.75
20.51,-102.54,-998.54,-0.5,2.31,-0.42,-44.55,43.8,-69.75
23.44,-102.54,-1011.23,-2.02,1.59,-1.33,-43.5,44.55,-68.7
20.51,-126.46,-992.19,1.52,-1.47,0.31,-44.25,42.75,-70.05
21.48,-103.03,-997.07,2.52,-2.88,0.5,-44.85,43.2,-70.65
21.97,-108.89,-1003.42,2.58,-0.15,2.52,-44.1,44.4,-68.55
22.46,-112.3,-1007.32,1.84,-2.75,0.09,-45.15,44.4,-69.6
8.3,-106.93,-1008.3,-0.63,-0.51,-2.05,-43.65,42.45,-69.6
17.58,-95.21,-1011.72,-0.77,1.01,1.31,-44.55,42.75,-69.75
28.32,-118.65,-1000.98,-1.21,0.45,4.11,-45.0,43.5,-69.0
19.04,-109.86,-999.51,-1.58,1.39,-2.35,-43.65,43.95,-70.95
12.21,-125.49,-1013.67,2.97,-1.65,0.03,-45.9,43.2,-69.9
25.88,-105.47,-998.54,-0.56,2.56,3.82,-44.85,42.45,-67.5
11.72,-110.84,-995.61,1.4,0.02,2.59,-45.0,44.25,-70.05
21.97,-120.12,-1004.88,0.5,-1.21,2.37,-44.1,45.15,-70.35
10.74,-108.89,-1021.48,-0.85,3.11,-0.85,-44.25,45.3,-67.95
7.32,-115.23,-996.09,0.15,0.97,-1.17,-44.55,44.25,-68.7
16.11,-107.42,-995.61,-1.1,0.43,-2.12,-44.1,43.65,-70.35
13.67,-107.91,-999.02,-2.79,1.02,-0.69,-45.45,45.15,-69.9
6.84,-108.89,-1001.46,2.04,-0.32,1.4,-45.3,44.55,-68.7
21.0,-111.33,-995.12,0.05,-0.88,3.61,-45.45,45.45,-68.55
10.74,-99.12,-1000.98,2.08,-1.44,3.23,-44.85,43.65,-69.15
5.37,-108.4,-1003.91,1.01,-1.15,-1.62,-45.0,43.05,-69.0
17.09,-109.86,-997.56,-0.15,1.12,0.6,-45.15,44.7,-68.85
9.77,-107.42,-1005.86,-0.27,1.21,0.59,-45.75,44.55,-69.0
21.48,-115.23,-1008.79,-2.32,-0.75,0.56,-44.85,45.9,-69.15
18.55,-108.89,-1001.46,0.01,1.82,-1.27,-45.15,42.9,-69.9
24.9,-107.42,-1003.42,0.49,-1.12,0.57,-44.1,43.95,-68.85
12.7,-116.21,-1012.21,2.06,0.24,-0.25,-44.4,44.4,-68.55
11.72,-118.16,-990.72,0.82,-0.11,2.02,-45.0,43.5,-69.75
25.39,-105.47,-1001.46,-0.13,-0.38,0.29,-45.0,43.05,-69.75
24.41,-116.7,-1002.44,0.05,3.4,-0.9,-44.25,45.3,-69.0
14.65,-104.49,-1002.93,-0.18,2.21,0.24,-45.0,44.25,-68.7
21.48,-125.49,-1006.35,0.89,1.05,0.21,-44.4,43.2,-68.55
28.81,-117.68,-998.05,-0.76,2.53,0.35,-44.55,43.8,-69.45
15.14,-113.77,-991.21,0.25,-0.26,-1.53,-44.1,44.4,-68.85
22.95,-108.4,-1005.37,0.87,0.76,1.19,-43.2,43.5,-68.4
32.23,-101.56,-1007.32,2.02,-0.92,2.24,-44.1,43.95,-69.9
13.18,-102.54,-1008.3,0.49,-0.26,3.18,-43.65,43.2,-68.55
18.55,-106.93,-996.09,1.72,-1.13,0.75,-45.15,44.7,-68.85
15.63,-116.7,-993.16,-0.27,1.25,-0.41,-44.25,42.75,-69.0
18.07,-120.12,-994.14,0.33,2.5,3.79,-45.9,44.4,-69.6
8.3,-105.47,-995.61,-0.71,-1.69,0.52,-44.1,43.65,-69.6
25.39,-116.7,-1000.0,-1.14,0.69,1.09,-44.1,43.65,-70.65
22.46,-113.28,-1000.0,0.08,-1.75,2.66,-43.95,44.25,-69.0
22.46,-115.23,-1009.28,1.1,-0.41,2.01,-45.45,44.4,-69.9
20.51,-112.79,-993.65,0.71,-0.95,1.56,-43.95,45.3,-69.45
21.48,-121.58,-1002.93,0.99,-0.6,0.09,-43.95,43.8,-69.45
13.18,-92.77,-1000.49,-0.29,-0.24,-2.16,-44.25,43.05,-69.45
28.32,-110.84,-1005.37,0.53,3.06,-1.27,-45.0,44.55,-69.0
23.93,-113.77,-1002.93,-0.19,1.5,1.25,-43.5,43.8,-69.0
16.6,-113.28,-1000.98,1.02,1.82,-1.9,-46.5,44.25,-70.05
18.07,-115.72,-1015.14,1.34,0.82,1.02,-45.3,45.3,-67.95
27.34,-98.63,-998.54,1.29,-0.61,2.05,-44.25,43.8,-68.7
26.37,-105.96,-994.14,1.84,-0.73,4.74,-44.25,45.0,-70.05
15.63,-105.47,-1008.79,-1.41,0.42,-2.79,-45.3,45.3,-69.45
25.88,-107.91,-1004.39,-1.37,-0.69,-0.21,-44.1,42.9,-69.9
14.65,-101.07,-998.54,1.01,0.65,-1.03,-44.55,43.5,-69.0
12.21,-105.96,-993.16,1.47,-1.32,-1.48,-43.95,44.55,-70.05
14.65,-103.03,-999.02,2.08,-1.5,1.78,-44.25,44.25,-69.75
12.21,-107.91,-1008.3,1.02,-0.33,1.4,-44.55,43.8,-70.5
13.18,-112.79,-997.07,2.04,-0.92,2.85,-45.0,44.25,-70.5
17.58,-110.84,-1013.18,0.47,1.76,-0.04,-45.45,44.4,-69.6
24.9,-106.45,-1001.95,0.35,2.25,-2.73,-45.45,44.7,-69.9
15.14,-98.63,-1012.21,-1.07,0.52,0.79,-44.4,43.65,-68.85
21.0,-97.17,-1005.37,-2.01,1.02,-0.46,-44.55,43.05,-69.75
17.09,-108.89,-1002.44,1.51,-0.17,0.36,-44.85,45.15,-70.35
9.77,-116.7,-1008.3,1.22,-0.98,3.24,-44.85,44.4,-69.6
15.63,-118.16,-1003.91,2.2,1.42,-0.01,-46.65,44.7,-70.35
7.81,-123.05,-1001.46,1.44,-0.63,2.35,-43.65,43.95,-68.1
6.35,-117.68,-992.19,-1.18,-2.47,0.6,-45.45,44.4,-70.35
18.07,-90.82,-1000.49,-0.86,0.72,-2.6,-44.55,45.0,-69.75
10.74,-119.14,-996.09,-0.24,2.05,-1.88,-44.85,43.95,-69.6
21.48,-120.61,-1001.95,-0.62,1.78,-1.24,-44.4,43.95,-70.95
9.77,-109.86,-1008.79,1.01,-3.21,-0.22,-43.95,44.25,-70.05
18.55,-104.98,-996.09,1.76,-1.18,1.15,-45.0,43.8,-69.45
8.3,-109.86,-1000.49,0.53,-0.32,3.11,-45.3,43.05,-70.05
21.97,-102.05,-1010.74,1.2,1.72,-1.5,-45.15,43.95,-68.55
19.04,-107.42,-1000.0,0.16,1.62,-2.53,-45.3,43.8,-69.0
16.11,-110.35,-999.51,-1.11,0.14,-2.42,-44.25,44.25,-70.05
17.58,-108.4,-1003.42,-0.17,-0.11,1.29,-46.05,43.8,-69.0
14.16,-110.35,-1007.81,1.02,-0.04,0.27,-43.65,45.45,-69.15
17.09,-112.3,-1007.32,0.6,-1.38,1.8,-44.55,44.55,-69.0
15.63,-112.3,-1000.98,-0.14,-0.24,1.94,-45.0,44.25,-69.45
18.55,-94.24,-1005.37,1.54,-0.89,-0.1,-44.85,44.7,-68.85
26.86,-97.66,-999.51,-0.19,-1.92,-0.11,-44.1,43.2,-69.6
24.9,-118.65,-1000.0,-1.45,0.95,-0.53,-44.4,43.95,-69.6
6.84,-118.65,-999.51,0.4,1.96,1.78,-43.5,45.0,-69.0
10.74,-119.14,-1009.77,-2.06,2.02,0.51,-44.4,43.65,-69.15
20.51,-121.09,-1002.44,-1.6,0.08,-2.77,-44.4,44.7,-70.65
11.72,-111.33,-1006.84,2.76,-0.23,-0.18,-46.5,43.8,-69.0
21.0,-113.77,-996.09,1.92,-3.48,-0.49,-43.65,44.7,-70.35
23.93,-114.75,-1004.39,2.36,0.61,1.05,-45.0,43.05,-69.0
20.51,-107.42,-1006.84,2.4,-2.31,0.5,-44.85,44.7,-69.9
14.16,-104.0,-1013.67,-0.76,0.63,1.37,-44.4,44.7,-69.9
11.72,-117.19,-996.58,-0.39,3.22,-1.44,-45.15,44.4,-69.15
14.65,-102.54,-1005.86,-0.92,3.09,-1.34,-45.75,45.0,-68.7
22.95,-113.28,-998.05,-1.62,3.68,-1.17,-44.55,44.25,-69.75
12.7,-108.89,-1004.88,0.95,0.96,2.41,-44.4,45.45,-70.35
33.2,-101.07,-1008.79,1.37,0.4,0.7,-44.25,44.55,-69.45
2.93,-122.07,-1000.0,1.03,-1.2,1.44,-44.55,43.5,-69.45
11.23,-114.26,-1010.74,2.49,0.24,0.34,-43.65,44.4,-69.6
10.25,-98.63,-1011.23,0.18,0.61,-1.14,-43.65,43.95,-69.6
17.09,-105.47,-1004.39,1.63,1.83,1.57,-45.45,46.65,-68.85
18.55,-103.52,-1016.6,-1.2,-0.2,-2.4,-45.0,43.8,-70.5
19.04,-107.91,-1000.98,1.96,-0.47,-0.08,-45.0,43.8,-69.45
17.09,-98.63,-993.16,2.4,0.31,2.63,-45.45,45.45,-69.15
14.65,-102.54,-994.14,2.2,-0.24,0.41,-44.1,44.4,-68.55
16.11,-121.58,-1007.32,0.92,-1.33,0.05,-44.25,45.0,-68.7
17.09,-101.56,-1008.3,-0.27,1.16,-1.47,-43.35,44.7,-69.15
21.97,-111.33,-1009.77,-1.69,0.12,-0.51,-45.75,44.25,-69.75
20.51,-111.82,-1006.35,0.03,4.18,-1.85,-45.0,45.0,-70.05
10.25,-119.14,-1007.81,0.66,-1.12,-0.01,-44.1,45.45,-69.6
22.46,-116.7,-1012.21,3.11,-3.86,0.91,-43.5,44.55,-70.05
15.14,-116.21,-996.58,1.69,-1.54,4.3,-45.3,43.8,-68.7
9.28,-107.42,-1006.84,1.08,-0.86,3.39,-44.55,44.25,-70.05
21.0,-118.65,-1006.84,-1.85,-0.15,-2.89,-43.5,44.55,-69.75
13.67,-105.96,-1000.98,-0.53,-1.6,-0.56,-44.85,45.15,-70.35
0.0,-104.98,-995.12,-1.09,-1.14,-3.91,-44.4,44.7,-69.6
10.25,-110.35,-988.28,-1.63,1.69,0.4,-45.75,42.75,-69.45
20.51,-115.23,-1003.91,1.93,-0.29,0.11,-45.0,43.8,-69.45
20.51,-112.79,-1005.86,0.86,-2.21,0.0,-43.5,43.8,-68.7
17.58,-115.23,-1002.93,2.02,0.43,0.63,-45.0,45.0,-68.7
7.32,-120.61,-1005.86,0.15,0.79,0.75,-45.45,45.15,-69.6
26.86,-108.89,-1000.98,-0.04,1.68,-2.09,-44.25,43.8,-69.75
10.74,-114.26,-1007.32,-1.08,3.27,-0.51,-44.4,44.4,-70.65
10.74,-119.14,-999.51,1.05,-2.97,0.08,-44.4,44.4,-70.65
19.04,-110.35,-1007.32,0.24,-0.42,3.18,-45.15,43.95,-68.55
