1013.18,48.34,19.04,-1.93,4.05,-2.7,-118.5,51.15,-45.75
1007.32,38.09,17.09,1.24,-0.99,1.83,-117.45,49.95,-45.3
996.58,61.04,29.79,0.68,0.37,-0.95,-118.5,50.7,-46.8
1003.91,48.34,12.21,0.23,-2.04,2.81,-118.5,50.4,-45.0
992.19,60.55,18.07,-1.35,-1.05,-0.24,-118.5,51.9,-45.75
1000.98,58.11,14.16,-1.46,0.91,0.17,-117.75,49.65,-46.2
1019.53,51.76,13.18,0.62,1.47,-2.85,-118.65,49.8,-44.85
996.58,56.15,23.93,0.31,-0.37,0.15,-118.5,51.9,-45.3
1015.63,53.71,18.55,1.95,-1.82,1.08,-118.5,51.45,-45.3
1000.49,50.29,19.53,0.74,-1.47,-0.27,-117.45,50.4,-45.3
1000.0,49.32,21.0,-0.74,2.83,-1.05,-117.45,50.7,-46.05
1005.86,41.02,18.07,-1.04,1.21,-2.7,-117.75,49.95,-45.0
1007.81,63.48,20.02,0.26,0.54,-3.36,-117.6,51.0,-45.6
999.02,36.13,15.14,2.13,-1.27,2.37,-118.95,49.95,-45.0
999.02,55.18,8.79,1.31,1.44,1.34,-117.6,51.0,-45.6
1014.16,50.78,20.02,2.32,1.58,2.69,-117.15,49.65,-46.05
1005.37,58.11,17.09,1.37,1.4,-1.27,-118.05,49.05,-45.6
1007.81,47.85,12.7,-0.5,1.47,-1.98,-118.65,49.5,-45.9
995.61,49.32,14.65,-0.61,0.23,0.48,-116.55,50.25,-45.15
994.14,58.11,22.46,3.4,-0.73,-0.35,-118.2,49.2,-45.3
1004.88,48.83,27.83,1.56,-1.36,2.25,-117.45,51.45,-46.05
996.58,54.2,22.95,0.85,2.08,0.13,-119.1,50.55,-45.9
1008.3,59.57,20.02,0.08,-0.13,-1.46,-117.75,50.4,-45.0
998.54,49.8,13.18,-0.92,2.2,0.22,-118.95,49.65,-46.05
1007.81,47.36,22.46,1.84,-0.34,-0.46,-118.2,50.4,-44.25
1004.39,52.25,19.04,1.24,0.31,3.92,-117.75,50.7,-46.35
1002.93,58.59,21.0,0.63,-1.51,0.07,-117.75,51.9,-46.35
1009.77,65.43,14.65,1.08,0.32,-2.5,-117.3,51.75,-44.4
1006.35,62.01,8.79,-0.81,1.95,0.8,-116.85,50.25,-44.4
1013.18,56.15,14.16,-0.09,0.91,0.63,-118.35,50.25,-45.9
1007.32,47.36,27.83,3.76,-2.39,2.39,-118.35,50.25,-45.9
1009.77,45.41,23.44,2.18,-0.59,1.52,-117.45,51.45,-45.3
1002.44,51.27,23.93,3.15,-1.47,1.69,-117.75,49.2,-44.7
997.56,65.92,21.0,-1.35,1.78,-0.98,-117.6,51.0,-44.85
1003.91,41.5,25.39,-1.31,1.76,1.54,-118.65,50.25,-46.65
992.68,58.11,14.16,-1.05,1.77,-0.31,-119.25,50.7,-45.0
1000.98,50.78,18.07,-0.54,-3.21,-0.6,-119.1,49.8,-46.2
1014.16,65.92,24.9,0.52,-2.18,1.21,-118.35,51.3,-45.6
1003.42,56.15,18.55,2.08,-2.49,1.18,-116.55,51.0,-44.85
1010.25,54.69,11.23,0.89,1.37,-1.44,-118.05,51.0,-45.6
1006.84,53.22,19.04,0.27,1.14,-2.82,-117.3,49.5,-45.15
1004.39,53.22,2.44,-2.22,1.79,-0.99,-116.55,50.25,-45.9
1011.23,51.76,14.65,3.59,-2.95,0.05,-118.2,50.4,-46.05
1000.98,54.69,17.58,3.16,0.11,1.7,-117.75,51.15,-45.3
988.77,54.69,10.74,1.21,-2.63,-0.49,-118.65,50.55,-45.15
1016.11,59.57,24.41,0.81,-0.27,1.91,-117.45,51.9,-46.05
993.65,59.57,26.37,-0.24,0.55,-0.37,-117.6,50.55,-46.2
1002.93,55.66,11.72,-3.43,0.28,1.65,-118.2,50.7,-45.75
1004.88,43.46,16.11,2.38,-2.61,2.58,-118.35,50.25,-45.6
1001.95,61.52,16.11,0.38,-0.08,1.23,-117.75,50.7,-46.8
997.56,53.22,17.58,0.59,-0.46,2.29,-118.2,50.4,-45.3
991.7,58.11,14.65,-0.69,0.98,0.62,-117.3,49.5,-46.2
1004.88,51.27,18.07,-0.37,1.54,-0.87,-119.4,51.0,-44.85
995.12,51.76,20.02,-0.43,0.51,-1.95,-116.85,50.25,-44.85
1007.81,53.71,29.3,1.24,-1.56,1.97,-118.35,50.25,-45.15
997.07,54.69,16.11,1.72,-1.34,-1.14,-117.45,50.4,-46.35
1004.88,50.78,7.81,1.21,-1.61,2.93,-118.35,50.55,-45.6
1012.7,49.8,25.39,-0.76,1.1,0.3,-118.2,50.4,-44.7
1004.39,62.99,9.28,-0.17,0.26,-4.07,-119.1,51.3,-45.9
1003.91,59.08,19.53,-1.34,2.54,-2.25,-117.6,51.0,-45.15
1003.91,41.5,22.95,-0.06,-2.73,2.9,-119.1,51.3,-46.2
997.56,59.57,14.65,2.12,-1.82,1.76,-116.55,50.55,-45.6
1004.88,54.69,22.46,-0.47,2.79,-0.27,-118.5,51.9,-43.95
1010.74,65.43,11.72,-1.18,2.67,-0.86,-117.6,49.8,-45.9
1007.81,63.96,20.02,-0.07,0.48,-2.1,-118.5,49.95,-45.3
1006.84,61.52,26.37,2.06,-2.1,0.82,-118.2,50.4,-46.05
995.12,65.43,9.28,0.68,-0.29,1.0,-118.2,50.4,-45.3
994.14,52.73,17.58,-1.43,-0.21,-1.1,-118.5,50.7,-45.3
997.07,50.29,22.46,-2.4,-0.18,-1.21,-118.5,49.95,-45.75
1000.49,55.66,13.67,-1.28,-0.63,0.52,-118.95,50.4,-45.3
1007.32,52.73,27.34,2.5,-2.05,3.04,-120.6,51.3,-44.85
997.56,55.18,22.46,2.24,0.9,-1.64,-118.5,50.4,-45.75
1001.46,55.66,9.28,1.92,-1.42,0.73,-119.7,52.65,-46.05
997.07,61.52,21.0,1.24,-0.56,-2.56,-119.4,51.0,-45.6
997.56,40.53,17.58,-2.06,-0.16,-3.15,-120.9,52.05,-46.2
1004.88,59.57,8.79,-1.51,0.01,-2.2,-120.15,52.5,-45.9
1002.93,48.34,12.21,1.09,-1.16,-0.18,-119.1,52.8,-45.15
1002.44,49.32,16.6,1.44,-0.4,-0.26,-118.5,51.15,-44.7
1001.95,49.32,22.46,1.47,-1.91,1.66,-118.5,51.45,-45.75
1001.46,49.8,27.34,-1.46,-0.2,0.42,-119.85,52.05,-46.2
1005.86,50.29,17.09,2.2,-1.97,-4.44,-120.3,51.15,-47.1
995.61,61.04,19.53,1.24,-3.37,2.79,-120.15,52.5,-45.15
997.07,62.01,17.58,-0.44,-1.33,-0.74,-118.5,51.45,-45.3
1000.0,49.8,26.37,1.4,-0.66,-0.98,-117.6,52.8,-46.65
1004.88,37.11,23.44,-0.44,2.47,0.31,-119.85,51.3,-46.2
1002.44,53.22,18.55,-0.63,0.19,0.89,-119.4,51.0,-46.65
1000.0,51.27,14.16,-0.1,0.8,-0.5,-117.75,51.15,-46.05
999.51,59.08,14.16,1.74,-0.15,4.79,-118.35,51.75,-46.2
1001.95,48.34,20.51,1.13,-1.95,1.49,-118.65,51.75,-46.95
1005.37,60.55,19.04,0.6,-0.97,2.48,-117.45,51.9,-47.1
1000.0,52.25,18.55,-0.9,-0.08,-0.59,-118.35,50.25,-46.2
1007.32,50.78,21.48,-0.09,1.27,3.08,-118.05,52.05,-45.9
999.02,57.62,24.9,-3.27,1.47,-1.43,-117.45,49.95,-46.8
1006.35,54.2,18.07,1.83,-1.4,1.51,-117.3,50.55,-46.95
1000.98,50.29,25.88,1.71,-0.58,-0.27,-117.45,50.4,-46.05
997.07,54.69,19.53,1.03,1.32,2.73,-117.6,51.75,-45.6
1000.0,57.13,15.63,-0.54,-0.96,0.52,-118.35,51.75,-46.2
997.56,62.5,22.46,-2.87,0.12,-1.24,-118.05,50.55,-46.95
1002.44,40.53,3.42,0.31,2.43,0.87,-117.45,51.45,-46.8
1000.98,62.01,20.51,0.55,0.73,1.6,-117.75,51.15,-47.55
1002.93,41.99,14.16,2.43,-0.73,3.15,-118.35,50.55,-45.9
1010.25,41.99,8.3,0.15,-1.03,-1.42,-118.5,51.15,-47.1
1001.95,53.71,3.42,-0.55,1.83,1.0,-117.6,51.3,-45.9
996.58,58.59,21.97,0.9,2.84,-0.01,-117.45,51.15,-47.1
1000.49,51.76,19.04,1.63,-2.27,2.73,-117.6,49.5,-45.9
1003.42,57.13,18.55,1.58,0.56,1.23,-117.6,51.3,-46.65
999.51,61.52,15.63,-0.34,-0.36,-1.19,-116.7,49.65,-45.75
995.61,50.29,19.04,-0.27,-0.16,-1.08,-118.65,51.0,-46.2
998.54,43.46,7.81,0.92,0.52,0.18,-118.95,50.7,-46.8
1016.6,57.13,26.37,0.08,4.02,-0.83,-119.1,50.25,-46.2
996.09,56.15,16.11,0.79,-1.75,2.01,-118.05,51.3,-46.2
1010.25,47.36,26.37,3.06,0.23,5.89,-116.55,52.05,-46.65
1002.93,39.55,21.97,1.98,2.15,-0.63,-117.6,50.25,-46.2
1003.42,57.13,15.63,0.13,1.25,1.09,-118.95,51.15,-46.05
1000.49,58.59,3.42,-1.31,-0.86,-0.31,-118.95,50.4,-47.1
1007.32,46.88,16.11,0.24,1.44,0.53,-118.65,50.25,-46.65
1000.98,50.29,20.51,-0.31,1.5,-0.17,-118.5,51.45,-47.1
993.16,46.39,17.58,0.54,-0.61,-0.34,-117.75,51.15,-45.75
1006.84,57.62,3.91,-0.01,-0.4,2.73,-117.45,49.65,-45.75
1015.14,68.36,10.25,1.75,-0.08,-0.67,-117.3,52.5,-47.7
1001.95,59.08,15.63,0.65,0.79,-1.82,-116.7,51.45,-46.35
1014.65,60.06,20.02,-1.51,0.31,0.53,-118.5,49.95,-46.35
1005.37,55.18,22.95,-1.54,-0.73,-0.08,-118.05,51.0,-46.2
1015.63,71.29,12.7,-0.9,0.86,-0.54,-117.15,51.45,-46.8
1000.0,52.73,13.67,0.66,-4.23,2.32,-118.05,51.0,-45.9
1002.44,58.11,19.04,1.47,0.44,2.25,-118.5,51.15,-45.75
1006.84,79.1,19.53,2.22,-0.83,0.29,-118.5,51.45,-47.1
1000.49,26.37,20.51,-0.24,-1.87,1.5,-117.75,49.95,-45.3
998.54,51.76,9.77,-0.01,1.91,-0.31,-118.05,51.0,-46.65
997.56,49.8,24.41,0.41,2.95,-1.64,-118.65,50.55,-46.65
1002.44,39.06,8.79,-0.57,-1.26,0.24,-118.65,51.0,-45.6
1002.93,48.83,17.58,-0.72,1.62,0.69,-117.6,51.75,-45.9
994.63,57.13,13.67,-0.39,-1.51,1.1,-118.35,49.8,-47.25
999.02,44.43,10.25,0.95,-4.95,0.76,-118.2,50.7,-46.35
1001.95,55.18,16.11,0.91,-0.64,1.57,-118.95,50.7,-46.05
998.05,67.87,16.6,-0.22,1.2,-3.06,-118.05,51.3,-46.2
996.58,63.96,24.41,-1.12,-1.63,-0.04,-118.95,51.15,-46.05
995.12,59.57,19.53,1.0,0.27,-0.02,-118.5,49.65,-45.3
1008.3,47.85,16.11,-0.67,1.01,-0.21,-118.2,49.2,-46.8
999.51,48.34,20.02,0.92,-0.71,2.05,-119.1,51.0,-46.65
989.75,34.18,19.53,1.86,-0.58,0.95,-118.95,52.2,-46.05
991.7,42.97,21.97,2.41,-0.25,2.02,-118.35,52.5,-46.65
1000.0,33.69,25.39,0.67,-1.81,2.95,-118.35,51.3,-46.95
999.51,50.29,14.65,0.32,2.11,0.63,-117.75,51.45,-45.75
995.12,57.62,27.83,-0.29,-0.27,-1.79,-117.45,50.7,-47.1
997.56,51.27,31.74,0.2,2.05,-0.41,-117.45,51.45,-46.8
1014.65,69.34,18.07,-1.47,1.59,-1.11,-118.05,51.0,-48.45
1007.81,57.13,22.46,0.61,1.8,2.82,-116.55,51.0,-46.95
999.51,50.78,23.93,1.11,-1.27,1.64,-118.35,51.3,-46.2
995.61,56.64,16.11,1.67,-0.45,2.6,-118.2,51.9,-45.3
998.54,53.71,29.79,1.85,-0.98,0.48,-118.05,50.25,-47.25
1006.35,56.64,19.04,1.42,1.76,4.49,-118.05,50.55,-48.0
1000.98,57.13,7.32,0.22,2.42,-1.14,-117.6,51.0,-45.9
989.75,48.83,18.07,-0.31,1.01,-0.93,-118.05,50.55,-46.2
993.16,41.99,26.86,-0.01,1.21,-1.85,-118.2,51.45,-46.8
993.16,45.41,12.21,0.45,-0.44,0.4,-118.5,50.7,-47.1
1004.39,58.59,11.72,2.15,-1.56,1.53,-118.65,51.3,-46.2
994.14,51.76,12.7,2.74,-1.48,1.66,-117.45,50.7,-47.55
993.65,52.73,13.18,-0.42,-3.99,0.54,-117.6,50.25,-46.65
996.58,57.62,18.55,-0.97,0.28,-0.65,-118.5,51.15,-47.1
1006.84,52.25,23.44,-0.81,-1.34,-0.58,-118.05,51.75,-46.2
1001.95,59.57,23.93,0.11,2.76,-3.24,-116.85,51.3,-46.2
997.56,48.34,12.7,-1.19,-0.27,-0.59,-116.85,49.5,-45.9
994.14,42.97,19.53,1.36,1.76,2.98,-118.05,52.05,-47.7
999.51,47.85,35.64,0.19,0.73,1.67,-118.35,51.75,-45.15
1008.3,48.34,15.14,2.82,-0.73,0.53,-118.2,51.45,-47.55
992.68,60.55,23.93,0.72,1.27,-0.64,-116.55,50.55,-46.2
1000.98,55.66,26.37,1.14,1.43,-1.03,-117.3,51.0,-45.15
1008.3,57.13,14.16,-0.18,0.73,-1.12,-118.05,51.75,-46.95
991.21,51.76,19.53,-0.57,2.7,0.6,-117.75,50.7,-46.05
1009.28,53.22,10.74,-0.34,1.21,-0.31,-119.25,50.7,-46.35
1014.65,58.59,13.18,-1.41,0.16,-2.39,-118.35,50.55,-47.25
1009.28,50.29,23.93,1.69,-0.41,2.04,-118.2,50.7,-46.05
1000.98,66.89,24.9,2.4,-0.4,-0.79,-118.05,52.5,-46.2
996.58,54.69,16.6,0.22,1.8,0.23,-117.75,51.45,-45.3
1005.86,51.76,18.55,1.48,-0.82,0.49,-119.1,52.5,-46.2
1007.32,62.5,15.63,-1.48,1.01,-1.45,-118.5,52.2,-45.75
1003.42,48.83,21.0,-0.55,1.2,-2.24,-118.5,49.65,-46.8
999.51,46.39,19.04,-0.4,2.92,-1.13,-118.35,52.05,-45.15
1009.77,64.94,15.14,-0.98,0.38,-0.79,-118.35,51.0,-44.4
1001.95,62.5,17.09,1.94,0.5,2.02,-116.55,51.3,-45.9
1006.35,57.62,14.65,1.73,0.81,1.56,-118.2,51.15,-45.3
1001.95,50.29,17.58,0.33,-3.21,1.6,-118.05,52.5,-44.85
1005.86,52.73,24.41,-2.0,-0.66,-1.1,-117.6,51.3,-44.85
1001.46,46.39,20.51,1.6,-0.62,2.45,-118.2,51.15,-45.3
1004.88,52.25,19.53,-0.12,0.16,-2.17,-118.35,51.3,-45.9
1010.25,52.25,18.55,-1.83,-0.39,-0.74,-117.15,49.95,-46.8
999.51,58.11,14.16,1.15,-3.22,1.7,-119.1,50.55,-46.65
999.02,49.32,18.07,-1.89,0.45,-1.08,-118.5,50.7,-45.3
1001.95,57.62,21.48,1.29,1.42,-1.08,-117.3,50.25,-45.9
996.58,55.66,19.04,-2.76,1.37,0.3,-118.2,50.7,-46.2
1003.91,46.39,16.11,-0.24,3.27,-1.19,-118.35,51.0,-46.65
1069.34,83.01,0.0,-0.46,4.07,1.95,-118.95,51.15,-45.0
1043.95,91.31,7.81,1.38,-0.53,1.91,-118.35,51.75,-47.25
917.48,4.39,24.9,0.48,-1.31,1.04,-117.15,51.9,-46.35
997.07,53.71,19.04,1.69,-3.16,1.18,-119.7,50.4,-46.05
1001.46,47.36,4.88,-1.38,-1.69,-0.14,-117.45,50.4,-43.95
1002.93,53.22,13.18,-1.05,-3.33,1.44,-117.45,51.9,-46.05
1002.93,48.83,22.46,1.24,-0.88,1.35,-117.45,52.2,-47.1
1004.88,56.64,14.16,2.63,-0.51,2.49,-117.45,50.4,-45.3
1003.42,48.83,18.07,2.83,-0.81,4.85,-118.05,49.5,-45.9
1006.84,62.5,13.18,-0.49,0.27,-0.73,-118.2,51.15,-46.35
1010.74,49.8,23.44,-1.15,0.2,-2.48,-117.3,49.8,-45.9
997.56,49.32,24.9,-0.14,0.88,0.55,-117.45,51.15,-46.8
1000.0,53.22,8.3,-0.72,-1.5,-0.29,-117.6,50.55,-46.95
997.56,63.96,10.74,-1.4,0.55,-1.92,-117.15,51.15,-46.05
1010.74,69.82,17.58,-1.11,0.17,-0.15,-118.95,51.45,-45.0
1000.49,49.32,21.97,-0.64,1.44,-0.82,-119.25,52.2,-46.05
1007.32,55.66,-4.39,1.85,-0.05,1.69,-117.75,49.95,-46.35
1005.86,48.83,15.63,2.14,0.12,-0.81,-117.6,52.05,-46.2
1004.88,44.43,23.93,2.18,-1.21,2.4,-118.35,51.75,-46.95
998.05,63.48,15.14,1.5,0.47,1.75,-117.75,51.15,-45.0
1009.77,51.27,7.32,1.06,1.27,1.35,-117.45,51.15,-47.1
992.19,51.76,21.97,1.02,-0.72,0.93,-119.1,52.5,-46.95
995.61,59.08,27.83,0.11,-1.78,-0.58,-118.05,52.8,-45.15
1007.81,52.25,21.97,0.42,0.47,1.32,-117.45,51.15,-46.35
1016.11,54.69,19.53,0.39,-1.63,-0.64,-118.5,51.45,-45.75
1000.49,61.52,24.41,0.57,1.06,-1.47,-118.95,50.7,-46.35
1014.65,45.9,17.09,-1.29,0.76,0.63,-118.05,51.0,-45.15
1004.39,57.13,23.93,0.28,1.2,-2.02,-118.5,50.7,-47.55
1007.81,41.5,18.55,-0.69,-0.15,-1.61,-118.05,50.25,-45.6
1005.37,48.83,3.42,0.02,0.68,-1.89,-118.2,51.45,-45.0
1000.49,51.27,27.34,-0.8,-1.1,-0.74,-117.3,49.8,-45.9
1000.98,44.92,23.93,0.34,2.31,-1.97,-118.35,51.3,-46.95
1000.98,59.08,11.72,-0.56,2.14,-1.44,-117.3,50.55,-45.6
998.54,52.73,16.6,-1.96,1.95,-0.93,-117.6,51.3,-46.2
1000.49,49.8,25.39,-0.98,-0.02,-0.05,-118.5,50.7,-45.75
1009.77,56.64,18.55,-1.5,2.15,-1.27,-118.2,51.45,-48.15
996.58,52.25,19.53,-0.56,2.26,0.44,-119.1,51.0,-45.15
999.51,56.15,20.02,-1.15,2.3,1.37,-117.75,50.7,-45.75
1007.81,58.59,15.14,0.59,1.47,1.6,-116.85,50.55,-45.15
1000.49,56.15,24.41,-1.5,1.35,-1.15,-117.45,50.7,-45.0
1006.35,54.69,24.41,-0.38,0.13,-1.69,-118.95,49.95,-46.8
1003.42,60.55,23.44,1.93,0.31,0.2,-116.7,50.7,-45.75
998.05,54.69,16.11,1.94,1.66,-0.38,-117.15,50.4,-45.75
1006.35,48.83,17.58,2.39,-1.98,0.12,-116.85,51.0,-47.7
1008.3,47.36,11.72,1.33,-0.63,3.37,-117.75,51.9,-44.7
1007.32,62.99,10.25,2.98,0.23,1.5,-118.2,49.95,-47.1
1004.39,48.83,14.65,2.28,2.27,1.28,-116.85,51.75,-46.65
1002.93,60.55,30.27,2.63,-0.09,0.0,-118.65,51.75,-47.25
1002.93,53.22,11.72,-0.34,-2.12,1.65,-117.75,51.45,-47.1
999.51,46.39,17.09,-0.08,-1.06,1.21,-117.15,50.7,-46.05
1007.81,52.25,15.63,3.07,-1.24,1.47,-117.3,50.25,-46.95
1013.18,57.13,23.93,0.34,0.34,0.73,-117.75,50.4,-46.05
996.09,49.32,16.11,1.73,-2.56,2.03,-118.35,51.3,-45.6
999.51,46.39,22.95,1.18,-1.26,1.5,-117.6,51.3,-45.6
1015.63,51.27,17.09,0.69,-0.94,1.02,-117.15,51.45,-46.05
1005.37,47.36,16.6,2.99,-1.48,0.71,-118.5,52.2,-46.05
996.58,60.55,6.84,-0.21,-2.13,-0.4,-118.5,51.15,-45.75
1010.25,52.73,36.13,-1.69,0.35,0.02,-117.15,51.15,-46.05
1001.95,43.95,28.81,-0.85,0.05,-2.27,-117.75,50.7,-44.7
1006.84,56.64,19.04,0.16,-1.17,-0.11,-117.45,51.45,-47.55
1005.86,38.57,25.88,-1.4,0.66,-1.34,-118.65,51.3,-46.2
1005.86,52.25,23.44,-1.85,-0.5,0.05,-118.05,50.55,-46.65
1003.42,60.55,8.3,1.34,1.77,-1.53,-119.1,52.05,-46.65
993.65,58.59,18.07,0.56,1.36,-0.91,-117.6,50.25,-45.9
1003.91,60.55,7.81,-0.95,2.11,0.27,-117.75,51.15,-47.1
1014.16,49.8,19.04,-1.45,-0.91,-1.32,-117.45,52.2,-46.35
1008.3,47.85,17.58,-1.66,3.06,-1.18,-118.05,51.3,-45.9
993.16,50.78,28.32,2.66,0.52,-1.7,-118.35,51.75,-45.6
1004.88,48.34,17.58,0.31,1.02,-0.19,-117.45,51.15,-46.35
996.58,51.27,23.44,-1.42,1.6,-1.24,-116.7,51.15,-45.3
1006.84,59.57,7.81,0.18,0.15,-2.7,-117.6,50.25,-46.95
1012.7,52.73,15.14,-1.7,-1.12,-0.18,-118.2,50.4,-45.0
1002.93,41.99,11.23,-1.38,3.0,-1.27,-119.1,51.0,-46.2
998.54,50.29,21.0,0.2,-0.67,1.67,-118.35,51.75,-45.9
1008.79,49.32,24.41,-1.07,1.15,2.39,-118.65,51.75,-45.9
1023.44,66.89,16.11,-0.85,-1.63,-1.75,-118.05,50.55,-45.6
1003.91,47.85,17.58,-0.34,-0.52,-2.91,-117.15,51.45,-46.8
1007.32,59.57,22.95,-1.22,1.72,-1.85,-118.05,51.0,-46.2
1003.91,46.88,23.44,-1.37,2.2,-0.59,-117.75,50.7,-46.05
1001.95,58.11,6.84,-1.35,3.03,0.69,-118.35,52.5,-45.6
1003.91,46.39,24.41,-1.89,2.44,0.33,-118.5,51.9,-46.35
1002.44,44.43,7.32,-1.53,0.23,0.14,-118.35,51.0,-45.9
985.84,63.48,16.6,-2.59,1.94,-0.51,-116.7,51.45,-45.75
1007.32,45.9,12.21,0.6,1.79,1.47,-117.6,51.75,-45.9
999.02,52.73,12.21,-1.21,1.68,-0.95,-118.05,50.25,-45.6
1000.98,50.29,20.51,-0.02,3.31,-0.4,-117.75,51.45,-46.05
996.58,48.34,21.48,-2.31,2.37,1.65,-117.6,51.75,-45.9
999.02,47.36,27.83,-1.24,2.66,-0.02,-117.75,51.15,-46.05
999.51,47.85,14.65,-0.4,-1.41,-0.29,-118.2,50.7,-45.3
1017.58,49.32,23.44,0.88,-3.24,3.92,-119.4,52.5,-46.95
999.51,59.57,20.51,-0.09,-0.82,0.15,-118.2,51.45,-46.8
1007.81,61.04,19.04,1.88,1.89,3.35,-118.2,51.45,-46.35
1006.84,62.01,19.04,-0.04,-0.66,1.15,-118.5,51.45,-47.1
1003.91,66.41,20.02,1.44,-0.47,0.69,-119.25,51.45,-46.35
1006.35,54.2,18.55,-0.04,-1.51,1.6,-116.7,51.9,-46.05
1006.84,53.22,32.23,2.34,-2.63,2.15,-118.65,51.3,-47.25
1008.79,54.2,31.25,3.65,-0.27,0.47,-116.7,50.7,-47.55
989.75,46.88,18.55,2.7,0.95,2.25,-119.1,51.0,-46.2
995.61,34.18,12.21,2.12,-0.56,-0.2,-118.65,50.25,-45.6
1000.98,53.71,15.14,-0.6,-1.21,1.48,-118.05,51.3,-47.25
997.07,42.48,12.7,-0.44,0.17,0.05,-119.1,50.55,-46.2
997.07,51.76,13.18,0.69,0.68,-2.2,-116.85,51.0,-45.6
1006.84,50.29,25.39,-0.07,1.29,-0.57,-118.05,50.55,-45.9
1014.16,57.13,9.28,0.24,3.64,-0.57,-117.3,51.3,-44.85
1004.39,47.36,23.44,-1.65,0.95,-1.12,-118.65,50.55,-45.9
1003.91,50.29,15.63,1.21,2.04,2.04,-117.6,50.55,-46.2
988.77,57.13,22.95,-0.5,1.89,-1.53,-117.75,51.9,-46.05
997.07,52.25,14.65,-1.18,0.23,0.37,-117.6,51.0,-45.15
1014.65,62.01,23.93,-0.24,0.46,-0.53,-116.85,51.3,-45.6
999.02,46.88,23.44,-2.48,0.15,-2.9,-117.6,52.5,-45.9
1003.91,45.9,14.65,0.53,-1.0,-2.53,-117.75,50.7,-46.05
1012.21,54.69,21.48,0.05,1.94,-0.64,-118.65,52.05,-46.65
1003.42,42.97,17.09,-0.14,1.79,-2.36,-116.55,50.25,-46.2
993.16,60.06,11.72,2.95,-1.5,0.64,-118.35,50.55,-46.65
1011.72,48.34,26.37,-0.35,-2.15,2.35,-118.35,51.3,-46.2
1013.18,55.66,14.65,0.09,-0.89,-0.22,-118.05,51.3,-45.15
1008.79,49.32,10.25,1.7,-3.13,0.07,-116.85,49.5,-45.9
991.21,56.15,14.16,0.8,-0.62,-0.73,-117.6,51.0,-45.9
996.58,57.62,40.04,1.05,0.69,-0.89,-118.35,51.3,-45.9
1010.25,50.29,18.07,1.94,-0.53,1.17,-118.2,51.45,-47.55
1000.0,44.92,14.65,-2.31,-0.47,-2.61,-117.3,52.05,-44.85
1003.42,57.13,20.51,-2.47,1.57,-1.95,-119.25,51.45,-46.35
1001.95,57.13,15.14,-1.94,1.24,-6.06,-118.2,51.15,-45.75
1005.86,54.69,25.39,0.15,0.9,1.07,-118.2,50.7,-47.55
995.12,62.01,18.07,1.78,1.49,0.85,-117.45,51.45,-47.1
994.63,45.9,12.21,2.99,-2.56,1.65,-117.45,51.15,-46.35
1004.88,45.41,23.44,1.18,-1.32,3.02,-118.95,51.45,-46.05
1003.91,56.64,13.67,1.86,0.5,1.25,-120.3,51.15,-46.8
998.05,48.83,12.21,-0.1,1.66,0.3,-118.2,51.45,-45.75
1000.98,40.53,22.46,-0.94,0.34,0.95,-117.6,51.0,-46.2
1017.09,50.78,25.88,-0.49,-0.01,-1.58,-118.35,50.55,-47.25
999.02,53.71,10.74,-0.56,1.6,-3.3,-118.65,50.25,-46.65
1009.77,59.57,21.97,-0.69,2.63,-0.17,-117.6,50.25,-46.2
1000.0,57.62,17.09,1.07,0.25,0.52,-117.6,51.3,-45.6
996.09,49.8,21.97,-0.04,-0.11,1.44,-118.35,52.05,-46.65
994.14,59.57,22.46,0.91,-0.59,0.48,-117.75,51.9,-47.1
1007.32,50.29,23.44,1.18,-0.49,0.32,-119.1,51.75,-46.2
1001.46,53.22,17.58,2.05,-0.5,1.53,-117.6,51.0,-44.4
1001.46,73.24,16.6,0.63,0.08,-0.75,-118.95,51.15,-46.05
1000.98,54.69,23.44,0.16,-1.67,-1.03,-116.85,49.05,-46.2
1002.93,53.22,17.09,-0.96,-0.02,0.48,-117.3,50.25,-46.95
1007.32,48.83,19.53,-0.61,1.91,-0.31,-118.65,50.55,-46.2
1003.91,49.32,28.32,1.98,-3.02,-0.44,-117.6,51.75,-46.65
1004.88,61.04,25.39,-0.15,-1.26,1.44,-118.2,50.7,-46.05
1004.88,57.13,13.67,3.64,0.48,1.04,-119.85,53.25,-47.25
1008.3,49.32,18.07,3.8,-1.24,1.82,-118.05,50.55,-46.65
1004.39,49.32,4.88,-0.53,2.89,-2.25,-118.2,51.9,-47.1
991.7,50.29,22.46,-0.47,0.07,-0.42,-118.65,52.5,-48.0
1006.35,57.62,19.53,-1.89,1.36,0.79,-117.75,50.4,-45.0
1008.79,64.94,10.25,-0.11,1.63,0.56,-117.45,51.15,-45.3
996.09,45.41,14.16,-0.15,-0.37,-0.44,-118.05,50.55,-46.65
1015.63,54.69,6.35,0.34,2.37,1.24,-118.35,51.0,-45.6
997.07,54.2,14.65,1.34,-0.91,3.32,-118.5,51.45,-46.35
1014.16,46.88,14.65,0.76,-1.65,-0.05,-117.6,51.0,-46.2
998.05,53.22,19.04,-0.63,3.95,-2.47,-118.35,51.75,-46.2
1015.63,61.52,21.0,0.38,-0.01,1.28,-118.05,50.55,-46.65
1000.0,55.18,14.65,-1.5,2.29,0.9,-118.05,50.55,-45.9
998.05,52.73,15.14,-0.77,3.31,-0.64,-118.05,50.55,-47.25
996.58,41.02,10.25,-2.6,0.34,-2.62,-118.2,51.15,-46.8
1011.23,57.62,21.0,2.46,0.04,1.89,-117.45,49.95,-46.8
988.28,44.92,17.09,1.47,1.14,1.33,-118.95,50.7,-45.3
998.05,47.85,15.63,1.73,-0.8,1.56,-117.6,51.75,-45.9
1005.86,55.66,9.28,1.24,-0.63,1.07,-118.5,51.15,-46.35
1001.46,42.97,16.6,-1.94,2.57,-1.3,-118.95,51.45,-44.7
1005.37,56.64,18.55,-1.23,0.63,-1.5,-118.35,51.0,-47.7
999.51,57.62,23.44,-1.95,1.03,-3.09,-118.05,51.75,-46.65
998.05,48.83,21.0,1.2,0.03,-2.73,-117.75,51.45,-45.3
996.09,48.83,19.04,1.56,-0.69,-0.21,-117.3,52.05,-47.25
1014.65,43.95,13.18,1.76,-2.57,1.44,-117.75,51.15,-45.0
1016.11,45.9,0.49,1.18,-1.89,1.74,-118.5,51.9,-46.8
1015.63,53.71,10.74,-2.89,-0.78,-3.69,-118.95,51.45,-45.3
1007.81,46.39,12.21,0.25,0.88,-0.05,-118.35,51.75,-47.25
1006.84,58.59,20.02,0.16,0.6,-1.18,-119.25,51.45,-45.75
999.51,63.96,22.46,-0.69,-1.08,1.18,-117.75,50.7,-48.6
1002.93,54.2,15.14,2.66,3.1,2.69,-118.2,51.15,-46.35
1006.35,48.34,7.81,1.84,1.89,1.54,-118.2,49.95,-45.75
1003.42,56.64,27.34,-4.03,-0.13,1.36,-116.7,51.15,-46.35
1001.95,59.08,16.11,-1.6,1.7,-0.82,-117.45,51.45,-47.55
1006.84,40.04,27.83,-1.18,1.27,-1.06,-118.95,50.4,-46.05
1004.39,58.59,23.44,1.19,-1.63,1.24,-117.45,50.4,-45.75
994.14,54.69,21.97,1.53,-1.27,0.29,-119.25,50.7,-45.75
1010.25,53.71,21.97,1.59,-0.58,1.18,-119.1,51.0,-45.9
995.61,59.57,14.16,-0.15,0.08,0.18,-117.75,51.45,-46.05
1006.35,61.52,27.83,0.34,2.26,-1.49,-118.35,50.55,-46.95
1000.0,48.34,26.86,-0.92,1.01,-1.35,-117.3,50.25,-46.65
1007.81,63.96,18.55,-0.11,1.43,-1.44,-118.2,51.15,-46.35
1007.81,53.22,16.11,0.15,-1.69,2.47,-118.35,52.05,-45.9
999.51,46.39,13.18,0.3,0.43,1.09,-118.2,51.45,-46.8
1012.7,49.32,12.21,2.66,-0.07,2.52,-118.05,51.75,-46.2
1006.35,50.78,22.95,-2.27,0.17,-0.76,-118.35,51.0,-46.65
1007.32,52.73,12.7,1.0,1.63,-1.61,-118.05,51.0,-47.25
991.21,54.69,17.58,-0.72,0.67,1.17,-117.6,52.5,-46.95
1005.86,56.15,10.25,0.55,-1.48,1.3,-118.2,51.9,-47.1
1010.74,53.22,18.55,0.73,-0.46,-0.69,-118.5,50.4,-46.35
1001.46,62.5,27.83,1.02,-1.02,1.37,-118.05,51.0,-46.65
1001.95,53.22,22.95,-1.89,1.97,-2.96,-118.5,50.4,-46.8
995.12,61.04,19.53,-1.15,2.81,-2.25,-118.35,51.75,-46.2
997.56,48.34,20.02,-0.65,0.85,-0.12,-118.05,51.75,-46.95
1001.95,47.36,19.04,-0.03,-0.59,3.11,-117.6,50.25,-45.9
996.58,41.02,11.72,0.91,0.37,2.09,-118.65,51.3,-46.95
1014.65,60.06,14.65,2.34,0.15,0.73,-118.5,51.15,-47.55
998.05,54.2,23.93,-0.42,-0.4,1.51,-118.5,51.15,-46.8
1006.35,59.08,15.14,-0.76,0.21,-0.32,-118.05,51.0,-45.6
1001.95,46.88,9.77,1.73,-1.69,0.11,-117.6,49.8,-46.2
990.72,53.71,19.04,1.62,-0.8,-0.33,-118.2,51.15,-46.8
989.26,53.71,7.81,0.61,0.76,1.66,-118.65,52.5,-46.65
1002.93,52.25,13.67,0.04,-0.69,-2.24,-118.35,51.0,-47.25
1007.81,50.29,18.55,0.95,0.53,-1.2,-118.05,50.25,-46.95
1004.88,59.57,14.16,2.93,-2.32,4.65,-118.95,51.9,-47.85
1000.0,57.13,24.41,0.92,-2.18,0.73,-117.45,51.15,-46.05
1004.39,57.13,24.41,-0.78,-3.73,0.03,-117.6,50.25,-46.95
1006.35,66.41,18.07,-1.37,0.09,-2.4,-118.35,50.55,-45.9
1003.91,52.25,27.34,0.56,0.69,-1.5,-117.3,51.3,-46.65
1007.32,60.55,13.18,1.2,1.54,-2.03,-118.5,51.45,-46.8
992.68,46.88,18.07,0.55,-1.63,-2.19,-117.75,50.4,-45.75
993.65,51.27,12.21,1.37,0.09,1.24,-118.2,51.15,-45.75
1012.7,52.73,19.04,0.59,2.51,-2.32,-118.35,51.0,-46.2
1003.42,38.57,29.3,-0.75,0.01,-2.73,-118.2,51.9,-46.8
1012.21,47.85,21.97,1.99,-2.56,0.41,-118.05,51.3,-46.65
995.61,62.5,14.16,1.19,0.38,4.45,-118.05,51.0,-46.95
1014.16,44.43,9.28,0.41,0.69,0.31,-118.5,50.4,-47.1
1006.84,62.5,18.07,-1.98,0.95,-1.09,-118.2,51.15,-46.35
1000.0,59.08,18.07,-0.15,-1.88,-2.84,-119.1,52.05,-46.65
1007.32,56.15,17.09,2.32,0.21,2.31,-118.65,51.3,-45.6
1003.42,42.97,21.97,-0.53,-1.47,1.82,-117.15,52.65,-45.0
1001.95,63.96,19.04,-0.18,-0.02,1.92,-118.05,51.0,-46.95
1000.0,59.57,8.3,1.76,-0.74,2.45,-117.15,51.15,-46.8
1002.44,49.32,14.65,0.11,0.6,0.07,-117.6,51.3,-46.65
1005.86,48.34,22.95,1.85,-0.18,0.85,-118.5,51.15,-46.35
999.51,59.08,14.16,1.21,-1.19,0.37,-118.05,51.0,-47.7
1005.37,60.06,10.74,-1.41,1.92,-1.93,-117.15,50.7,-47.1
1003.91,61.04,19.04,-0.4,-2.56,-0.57,-117.6,52.05,-46.2
1001.46,48.34,19.04,0.66,-0.34,1.3,-118.2,52.95,-47.1
1002.93,65.43,15.14,0.62,2.17,0.0,-118.65,51.75,-46.65
1003.91,60.55,21.97,-0.58,1.28,1.29,-118.5,51.9,-46.35
1013.18,53.22,29.3,0.21,-0.53,-0.55,-118.2,51.9,-46.8
1008.79,59.08,26.37,-0.34,-1.77,-0.31,-120.6,51.75,-45.15
1007.32,60.55,20.02,1.46,-2.82,-0.05,-118.05,51.3,-46.95
1003.91,48.83,9.28,-1.68,0.95,-1.56,-118.05,51.3,-45.9
1002.93,58.11,26.86,0.16,0.65,-3.37,-118.05,51.75,-46.95
994.14,59.57,21.0,0.69,-2.34,-1.26,-119.1,51.75,-46.2
1004.39,56.64,22.95,1.88,-0.99,-0.86,-119.4,52.5,-45.6
1002.93,41.99,14.65,-0.98,2.56,-1.49,-118.95,51.45,-44.7
1003.91,52.25,32.23,0.89,1.42,-3.37,-118.95,49.95,-46.8
1005.86,49.8,5.37,1.79,-1.73,-0.45,-119.7,50.7,-45.75
1004.88,49.8,23.93,1.52,0.38,2.0,-118.5,50.4,-46.05
1008.3,42.48,19.04,-0.51,0.67,0.95,-118.65,51.0,-45.6
1000.49,44.92,22.46,-0.43,1.5,0.41,-117.3,49.95,-46.05
1006.35,46.88,24.9,1.47,0.12,1.02,-118.05,51.75,-46.65
1004.39,55.66,25.39,0.32,0.37,1.45,-119.1,51.3,-46.95
1001.95,58.11,12.21,-0.96,1.09,0.16,-117.3,52.5,-46.2
1010.74,56.15,29.79,0.08,-0.95,-3.85,-117.3,51.75,-46.65
1001.95,65.92,24.41,1.5,-0.02,0.16,-118.65,50.25,-45.6
1011.72,58.11,14.16,0.13,0.22,1.94,-117.3,51.75,-45.6
1006.35,55.66,27.34,0.24,1.03,-0.21,-117.15,50.4,-47.55
999.51,45.41,24.41,0.36,1.37,-0.53,-117.45,50.7,-46.8
1007.81,50.78,13.18,-0.21,-0.71,2.24,-119.1,51.75,-45.9
1005.86,53.22,14.16,0.84,-1.19,1.47,-118.05,51.3,-45.9
1001.46,53.22,25.88,-1.49,2.73,1.4,-118.65,50.25,-46.65
1007.32,47.36,14.65,-2.33,0.56,1.47,-117.45,52.65,-45.0
1008.79,59.08,22.46,2.12,-2.26,1.14,-116.7,51.15,-46.05
1009.28,53.71,15.63,2.31,-0.92,0.37,-118.65,51.0,-45.9
1007.32,56.15,18.07,1.6,1.23,1.78,-118.95,50.4,-45.0
1008.3,55.18,11.72,0.06,-3.15,2.13,-118.65,51.3,-46.2
998.05,51.27,10.74,-0.27,0.5,0.33,-118.05,53.25,-46.2
1016.6,58.11,20.02,-0.93,0.76,-0.35,-118.35,51.75,-46.2
1001.46,46.39,17.09,0.15,1.19,-2.15,-118.05,51.0,-46.2
1010.25,50.78,30.76,0.05,-1.49,-2.3,-118.35,51.0,-47.7
1009.28,45.41,13.67,2.7,0.68,0.64,-119.7,51.15,-47.1
1004.39,55.18,14.16,-0.46,0.09,-0.21,-118.35,50.55,-45.9
1006.35,54.69,24.41,1.79,-0.72,0.56,-118.2,50.4,-47.1
997.56,52.73,17.09,0.7,-3.27,2.05,-117.3,51.3,-47.25
1011.72,54.2,20.02,0.34,-0.68,1.18,-116.55,51.0,-47.25
1006.84,46.39,20.02,-1.47,-0.42,0.37,-118.65,51.0,-47.25
998.05,53.71,21.48,1.75,-1.76,-0.1,-118.65,49.8,-46.2
995.12,42.48,30.76,1.52,-0.64,0.96,-118.35,51.3,-46.65
991.7,48.83,13.18,-0.92,3.2,0.02,-118.5,50.7,-46.35
997.07,46.39,24.9,0.58,1.54,1.92,-117.45,50.7,-46.05
1006.84,58.11,12.21,0.64,-1.6,3.27,-117.6,51.3,-47.7
992.68,52.73,23.93,-0.41,-1.02,0.27,-118.2,50.7,-46.05
985.84,57.13,11.23,-0.81,0.76,-0.92,-118.5,52.65,-45.75
1011.72,53.22,10.74,0.71,0.01,-1.89,-117.75,50.7,-46.05
998.54,59.08,21.0,1.0,0.15,3.4,-118.35,50.55,-45.15
998.54,47.36,15.14,0.18,1.19,0.24,-117.75,50.7,-47.1
1015.63,50.29,30.27,0.71,-0.61,3.69,-117.75,51.45,-45.75
1012.21,58.11,22.95,0.88,-1.58,-0.12,-117.75,51.9,-47.55
1011.23,41.99,16.6,-0.37,1.0,1.53,-118.35,51.3,-45.6
1003.42,58.59,17.09,1.21,-2.25,2.18,-118.2,50.7,-46.05
991.21,67.38,27.34,2.08,-1.53,-0.3,-118.65,50.25,-45.6
992.68,45.9,20.51,0.2,1.92,-1.38,-118.5,51.15,-47.55
996.09,50.29,13.18,2.11,-1.82,3.79,-118.35,51.3,-45.9
996.58,60.55,22.46,1.89,-3.34,2.09,-117.45,51.15,-45.3
1006.84,57.13,15.63,-1.12,1.61,1.09,-117.6,52.05,-46.65
1008.3,76.17,18.55,-2.08,2.21,0.93,-118.05,51.3,-45.6
1000.98,52.73,16.11,1.21,-0.4,0.02,-117.6,50.25,-46.95
1001.46,59.57,21.0,-1.1,2.22,-0.92,-118.35,51.3,-45.9
1016.6,44.43,3.42,-0.14,2.44,1.73,-118.5,51.9,-45.3
1001.46,59.57,19.53,2.21,-1.28,0.45,-119.25,51.15,-46.05
995.12,40.04,18.55,-1.11,0.68,2.95,-117.6,51.75,-47.7
1018.55,52.73,24.41,1.5,3.15,-0.66,-118.5,52.2,-46.05
1004.39,50.78,17.58,2.13,-3.16,2.06,-118.05,51.3,-46.95
1008.79,62.5,19.53,-2.12,0.15,-4.03,-119.1,52.05,-46.65
1005.37,50.78,12.7,1.21,0.34,0.55,-118.05,50.55,-46.95
1003.42,68.85,19.04,2.76,0.7,1.76,-118.35,50.55,-46.65
1013.18,51.27,26.37,-1.03,2.4,-2.24,-117.15,51.45,-46.05
998.54,65.92,25.39,0.21,-1.18,2.08,-118.2,52.2,-45.3
997.07,50.29,21.97,1.57,-2.27,-0.79,-116.7,51.45,-46.05
1005.37,52.73,6.35,0.08,0.53,-2.82,-117.15,51.9,-46.8
999.51,47.85,21.48,0.95,2.13,2.65,-118.2,51.15,-47.1
1009.77,40.04,19.04,-1.36,2.41,-1.36,-118.2,51.9,-46.8
1001.46,59.08,35.16,1.02,-0.82,-0.82,-119.25,51.9,-45.75
1007.81,55.18,23.44,0.84,0.83,1.92,-118.5,52.2,-48.15
999.51,50.29,15.14,-1.62,0.82,-2.7,-118.95,51.45,-45.75
997.56,52.25,14.65,0.54,2.13,1.68,-118.35,52.05,-47.7
993.16,67.38,17.09,1.62,-1.61,1.08,-118.35,51.75,-48.0
1009.28,50.78,27.34,0.01,1.15,-1.03,-118.65,51.3,-45.9
1007.81,52.73,12.7,1.23,0.24,-0.8,-118.35,50.55,-45.9
1013.18,42.48,31.25,1.95,-1.01,-1.44,-116.85,51.3,-46.2
995.12,50.78,14.65,0.32,2.42,1.66,-118.2,51.45,-45.75
1004.88,61.04,18.07,3.72,-2.55,-3.56,-119.25,51.45,-45.3
1012.21,55.18,24.41,1.81,0.17,2.66,-118.35,52.5,-48.0
1004.88,50.29,18.07,-0.73,0.52,-1.17,-117.75,51.45,-46.35
987.79,55.66,10.25,2.37,-0.64,2.34,-118.5,51.15,-46.8
1002.93,55.18,10.74,0.34,1.42,-0.57,-117.3,51.3,-46.2
1005.37,47.36,13.18,1.85,-1.08,-0.18,-119.1,51.75,-46.2
1006.84,56.15,19.53,0.37,-0.29,-1.02,-118.5,52.2,-47.1
1001.46,50.78,18.55,-0.76,2.89,2.37,-117.15,51.9,-46.35
995.61,55.66,30.76,1.07,-1.3,0.17,-117.6,50.25,-46.2
1001.46,57.62,25.88,-1.2,1.98,-2.02,-116.85,51.3,-46.65
1014.65,54.2,23.44,-0.85,3.06,0.15,-118.05,51.3,-46.65
994.14,52.25,12.21,2.0,-0.54,0.82,-119.4,52.05,-48.0
994.14,61.52,14.16,-0.16,-0.53,2.08,-116.55,52.05,-45.9
991.7,55.18,18.55,-0.79,-0.37,-1.19,-117.6,51.3,-46.65
999.51,54.69,29.3,2.6,-0.95,2.54,-118.35,51.75,-46.2
994.14,56.64,17.09,-3.24,1.79,1.28,-120.15,51.3,-46.2
1008.3,57.13,21.0,2.59,-1.62,0.76,-118.05,51.75,-45.9
995.12,40.04,26.37,-1.21,0.88,-1.95,-118.05,51.3,-45.9
996.09,57.13,33.69,-0.03,1.4,0.78,-118.5,49.95,-46.05
1010.74,49.32,18.07,1.27,-1.3,0.29,-117.75,51.15,-46.8
1001.95,53.71,25.39,-1.58,3.34,-1.43,-118.65,51.75,-46.65
1004.88,60.06,21.97,0.42,-0.05,1.27,-118.2,50.7,-46.05
1002.44,55.18,26.86,1.06,0.77,-0.08,-117.6,51.3,-45.9
1002.93,53.71,6.35,-0.74,-0.82,0.79,-118.35,50.55,-46.2
998.54,64.45,14.16,2.99,-2.54,-0.07,-118.65,51.3,-47.7
995.12,60.55,18.55,0.01,-0.4,1.05,-117.45,51.45,-46.8
1007.32,53.71,22.46,1.68,-0.64,-0.66,-118.35,51.0,-47.7
994.63,64.45,19.53,-0.6,3.31,-1.04,-118.95,51.9,-46.8
999.51,65.43,25.39,-3.44,0.69,-0.33,-117.75,51.45,-46.8
1006.35,41.5,16.11,2.46,1.48,-1.77,-116.4,51.15,-46.05
1001.95,60.55,17.58,0.19,0.82,1.45,-119.85,51.3,-45.15
1001.46,63.96,14.16,0.89,-0.26,1.15,-118.95,49.95,-47.1
1013.18,58.11,12.21,-0.55,1.02,-3.04,-118.5,52.2,-48.15
999.02,53.71,21.48,1.51,1.1,4.18,-118.35,51.75,-46.65
999.02,47.36,20.51,0.41,-1.14,0.53,-118.2,51.45,-46.35
1016.6,46.39,20.51,0.22,0.77,-0.27,-120.0,51.9,-47.1
984.38,65.92,28.32,1.56,-1.56,-1.22,-118.05,51.0,-45.15
1006.84,57.62,18.07,0.51,-0.61,-2.44,-117.15,51.15,-46.8
993.16,50.78,14.65,0.89,-1.39,-0.1,-117.15,52.2,-46.8
990.72,48.83,27.83,-0.01,0.34,-0.54,-118.05,52.5,-46.65
996.09,58.11,20.02,1.77,-1.99,0.57,-118.2,50.7,-47.1
991.7,45.9,12.21,-0.19,-1.89,0.67,-119.25,51.15,-47.85
991.7,51.76,24.41,-2.18,2.28,-0.55,-118.35,53.25,-46.95
1002.44,61.04,20.02,2.66,-1.4,1.12,-117.6,51.3,-45.6
1007.81,46.39,19.53,0.0,0.46,-0.08,-117.75,52.2,-45.75
994.14,58.59,22.95,2.21,0.53,0.79,-117.75,50.7,-47.85
998.05,46.88,12.21,1.27,2.33,-0.47,-119.1,51.75,-46.95
1001.46,55.18,-3.91,1.47,-0.6,3.49,-116.85,52.5,-46.95
1000.0,42.48,22.46,1.61,-0.18,0.26,-118.35,50.55,-45.9
998.54,49.8,20.51,-0.08,1.15,1.76,-118.05,52.5,-46.95
1007.32,60.55,9.77,0.74,-0.14,1.81,-118.35,50.55,-46.2
999.02,45.41,34.18,-1.05,0.34,-1.43,-116.85,52.5,-46.95
992.19,57.13,21.0,0.56,-1.18,0.37,-118.65,52.5,-46.2
995.12,66.41,31.25,1.65,1.63,1.56,-116.55,50.25,-47.25
1000.0,51.76,28.81,0.89,-0.12,0.16,-118.65,50.25,-46.2
988.77,65.92,20.02,-0.36,0.04,-2.56,-118.2,51.45,-47.1
998.54,45.9,19.53,0.78,0.66,-0.7,-119.7,50.7,-46.05
1001.46,64.45,7.81,0.82,-1.55,-0.91,-117.6,51.0,-45.6
1012.21,50.29,25.88,-0.27,3.05,0.12,-118.05,51.75,-45.9
1004.39,54.2,15.14,1.87,-0.82,0.3,-117.6,51.75,-46.65
1003.91,50.29,16.11,-2.17,2.65,-2.44,-118.2,51.15,-46.35
996.58,42.48,25.88,2.43,1.05,1.97,-118.65,50.25,-47.7
1000.98,51.76,23.93,1.17,0.53,0.49,-119.85,52.05,-46.95
1001.46,56.64,19.04,1.53,-2.0,-0.37,-117.75,50.7,-46.05
993.65,46.39,18.55,-0.22,1.04,-0.06,-117.6,51.3,-46.65
1003.42,50.78,25.39,0.24,-0.05,0.38,-119.1,51.0,-46.65
1009.28,49.32,19.53,0.98,-0.27,0.98,-116.85,51.0,-45.6
1011.72,58.11,23.44,-1.58,0.8,0.22,-118.2,51.45,-46.8
1001.46,59.08,34.67,0.62,0.52,1.35,-116.85,50.25,-45.6
1015.14,58.59,24.41,0.78,4.32,-1.3,-119.1,52.05,-47.7
1003.91,41.5,7.32,2.34,-1.4,0.77,-117.3,51.0,-45.9
996.09,47.85,17.09,-1.77,2.27,-0.31,-118.05,51.3,-46.65
1002.93,58.59,16.6,0.41,-0.64,2.26,-117.75,51.9,-45.75
1018.55,55.66,21.97,-1.31,1.02,-1.29,-117.75,50.7,-47.1
1002.44,57.13,21.0,1.38,-1.59,3.08,-117.15,52.2,-46.35
1000.49,53.22,31.74,-1.44,1.71,-2.56,-119.25,51.15,-47.55
1005.86,44.92,18.07,1.35,-1.04,-1.88,-119.1,51.0,-46.95
998.05,55.18,5.37,0.97,1.95,-1.14,-119.1,52.05,-47.25
1009.77,44.43,20.51,-0.02,-0.63,-0.89,-118.5,50.4,-46.8
1013.18,46.88,24.9,0.07,-2.98,2.46,-117.45,51.45,-47.85
992.68,56.15,16.11,-2.37,1.11,-1.76,-118.5,50.7,-46.35
1007.81,63.96,38.57,2.88,-1.03,0.41,-119.1,50.55,-45.6
1003.91,48.83,23.93,-0.37,-0.28,0.14,-117.15,51.45,-47.1
997.07,56.15,11.23,-0.15,-1.29,0.98,-118.95,51.9,-46.05
1006.84,48.34,10.74,-1.71,3.46,-0.27,-118.35,52.5,-47.7
1002.93,41.5,15.14,0.5,0.22,1.67,-118.95,51.45,-46.8
1011.23,43.95,15.14,-1.84,0.98,-1.1,-116.85,51.3,-46.65
1007.81,62.99,16.6,1.67,-0.54,0.89,-118.2,50.7,-47.1
991.7,41.5,20.51,0.68,1.41,0.32,-117.3,51.0,-46.95
995.61,55.18,26.37,1.94,0.88,1.14,-118.35,51.0,-46.65
1000.0,61.52,14.65,-1.4,-0.32,-0.07,-118.05,51.3,-45.15
1001.46,56.64,27.83,-0.15,2.05,0.11,-118.05,52.5,-45.15
1009.77,46.88,18.55,-0.21,0.15,1.89,-117.3,51.75,-46.65
1016.11,64.94,21.0,0.75,-1.53,2.67,-118.2,52.2,-45.3
1003.91,44.43,16.6,-0.53,-0.15,0.14,-116.55,51.3,-46.2
1003.91,62.5,23.93,1.42,-0.21,1.63,-116.55,51.75,-46.65
1006.35,60.55,24.9,1.25,2.55,-2.31,-117.6,52.05,-47.7
992.68,48.83,25.88,-0.14,-1.8,-1.08,-118.65,51.0,-46.95
1001.95,59.08,18.55,0.29,2.13,-0.65,-117.75,51.45,-46.35
1005.37,44.92,18.07,2.31,-0.21,3.65,-117.75,51.9,-46.8
996.09,55.66,23.93,-1.85,3.4,-0.67,-118.5,51.9,-46.8
1003.91,61.04,34.67,1.92,-2.52,0.49,-118.05,51.3,-45.15
1011.72,52.73,23.44,1.05,-1.22,2.57,-117.6,51.0,-45.6
1000.0,54.69,28.32,-1.29,-0.49,-0.37,-119.25,52.2,-46.35
999.02,55.18,13.67,0.68,-2.97,1.85,-118.2,50.4,-46.35
1003.91,53.71,28.81,0.79,-0.1,0.08,-117.75,52.65,-47.85
1000.0,49.8,18.07,-0.64,-0.29,0.11,-118.35,51.3,-46.65
994.63,59.57,25.88,0.52,1.67,-1.81,-117.45,50.4,-46.8
1004.39,52.25,21.97,1.1,0.67,-2.49,-117.15,52.2,-47.1
993.65,53.22,20.02,0.34,0.58,-0.61,-118.65,51.3,-45.6
1008.79,65.92,5.86,-0.66,-0.89,0.64,-116.85,52.8,-46.65
1003.42,53.71,33.69,-0.15,0.89,-1.25,-117.6,51.75,-46.65
1000.49,57.13,15.14,2.44,-2.01,5.0,-118.5,51.45,-45.3
1004.39,46.39,20.02,0.19,1.5,0.98,-118.35,52.05,-45.9
998.05,54.69,30.76,-1.06,3.52,-1.16,-118.05,51.75,-46.95
1002.44,55.18,16.6,-1.51,0.8,1.55,-118.5,52.2,-45.75
1003.42,47.85,17.58,2.02,1.24,0.73,-118.65,52.8,-45.6
1005.86,51.76,11.23,-0.24,-0.76,1.22,-117.15,52.2,-46.8
1000.0,51.76,14.16,-0.39,1.37,2.22,-118.5,52.2,-46.8
995.61,56.64,17.09,1.01,-1.37,1.08,-117.75,51.45,-46.05
1010.74,48.34,31.74,1.26,2.51,-2.81,-118.65,52.5,-46.2
1010.25,47.36,25.88,0.38,-0.24,2.97,-117.45,50.4,-46.05
1003.91,58.11,18.55,-0.02,0.5,0.31,-117.75,51.15,-47.55
1003.42,51.76,37.6,1.76,-1.27,3.21,-116.55,50.55,-46.65
996.09,44.92,20.51,-1.29,2.05,-0.95,-118.2,50.7,-46.35
991.21,53.71,13.67,-1.02,1.3,-0.64,-119.4,51.3,-46.2
993.65,47.36,5.86,1.2,-0.44,1.53,-117.75,51.15,-47.55
995.61,43.46,30.27,-3.37,-0.17,-0.37,-117.6,51.0,-46.2
988.77,57.62,34.18,0.82,0.18,1.33,-118.2,51.15,-47.1
1009.77,46.88,26.37,-0.29,-0.13,-0.66,-117.6,50.55,-46.65
993.16,48.83,21.97,-0.16,-1.33,1.4,-118.5,51.9,-46.05
1008.3,67.38,16.6,0.53,-1.28,-0.44,-118.95,51.15,-46.8
998.54,52.73,15.63,0.34,0.68,-0.35,-118.65,50.25,-47.25
997.07,44.43,22.95,-2.05,-0.92,1.32,-117.75,51.9,-45.0
1021.0,53.71,14.16,-0.67,0.02,-1.45,-117.15,50.7,-45.75
1003.91,45.41,14.65,0.31,-3.6,-2.04,-117.6,52.8,-47.25
1010.25,49.32,24.9,1.62,-1.31,-1.92,-119.4,51.75,-45.15
1004.88,58.11,13.67,-0.19,0.76,1.85,-118.2,49.95,-47.55
1010.25,60.06,20.02,0.66,1.3,-1.2,-118.05,51.0,-46.2
1000.0,52.25,14.16,1.05,-1.66,0.56,-117.75,51.45,-45.75
1006.84,53.71,8.3,-1.43,1.46,-0.81,-118.35,51.75,-46.2
1005.37,55.18,28.32,1.95,-3.06,1.5,-118.05,52.5,-46.95
1002.93,49.32,21.0,1.64,-0.78,0.37,-118.35,51.75,-46.65
1008.3,49.32,26.37,-0.8,-1.2,-2.66,-118.35,51.75,-46.95
997.07,65.43,10.74,2.63,0.95,1.73,-118.05,51.0,-47.25
1001.46,57.62,25.39,-1.73,1.24,-0.02,-118.05,52.5,-45.9
1006.84,56.64,25.88,1.18,-1.65,0.3,-117.45,50.4,-46.05
1001.95,55.66,7.32,-2.34,1.13,0.39,-117.45,51.9,-46.35
998.54,58.11,24.9,-0.39,0.77,-0.08,-118.5,51.45,-46.35
1005.37,53.22,23.44,2.3,-0.92,0.19,-118.2,51.45,-46.8
1009.77,48.34,13.67,-0.69,-0.21,-0.27,-117.6,51.3,-45.9
1006.35,54.69,7.81,2.38,-0.07,2.15,-117.75,50.7,-47.1
1002.44,49.32,25.88,-0.15,0.71,-3.37,-118.05,50.25,-47.25
1003.91,62.01,17.09,1.97,-1.82,0.27,-118.65,51.0,-45.15
993.65,41.5,24.9,0.34,0.82,-0.34,-118.5,50.7,-47.55
1005.37,42.48,9.28,-0.82,1.27,2.1,-117.3,50.55,-45.6
1008.3,50.78,9.77,0.51,-3.25,-0.36,-117.6,51.0,-45.9
991.21,56.15,17.09,-0.1,2.38,-0.8,-119.1,51.3,-46.2
1006.84,62.01,27.34,2.98,0.47,-0.47,-119.1,51.75,-45.9
1004.39,63.48,25.39,-1.06,0.4,-2.69,-117.6,51.75,-46.95
1009.77,53.22,23.93,-0.22,3.22,-0.63,-118.35,52.05,-47.7
1000.49,56.64,21.97,1.6,-1.25,1.89,-117.45,51.45,-47.1
1002.44,52.73,18.55,-1.27,0.07,0.9,-118.05,52.05,-47.25
997.56,58.59,17.58,1.42,0.01,-1.66,-119.25,50.7,-46.8
1004.39,56.15,21.0,-1.42,1.51,-0.65,-118.5,51.45,-47.1
1010.25,57.62,21.48,0.51,-0.68,3.05,-118.2,52.2,-47.1
1002.93,49.8,23.44,1.99,-1.45,0.45,-118.65,51.3,-47.25
1003.91,59.57,23.44,-0.05,0.99,-0.34,-118.35,51.75,-47.25
996.58,46.39,7.32,1.12,-1.69,-0.85,-117.75,52.95,-46.8
995.12,49.8,21.0,0.4,1.47,-0.76,-118.95,51.45,-45.3
1012.21,55.66,28.32,2.11,-1.57,1.64,-118.5,50.7,-46.35
997.56,48.83,14.16,-0.89,2.68,0.89,-117.75,50.7,-45.75
1011.72,48.83,22.95,-0.6,1.53,-0.44,-118.2,49.95,-46.8
996.58,39.06,15.14,0.95,-0.67,0.24,-118.05,51.75,-47.25
998.05,49.32,19.53,-0.1,0.4,0.78,-118.05,50.55,-47.25
1004.39,59.08,25.39,0.21,0.18,-0.22,-119.25,50.7,-46.05
1010.25,53.71,13.67,1.23,-0.93,2.11,-116.85,51.75,-47.7
1006.35,73.73,25.39,-2.47,2.74,-1.92,-118.35,51.0,-47.7
1006.35,48.34,27.83,0.73,-2.11,0.47,-117.75,51.9,-47.1
1004.39,58.11,15.63,-2.37,0.58,-0.63,-118.35,51.0,-48.0
1002.93,48.83,19.53,0.93,0.42,-0.01,-118.5,51.45,-47.1
1012.7,59.57,35.64,0.05,-1.01,-2.21,-117.45,51.15,-47.1
997.07,59.57,28.32,-0.78,3.37,-0.84,-118.65,51.3,-45.9
996.09,46.39,10.25,2.4,0.11,1.6,-117.75,50.7,-47.1
1011.72,54.2,18.07,-0.9,-0.48,-0.42,-117.75,52.65,-46.35
1006.35,45.9,20.51,0.52,-1.49,2.63,-119.25,50.7,-47.1
1003.91,51.76,12.7,1.64,-2.35,3.53,-117.45,51.9,-48.15
1007.81,51.27,26.37,-0.29,1.85,0.34,-116.7,52.2,-46.8
1002.44,55.66,16.11,2.02,-0.6,1.09,-119.25,52.65,-46.35
1005.86,55.66,16.6,1.73,-0.18,1.02,-118.95,50.7,-45.75
998.05,58.59,20.02,0.97,3.08,0.99,-117.3,51.75,-47.25
1005.37,50.29,20.02,1.65,-1.74,3.65,-117.75,53.4,-47.85
1004.39,53.71,25.39,-0.24,1.92,-0.93,-117.6,51.3,-46.65
1000.49,47.85,28.32,0.21,-1.9,-0.01,-117.45,52.2,-46.05
990.23,52.73,16.11,-0.37,-0.92,0.92,-116.85,51.3,-46.65
1000.98,51.76,15.63,1.63,-1.52,2.98,-119.4,50.55,-46.95
1001.95,54.69,24.9,0.18,-0.85,1.6,-118.2,50.4,-46.8
1005.86,42.97,24.9,-0.85,-0.78,1.38,-117.75,51.15,-46.35
1001.46,45.9,19.04,2.73,-0.77,-0.65,-118.05,52.05,-45.9
1004.88,46.88,15.63,1.77,-1.52,2.56,-118.2,50.7,-45.75
1009.77,48.83,20.51,-2.08,1.74,-0.53,-118.05,51.0,-46.65
998.54,52.25,20.51,0.76,-0.5,-0.62,-117.45,51.15,-46.8
1007.81,64.94,28.81,-0.53,-0.05,-1.6,-119.25,51.15,-46.35
1004.88,53.71,18.55,-1.51,1.05,-2.69,-117.45,49.95,-46.35
1017.09,58.59,28.32,1.63,0.43,2.37,-118.2,50.7,-47.55
999.02,46.88,9.77,-0.79,-2.32,1.97,-118.05,52.05,-46.65
1012.7,66.89,30.27,0.5,-1.51,-0.24,-116.85,52.05,-46.95
1006.35,63.96,12.21,2.67,-2.82,-0.16,-117.6,51.0,-46.95
1013.18,57.13,22.46,-0.7,2.01,0.47,-117.75,50.4,-46.35
1015.14,51.76,26.37,0.76,-0.6,-0.27,-118.95,50.7,-46.35
1003.91,54.69,12.7,1.35,-2.69,0.56,-118.05,51.75,-47.25
1005.37,52.25,24.41,-2.73,-0.23,-0.1,-117.3,51.0,-45.9
1001.46,55.18,7.32,-0.73,-1.82,2.68,-117.45,50.4,-46.8
1018.07,57.62,25.88,2.31,-1.74,0.18,-118.95,50.7,-48.15
995.61,43.95,24.9,-1.69,1.91,0.21,-118.05,52.5,-46.2
995.61,57.62,23.44,1.3,-3.72,0.81,-118.5,51.9,-46.35
1016.11,68.85,28.81,-0.83,-0.08,0.11,-118.05,50.55,-48.0
993.16,56.15,22.95,-1.55,2.53,-1.61,-118.2,51.9,-47.55
999.51,56.64,19.04,2.18,-0.06,0.05,-117.6,51.0,-45.9
999.02,49.32,23.44,-1.13,0.76,-2.24,-117.75,51.45,-47.1
989.75,53.71,17.58,-0.4,1.17,1.01,-118.65,50.55,-48.45
1008.3,49.8,21.97,2.76,-1.86,-0.31,-117.15,51.9,-46.8
1013.18,49.32,12.7,-3.11,-0.44,0.68,-118.65,51.3,-47.25
1000.98,62.5,9.77,-0.6,3.28,1.92,-118.95,51.45,-47.55
994.14,50.78,17.58,0.76,-2.53,2.08,-118.95,51.15,-45.75
998.05,52.73,20.02,1.02,-1.87,2.87,-117.6,52.5,-48.45
1004.88,59.57,15.14,-0.47,-0.4,-2.21,-119.7,51.15,-47.1
1005.37,50.29,21.0,0.44,1.36,-0.11,-118.65,51.0,-46.2
996.58,56.15,19.53,0.44,-0.61,-2.11,-117.6,51.75,-47.7
995.12,52.73,20.02,-0.4,3.82,-1.35,-117.75,51.9,-47.1
993.16,62.99,16.6,-2.18,0.18,-0.84,-118.2,52.95,-46.35
1008.79,45.9,17.09,2.98,-0.99,0.05,-117.6,50.25,-45.15
1004.88,49.32,19.04,-0.71,1.44,-1.57,-117.6,50.55,-46.95
1007.32,64.45,20.02,-0.95,2.58,-0.6,-118.05,51.75,-46.65
1007.32,48.34,18.07,2.19,-0.69,1.6,-117.3,51.75,-47.25
990.23,60.06,8.79,-0.72,0.29,-0.5,-118.65,52.5,-45.9
1004.88,53.22,15.14,1.35,0.41,-1.46,-119.25,51.45,-47.1
1002.44,47.85,25.39,1.27,-1.07,0.6,-118.35,51.3,-46.95
999.02,38.57,27.34,-0.39,1.18,0.92,-116.25,51.3,-46.65
1003.42,52.73,20.02,0.27,3.87,-1.76,-117.3,50.55,-46.65
1005.86,64.45,9.77,2.75,-0.25,3.34,-117.6,51.3,-47.25
1008.79,47.85,5.86,3.2,0.42,1.47,-118.35,50.55,-47.25
1009.28,54.69,9.77,0.27,0.21,-1.82,-118.65,51.3,-47.25
996.09,59.57,29.3,-0.64,-0.71,1.35,-118.35,51.0,-47.25
995.61,38.09,17.58,1.27,-0.03,1.87,-118.95,51.9,-47.55
995.61,56.15,27.34,-1.11,1.06,-1.53,-118.2,51.45,-46.35
986.82,55.18,14.16,-2.5,5.02,-0.26,-119.25,51.9,-45.3
1002.93,57.13,15.14,2.31,-2.51,1.11,-118.35,51.3,-47.7
990.23,58.11,18.07,1.56,-0.74,-0.24,-119.7,51.45,-46.35
1008.79,51.76,23.44,0.6,1.19,-0.98,-118.05,50.25,-46.95
991.21,66.41,14.16,3.17,-1.48,0.82,-119.1,51.3,-46.2
1002.93,52.25,17.58,1.31,-0.01,2.63,-116.55,52.05,-46.95
1006.35,53.71,18.07,-1.81,0.31,-2.5,-117.45,51.15,-47.85
1008.3,43.46,14.16,-1.55,2.81,0.62,-116.7,50.7,-46.35
997.07,59.08,22.46,0.73,-2.27,-0.87,-118.5,50.4,-46.05
1003.42,43.46,22.95,-0.4,1.56,-1.69,-118.5,50.7,-46.35
1017.58,50.78,18.55,-1.35,-0.31,-3.24,-117.75,51.15,-46.8
1003.42,54.2,39.55,1.84,-1.11,1.59,-118.35,51.75,-47.25
1008.3,58.11,29.79,0.65,1.48,1.52,-117.75,50.4,-47.1
1003.42,48.83,17.09,1.18,0.95,-1.0,-118.65,51.45,-46.8
1006.84,55.18,21.97,-1.48,0.4,1.38,-117.75,51.9,-45.3
1018.07,54.2,15.14,4.1,-2.72,1.18,-117.45,51.45,-47.1
1004.88,47.36,21.48,0.29,-0.62,1.49,-118.2,51.45,-47.1
998.54,62.5,8.79,-1.38,-1.73,0.13,-118.65,51.0,-46.65
1003.42,59.08,19.53,0.07,2.27,-2.98,-119.1,51.0,-46.65
1001.46,57.62,27.83,2.37,-0.02,3.85,-117.45,50.7,-46.35
1004.39,57.13,3.42,1.53,0.55,1.89,-118.2,50.4,-45.75
1003.91,58.11,15.63,0.76,0.06,1.65,-118.2,51.45,-47.85
999.02,52.73,24.41,-1.13,1.21,-1.67,-119.1,50.55,-45.9
997.56,44.92,26.37,1.28,-1.29,0.37,-118.5,50.4,-46.35
1010.25,63.96,14.65,2.85,-0.16,-0.83,-117.15,51.45,-46.35
1007.32,49.8,13.18,-1.36,-0.46,0.05,-119.1,52.5,-47.7
1003.91,51.27,30.76,0.11,2.56,0.26,-117.45,53.4,-47.1
1007.32,65.92,31.74,2.32,0.64,0.47,-117.75,52.2,-46.35
1016.11,57.13,17.58,1.98,-0.29,-0.33,-117.15,50.7,-46.35
1004.88,53.71,16.6,-1.55,3.08,0.15,-117.3,52.05,-46.95
1009.28,56.15,18.07,-0.13,0.52,0.86,-118.2,50.7,-46.35
1008.79,61.04,16.6,2.26,-0.08,0.73,-118.5,52.2,-45.3
996.09,56.15,16.11,1.18,-0.11,1.84,-117.3,51.3,-46.2
997.07,56.15,25.88,-0.68,1.4,-1.03,-119.7,50.7,-46.8
1004.39,59.08,20.02,0.51,0.53,-0.1,-118.05,51.3,-47.7
1010.25,63.96,19.53,1.63,-1.67,0.59,-118.2,51.45,-46.05
1000.49,54.2,24.41,1.18,0.75,-0.53,-119.1,52.05,-48.45
1016.6,69.82,18.55,-0.05,0.12,-2.93,-116.7,51.15,-47.55
1000.0,61.04,22.46,-0.18,3.17,2.34,-116.7,51.45,-47.1
995.61,57.13,26.37,0.33,0.76,-0.02,-118.95,50.7,-46.8
991.7,48.34,26.37,2.37,0.48,2.76,-118.5,50.7,-46.05
1006.84,50.78,22.95,-0.11,0.38,1.15,-118.35,51.3,-46.95
1003.42,60.06,25.39,0.18,-1.83,-0.56,-118.5,52.2,-46.35
1002.93,50.29,17.58,0.27,-1.16,-0.07,-117.75,52.2,-46.05
995.61,58.11,17.09,1.22,-0.69,0.57,-117.75,52.2,-46.05
999.51,61.04,27.34,-0.13,1.69,0.77,-118.05,52.5,-47.25
1002.44,55.18,19.53,0.97,2.79,0.17,-118.35,51.75,-46.65
994.63,44.92,21.48,1.47,-1.98,1.53,-117.6,51.75,-46.95
1008.3,53.22,24.9,0.02,-2.63,0.83,-118.65,51.75,-45.9
1010.74,51.76,23.93,-2.06,-1.51,2.48,-119.1,51.0,-45.6
1011.23,60.55,21.97,-0.68,1.3,-2.13,-117.15,52.65,-46.65
1002.93,55.66,17.58,0.6,0.27,-2.43,-117.75,51.45,-47.1
1007.81,58.11,12.7,0.6,-2.52,0.9,-117.15,51.9,-46.8
1010.25,61.04,25.88,1.23,-0.57,2.92,-118.2,51.15,-46.8
997.56,62.99,27.83,0.03,2.98,2.34,-117.75,51.45,-47.1
1013.18,50.29,31.25,0.54,-0.3,2.1,-118.5,51.15,-46.8
997.07,62.5,21.48,0.24,-0.92,-0.44,-118.65,51.75,-46.65
999.02,60.55,19.04,1.17,2.4,0.34,-116.85,52.5,-47.7
1003.91,64.45,26.37,0.67,1.25,-1.26,-117.6,50.55,-46.95
1002.93,60.55,33.2,-0.94,4.25,-1.62,-118.2,51.45,-46.8
1008.3,56.64,27.83,1.5,-0.18,2.39,-118.2,51.9,-46.8
1012.7,56.15,30.76,-0.05,0.32,0.27,-118.95,50.7,-46.35
1004.39,65.43,22.95,2.49,-0.6,1.91,-117.3,52.5,-46.2
1003.91,60.06,11.72,0.34,0.02,1.49,-119.4,51.0,-45.6
1011.23,60.55,25.88,-2.36,2.3,2.05,-117.45,51.45,-47.1
1000.98,48.83,16.6,0.0,-0.26,0.93,-118.2,51.9,-46.8
999.02,52.25,22.95,-0.64,0.25,0.59,-117.15,51.45,-47.55
1013.18,52.73,33.2,-0.47,1.22,1.18,-117.75,51.15,-47.55
1010.74,45.9,26.86,0.12,-0.17,2.56,-116.4,51.45,-47.1
998.54,45.9,32.71,-0.65,2.53,-2.34,-118.65,51.0,-46.2
985.35,52.25,20.02,1.89,-0.69,-0.94,-118.05,50.55,-46.95
1015.14,64.45,24.9,2.21,0.0,2.79,-119.1,52.5,-48.0
1011.23,54.2,25.39,-0.54,1.05,0.65,-118.05,51.0,-46.65
1007.32,49.8,7.81,0.34,-0.37,0.17,-118.05,52.5,-48.0
1008.3,61.04,29.3,1.24,1.23,0.69,-118.65,52.05,-48.0
1012.21,49.8,24.9,2.3,0.49,0.88,-118.2,50.7,-47.1
1014.16,53.71,20.51,0.29,0.12,0.4,-117.15,51.45,-47.55
1002.44,46.88,10.74,0.12,1.69,-1.99,-117.15,51.45,-46.05
998.54,44.92,20.02,0.69,2.41,1.44,-118.05,49.8,-47.25
999.51,53.22,19.04,2.27,-3.16,0.13,-117.45,51.15,-46.05
998.05,49.32,25.39,-0.53,-3.32,-1.04,-117.75,52.2,-48.15
996.58,59.08,24.9,1.73,-0.92,1.52,-118.95,52.2,-47.1
1011.72,56.64,21.0,-0.67,-0.62,-0.69,-118.05,51.3,-46.65
997.07,57.13,14.65,-0.39,2.08,-0.63,-117.45,52.65,-47.1
998.54,65.92,21.97,1.55,0.46,0.85,-119.25,52.65,-46.8
1000.49,67.38,17.09,2.78,-1.5,2.79,-118.65,51.3,-46.2
1004.88,51.27,15.14,0.53,-0.82,0.23,-118.35,50.55,-47.25
1008.3,49.8,27.34,-0.48,1.55,-1.82,-118.05,51.3,-45.9
1008.79,60.06,10.25,-0.73,0.97,-1.02,-118.2,51.15,-47.1
988.77,59.08,11.72,-0.31,1.05,-1.56,-119.1,51.0,-46.65
986.33,40.04,21.97,2.08,0.08,-2.68,-118.5,51.9,-46.35
1007.32,61.52,25.88,0.81,-2.98,0.73,-118.95,51.15,-46.35
1010.74,56.15,26.37,-0.57,2.85,-1.27,-118.5,50.7,-46.35
999.02,47.85,25.39,-0.41,-0.27,-0.6,-117.75,51.9,-47.55
1009.77,51.76,27.83,0.31,1.01,-0.83,-118.5,52.2,-47.1
1008.79,53.71,16.11,1.89,-2.71,3.54,-117.15,52.2,-45.75
1001.95,65.43,26.86,0.16,-1.18,0.5,-116.7,52.2,-46.35
1005.86,54.2,22.95,1.18,0.92,0.86,-118.5,51.15,-47.1
1002.44,70.31,20.51,-0.71,1.52,-1.27,-118.35,52.05,-45.6
1003.42,55.66,17.58,-0.57,-1.15,2.69,-117.3,52.5,-47.25
1004.39,54.2,23.44,0.06,2.23,-0.66,-119.7,51.45,-46.35
1005.86,48.34,19.53,-0.02,-0.5,-0.96,-118.95,51.45,-47.85
1000.49,54.2,19.04,1.37,1.34,3.11,-118.5,51.9,-47.1
995.61,50.29,16.11,0.01,0.52,-0.47,-117.75,51.9,-46.8
1011.23,53.71,20.51,-1.02,2.91,-1.1,-118.65,49.5,-46.95
997.07,55.66,20.51,0.11,0.21,-0.1,-117.6,51.75,-46.95
1008.79,57.13,24.9,2.02,-3.31,-0.62,-117.6,51.75,-46.65
998.05,49.8,26.37,1.31,0.35,-0.15,-118.05,52.05,-45.9
1009.28,60.06,20.51,0.55,0.58,-0.25,-117.75,50.7,-47.85
1006.84,45.9,20.02,-1.34,2.16,1.09,-117.45,51.45,-47.85
998.05,55.66,23.44,1.56,0.7,0.66,-118.2,50.7,-47.55
1012.21,51.76,23.93,-0.51,2.69,-1.02,-118.95,52.2,-46.35
995.61,51.76,9.77,2.69,-0.41,2.26,-118.35,51.0,-47.7
1002.44,43.46,20.51,1.05,-1.29,0.53,-118.5,51.9,-47.55
989.75,50.78,24.41,0.34,1.39,0.06,-118.35,52.5,-46.2
995.12,36.62,14.65,0.87,-2.52,0.12,-118.2,52.65,-47.55
996.09,50.29,22.95,-1.27,1.0,-1.56,-118.5,51.15,-47.55
1003.91,50.78,29.3,1.16,-0.37,-1.43,-118.2,51.45,-46.8
1001.95,65.43,9.28,1.27,-1.19,5.15,-118.65,52.05,-48.0
1012.7,61.52,27.83,1.27,0.85,2.55,-119.1,52.05,-48.0
1010.25,49.32,20.02,-0.24,0.5,-1.01,-119.1,52.05,-46.95
1002.44,51.76,25.88,-0.9,0.43,-1.98,-118.65,51.3,-46.95
994.63,61.52,17.58,-2.03,1.84,-0.47,-118.65,52.8,-47.25
1001.95,41.99,12.7,0.07,-1.25,1.24,-117.45,50.7,-47.1
997.56,61.52,16.6,0.76,-1.94,2.64,-118.5,51.45,-46.05
1001.95,49.8,29.79,1.96,-0.37,0.77,-117.75,52.2,-47.85
995.61,54.69,28.32,-1.93,-1.05,0.77,-118.35,51.75,-46.65
1003.42,48.83,26.37,-0.92,2.92,0.15,-118.05,51.0,-46.95
1006.35,49.32,18.55,2.88,-2.13,0.87,-118.65,51.3,-45.9
1009.77,57.62,21.48,2.18,-1.7,0.35,-119.25,51.9,-46.35
998.54,47.36,16.11,2.89,-1.21,2.71,-118.05,51.75,-46.65
1010.74,56.15,22.95,-1.41,-0.85,1.27,-118.65,52.05,-48.0
996.58,51.27,9.28,-1.04,2.18,1.24,-118.95,50.7,-47.1
993.65,53.71,18.55,-0.68,1.44,-3.4,-118.35,52.05,-46.95
1006.84,49.8,22.46,2.92,0.56,0.92,-118.05,52.5,-47.25
1000.98,46.88,18.07,1.23,-1.11,0.15,-118.95,51.9,-46.8
1005.37,48.83,21.48,2.39,-2.24,-1.53,-118.35,51.3,-47.25
1001.46,47.36,24.9,-0.17,2.36,-0.37,-118.05,52.05,-47.7
1002.93,52.73,12.21,0.06,1.89,-1.63,-117.75,52.65,-46.8
1004.88,40.53,13.18,-0.27,0.6,-1.7,-117.75,51.9,-47.1
1001.95,64.94,24.41,0.14,-0.05,1.21,-118.2,51.45,-47.1
1003.91,54.2,13.18,1.22,-1.34,-0.08,-117.6,51.3,-46.65
995.12,57.13,18.55,1.71,0.16,2.06,-116.7,51.9,-46.8
1015.14,60.06,15.14,0.25,-1.13,2.66,-118.5,51.15,-46.8
1005.86,43.46,31.25,0.5,-0.63,0.85,-118.2,50.4,-47.85
1012.21,63.48,28.32,-0.2,1.3,-0.7,-118.5,52.65,-45.0
998.54,48.34,26.37,1.54,0.44,-2.17,-117.6,50.55,-48.0
1005.86,47.85,16.11,0.25,-1.32,2.24,-117.75,52.65,-47.85
998.54,49.32,26.86,0.24,-1.54,0.23,-119.1,51.0,-47.25
1007.32,59.08,19.04,0.76,-0.6,0.25,-119.1,53.55,-48.0
1001.95,46.88,21.0,1.05,1.52,0.27,-118.05,51.0,-46.95
1004.88,57.62,20.02,-0.93,3.65,0.17,-118.35,52.05,-46.95
1008.79,54.2,22.46,0.49,0.69,-0.79,-118.5,51.9,-47.1
1000.98,58.11,15.14,0.4,-0.76,0.39,-119.25,51.15,-46.35
1005.86,57.62,28.81,1.63,-2.18,0.37,-118.95,52.2,-47.85
1002.93,50.29,27.34,2.13,1.14,1.28,-117.45,51.45,-47.55
1004.88,46.39,19.53,0.85,-1.91,-0.13,-118.95,50.7,-47.1
1002.44,55.66,15.14,-0.98,-0.42,-1.01,-118.2,51.45,-48.15
1003.42,47.85,20.51,-1.76,0.27,-1.44,-118.2,52.2,-47.55
1008.3,48.34,9.77,-1.73,0.18,-1.96,-117.6,51.3,-46.95
1017.09,50.29,18.55,0.33,0.89,-0.19,-116.7,50.7,-46.8
999.51,57.13,11.72,0.78,-0.73,1.37,-119.7,51.15,-46.8
1002.44,61.52,28.32,1.18,0.48,2.06,-118.05,51.75,-46.65
1003.91,62.01,17.58,1.76,-1.36,-0.58,-118.5,52.2,-47.85
1001.95,52.25,21.97,0.79,0.36,0.07,-116.7,51.15,-47.1
1000.98,44.43,27.83,-0.72,0.15,-0.52,-119.1,52.8,-46.65
1005.37,57.13,20.51,-0.53,0.91,-3.27,-118.2,51.9,-46.35
993.65,53.22,23.93,-0.25,0.69,0.82,-117.75,51.15,-46.8
999.02,52.73,37.11,0.02,0.88,-0.73,-119.1,52.05,-47.7
1007.32,53.71,18.55,0.94,1.66,-0.94,-119.1,51.75,-45.9
998.05,55.66,13.67,2.34,-0.66,1.78,-118.65,52.8,-46.95
992.19,39.55,21.97,-1.64,-1.72,2.33,-118.35,50.55,-46.95
1006.84,42.97,12.7,2.05,-3.45,1.27,-118.35,51.0,-46.95
1009.28,51.76,33.2,-2.18,1.39,-2.25,-118.35,51.75,-47.25
1007.81,53.71,20.02,-0.41,-2.95,2.4,-118.35,51.75,-46.95
996.58,57.13,24.41,0.39,1.06,0.58,-118.2,50.7,-46.8
1009.77,57.62,17.09,0.89,-4.54,0.77,-118.65,53.55,-46.95
1007.32,46.88,13.67,1.02,-0.28,-0.41,-117.45,51.45,-47.55
999.02,53.22,27.34,-0.58,0.21,2.8,-119.4,52.5,-46.95
995.12,62.5,27.34,1.81,1.17,-0.56,-118.35,51.75,-47.7
1008.79,56.64,23.44,0.48,-1.41,-1.06,-119.1,51.75,-47.7
1004.39,59.57,28.81,0.63,0.82,-0.6,-117.6,51.75,-47.25
1002.44,63.96,21.48,-0.34,0.92,-1.59,-118.65,51.75,-46.65
1001.95,54.69,14.65,-1.27,1.22,0.21,-118.5,51.45,-47.55
1003.42,39.55,29.3,-1.08,2.2,-2.6,-119.1,52.05,-47.7
1019.53,48.83,10.74,0.31,0.29,-0.25,-118.95,51.15,-46.35
1003.42,53.22,13.18,1.86,-1.49,-0.98,-118.2,51.9,-46.35
992.19,50.78,21.0,-0.76,-1.2,-0.86,-117.75,50.4,-47.85
1005.86,65.43,16.11,0.34,0.29,2.79,-118.95,51.15,-46.35
1006.35,61.52,19.53,3.47,-1.97,4.24,-119.25,50.7,-46.8
1004.39,48.83,16.6,-1.09,0.77,-0.4,-119.1,52.05,-46.95
998.54,61.04,25.88,-0.71,-1.58,-1.4,-117.3,51.0,-47.25
1002.44,53.71,29.3,0.98,0.02,-1.53,-117.75,51.45,-46.8
1005.86,52.25,20.51,-2.03,3.46,-2.57,-118.5,50.7,-46.05
1017.58,53.22,20.02,-3.53,-1.07,-2.62,-117.6,51.3,-46.65
1005.37,59.08,36.13,2.46,0.95,2.78,-118.65,51.75,-46.65
1010.25,54.2,19.04,0.52,-0.83,2.83,-118.5,50.7,-46.05
1002.44,55.18,23.93,1.09,-1.09,1.74,-118.05,50.55,-46.65
1000.49,52.73,14.65,-0.28,-0.5,3.18,-118.05,51.75,-46.95
999.02,56.15,28.32,0.45,1.97,1.28,-118.65,52.8,-47.25
1015.14,54.2,25.39,1.63,-1.57,2.73,-119.7,51.9,-46.8
992.68,56.15,25.39,-0.15,3.18,-1.63,-118.35,51.75,-48.75
999.02,55.66,19.53,-0.95,-0.66,-0.79,-119.1,51.75,-47.7
1004.88,54.2,14.65,-1.98,1.68,-1.63,-116.7,50.7,-46.8
1005.37,49.8,37.11,-1.55,2.63,-3.46,-118.35,51.0,-46.65
1005.37,56.64,31.25,-2.03,0.17,0.4,-118.05,51.0,-46.95
1002.93,46.88,21.97,-0.21,0.48,-1.19,-119.1,51.3,-46.2
999.51,55.18,23.44,-1.24,-0.2,0.27,-117.3,51.0,-46.95
988.77,52.25,17.58,3.63,0.55,2.92,-118.35,49.8,-46.95
995.61,49.32,25.39,2.04,1.74,1.44,-118.95,51.15,-47.55
1011.23,66.41,17.09,1.24,0.47,-0.46,-119.4,52.5,-46.65
1003.42,41.99,19.04,0.06,-1.37,2.27,-118.35,51.75,-47.7
1004.39,51.27,22.95,0.74,-3.73,-2.73,-118.2,50.4,-48.6
1005.37,65.43,12.21,-1.73,2.64,0.15,-118.35,50.55,-46.95
1004.39,52.25,24.41,-0.64,-3.27,1.89,-118.35,51.0,-47.7
1009.77,47.85,16.11,-1.05,2.34,0.85,-116.4,49.95,-46.05
1003.91,48.34,21.97,-0.34,0.59,0.44,-117.6,51.0,-47.25
1005.37,58.59,26.37,-1.39,1.61,-0.33,-118.5,50.7,-47.1
1022.95,47.36,10.25,-0.58,1.66,1.19,-118.5,51.15,-47.85
1003.42,70.31,21.97,-0.11,0.81,-2.18,-118.35,51.3,-46.65
998.54,53.71,11.72,-1.13,1.7,-1.31,-116.85,51.3,-47.25
1005.37,49.8,21.97,-1.82,3.38,-2.73,-118.2,51.9,-47.55
1007.32,50.29,32.23,2.5,-1.69,-0.8,-118.05,51.3,-46.65
1021.0,58.59,36.13,1.58,0.15,-0.89,-118.5,51.9,-47.1
1006.84,52.73,21.97,0.31,1.13,-0.82,-118.2,52.2,-48.6
1005.37,54.69,19.04,1.76,-1.48,-0.63,-118.95,50.7,-46.8
1008.79,58.11,20.51,1.94,-0.44,0.96,-118.65,51.3,-48.0
1000.49,51.27,21.0,2.74,-1.18,3.25,-119.25,51.45,-46.8
1001.95,55.66,20.51,-0.69,-1.17,1.82,-117.75,51.15,-45.75
1001.95,48.34,16.6,1.4,-0.07,3.27,-118.05,52.05,-46.65
993.65,52.73,29.3,-1.82,0.89,0.11,-117.3,50.55,-46.65
997.56,58.59,26.86,0.29,1.14,1.53,-118.5,51.15,-46.8
1009.77,49.8,15.63,-2.4,1.88,0.4,-118.65,51.0,-46.2
996.09,45.9,19.53,-0.76,2.16,0.73,-118.2,51.9,-47.1
1004.39,51.76,19.04,-1.27,0.89,0.5,-118.35,51.0,-47.7
994.14,54.2,28.81,-2.03,0.97,-2.18,-118.05,50.55,-48.0
995.12,61.04,13.18,-0.42,1.67,-0.65,-118.65,52.5,-46.65
1006.84,58.11,27.34,1.65,0.98,1.34,-118.35,51.75,-47.7
1002.44,58.11,18.07,1.08,-0.25,0.73,-117.3,51.75,-47.7
999.51,51.76,27.34,0.77,-0.27,0.12,-117.6,52.8,-48.0
1001.46,47.36,34.67,1.57,-0.34,0.79,-117.6,52.05,-46.2
1013.18,53.22,19.04,1.1,0.62,0.37,-119.1,52.05,-46.2
1000.49,57.62,25.88,2.27,-1.07,2.66,-117.75,52.95,-47.1
