-50.78,998.54,-93.75,1.82,-0.4,3.9,-36.45,140.7,-47.1
-52.25,1000.0,-100.59,-1.11,-0.95,1.69,-36.6,140.25,-46.95
-68.36,991.7,-85.45,-0.56,-0.57,-1.03,-36.3,139.5,-48.75
-30.76,999.51,-87.89,2.15,0.79,1.66,-37.2,141.15,-47.1
-40.53,988.77,-94.73,1.51,-0.93,3.1,-35.1,139.8,-45.9
-50.78,991.7,-88.87,0.27,-0.35,0.4,-35.85,140.55,-48.0
-53.22,990.72,-89.36,-0.92,2.21,-0.44,-36.6,140.55,-48.0
-45.9,996.58,-85.94,-0.9,2.83,-0.95,-37.5,141.15,-46.8
-48.83,992.19,-88.38,-1.21,1.85,-0.28,-37.05,140.25,-46.65
-59.08,996.09,-89.36,1.0,0.69,0.39,-37.2,139.2,-47.1
-42.48,995.61,-85.94,2.31,-0.49,0.92,-37.05,139.8,-48.45
-56.15,988.28,-108.4,2.56,-0.8,2.56,-37.5,140.7,-48.6
-51.76,1000.49,-91.8,-1.98,-0.2,0.19,-36.45,141.15,-47.55
-48.34,988.28,-88.38,0.52,0.9,-3.14,-36.45,140.4,-48.9
-49.32,998.05,-89.84,2.82,-0.16,0.71,-37.05,139.5,-47.7
-60.55,988.28,-83.98,2.29,-0.34,0.92,-36.75,139.95,-49.2
-51.27,986.33,-96.19,-0.93,0.66,0.64,-36.45,140.7,-49.2
-36.13,988.77,-90.33,-1.23,0.8,-0.74,-35.85,139.8,-48.45
-50.78,988.28,-91.8,-0.55,0.1,3.43,-37.35,140.25,-46.95
-50.29,992.19,-81.05,2.64,1.42,-0.97,-37.05,139.8,-48.45
-59.57,991.21,-78.13,1.39,-1.51,2.34,-36.75,139.65,-48.15
-53.71,1006.35,-89.36,-0.21,1.19,-1.5,-36.3,139.8,-47.7
-43.46,986.33,-92.29,-0.85,1.8,-2.09,-36.75,139.65,-47.85
-51.27,987.79,-88.38,1.01,-0.98,2.11,-36.45,139.2,-47.1
-48.83,992.19,-93.26,0.9,-0.16,0.17,-36.75,139.95,-47.85
-34.18,994.63,-83.98,1.1,1.9,-0.17,-37.65,141.0,-47.25
-44.92,987.79,-101.07,-2.1,1.73,-2.13,-37.05,140.25,-47.7
-48.83,992.19,-89.36,-0.61,-1.14,0.24,-36.0,140.4,-47.55
-54.69,992.68,-92.29,0.3,0.1,-1.27,-37.65,139.5,-47.25
-32.71,1000.0,-86.43,0.64,-0.77,-0.23,-36.75,140.7,-47.85
-34.67,983.4,-83.5,-0.02,2.78,-0.21,-37.2,140.4,-48.15
-46.88,993.65,-90.33,0.61,-2.15,0.81,-37.2,139.95,-47.85
-56.64,996.58,-87.89,1.86,-0.82,0.54,-36.6,141.3,-47.7
-45.9,985.84,-86.91,0.47,-0.08,-1.53,-36.75,141.15,-48.15
-56.64,990.23,-85.94,0.05,2.1,1.21,-36.75,140.7,-47.85
-50.78,987.3,-79.1,0.02,-0.09,-4.54,-36.6,142.5,-46.95
-55.66,968.75,-102.54,1.87,-1.61,1.33,-37.35,141.0,-47.25
-57.62,1006.84,-91.8,1.76,0.58,0.57,-35.85,141.3,-48.75
-51.27,985.35,-89.36,2.01,1.19,2.28,-37.2,139.2,-47.1
-47.36,981.45,-95.21,-0.5,3.38,-2.24,-35.85,140.25,-48.0
-34.18,994.63,-83.5,3.62,-0.49,1.77,-36.3,140.25,-48.45
-41.02,997.07,-90.33,2.78,-2.26,4.18,-37.2,140.7,-48.6
-59.57,989.26,-82.52,1.04,2.4,1.59,-36.3,141.75,-48.0
-50.29,996.58,-76.17,-0.6,2.23,-0.53,-36.6,140.25,-48.45
-58.59,1009.77,-95.7,-0.49,-0.05,2.9,-36.45,140.7,-48.6
-42.97,990.23,-72.75,1.81,-1.52,1.02,-37.65,140.25,-48.75
-43.95,994.14,-96.68,0.38,2.62,-2.69,-35.7,140.4,-48.6
-44.92,1001.46,-82.52,1.17,2.73,0.03,-35.85,140.25,-48.0
-49.8,992.68,-84.47,2.38,0.56,-0.3,-37.2,139.95,-47.85
-46.88,995.12,-91.31,1.52,-0.67,1.63,-36.0,139.95,-48.15
-48.34,989.75,-98.63,1.06,1.86,0.98,-36.45,140.7,-48.6
-57.13,985.84,-92.77,0.72,2.5,-2.67,-37.35,139.8,-48.45
-53.22,989.75,-82.52,1.37,-0.19,0.57,-35.1,139.5,-48.0
-41.02,1003.91,-94.24,1.71,-0.33,-0.14,-37.2,140.4,-48.15
-43.46,986.82,-90.33,-1.35,1.98,2.4,-35.1,141.0,-48.45
-56.15,991.21,-78.13,-0.56,1.14,0.16,-37.5,139.95,-47.1
-54.2,988.77,-100.1,1.87,-0.1,1.81,-37.05,139.8,-47.25
-44.43,983.89,-96.68,0.71,-1.43,0.45,-36.3,141.3,-47.7
-50.29,979.0,-97.66,-0.38,1.79,-1.4,-36.6,141.0,-47.25
-36.13,988.77,-102.54,0.03,1.76,-0.41,-37.35,139.05,-48.0
-48.83,994.14,-94.73,0.21,-0.51,1.78,-35.4,140.4,-47.1
-46.88,998.54,-88.38,1.28,-1.47,2.92,-37.35,140.55,-48.0
-48.83,993.65,-89.84,-1.52,0.79,-1.91,-37.35,140.55,-47.25
-58.59,980.96,-80.57,-1.55,0.51,0.48,-36.75,139.65,-48.6
-52.25,984.86,-84.47,1.43,-0.55,2.33,-37.95,139.65,-49.2
-59.08,991.21,-91.8,0.68,-1.42,2.09,-35.85,140.55,-47.25
-46.39,986.33,-94.24,0.84,0.08,-0.85,-37.35,140.25,-47.7
-47.85,995.61,-81.05,-0.44,3.02,-3.22,-35.85,140.25,-49.5
-39.55,992.68,-92.29,1.56,0.12,-0.15,-37.2,139.2,-48.6
-40.04,989.75,-90.82,1.82,-3.24,0.95,-36.0,140.4,-48.9
-41.99,992.19,-83.98,-1.79,0.88,-0.4,-36.0,138.9,-48.15
-42.97,1001.95,-77.64,0.58,1.47,-1.0,-35.85,140.25,-48.0
-36.62,1000.0,-96.19,2.01,-1.6,3.06,-37.2,141.15,-47.55
-51.27,1001.95,-81.54,0.97,-1.39,0.79,-37.2,139.65,-48.9
-54.69,982.91,-93.26,-1.66,-0.55,-2.21,-35.7,140.7,-48.6
-38.09,990.72,-84.96,1.27,1.29,-0.79,-36.0,140.4,-47.55
-49.32,1005.37,-90.33,-0.03,0.43,1.09,-36.0,140.7,-47.55
-57.13,992.68,-78.61,0.72,2.01,2.18,-36.6,139.8,-48.45
-40.04,986.33,-99.12,-0.88,0.89,-0.89,-37.65,141.0,-47.25
-56.15,983.4,-83.5,0.99,0.08,-1.83,-37.5,139.95,-47.85
-40.04,1008.3,-94.24,2.66,-3.17,-0.48,-37.65,141.3,-48.45
-53.71,987.79,-85.94,0.8,-2.6,2.82,-37.05,140.25,-48.75
-44.92,974.12,-87.4,0.2,0.5,1.79,-35.4,140.4,-47.85
-35.16,984.86,-96.19,-2.02,0.08,-1.73,-37.2,140.4,-47.85
-57.13,991.21,-103.03,0.72,1.08,1.56,-37.05,140.25,-46.2
-50.78,984.86,-89.36,2.16,-0.02,0.42,-35.55,140.25,-46.65
-39.55,995.61,-92.77,0.31,0.61,-1.56,-36.45,140.4,-47.1
-46.88,985.84,-82.52,-1.19,0.28,1.19,-35.85,141.0,-48.45
-47.85,996.58,-91.31,1.23,1.75,0.22,-36.0,140.7,-48.15
-38.57,987.79,-84.96,-1.92,-0.14,-1.34,-37.35,140.55,-48.0
-49.8,984.86,-81.54,-0.59,2.81,-2.55,-37.2,140.7,-47.85
-41.02,985.84,-103.03,0.33,0.64,2.82,-35.85,140.55,-46.65
-54.2,991.7,-78.61,3.26,0.78,0.71,-37.5,140.4,-47.1
-48.34,983.89,-89.36,-0.37,1.32,-1.56,-35.85,139.8,-49.5
-43.95,977.05,-86.91,-0.23,0.24,-1.32,-37.05,140.55,-47.25
-48.34,1000.49,-95.21,1.08,-2.41,3.49,-37.2,140.4,-47.1
-49.8,980.96,-94.24,1.28,1.13,0.92,-36.0,140.4,-48.6
-45.9,987.79,-98.14,-0.24,2.24,0.4,-35.7,140.4,-48.6
-50.78,988.77,-84.96,0.24,1.73,-2.63,-36.3,140.55,-48.45
-55.18,978.03,-92.77,0.92,-1.15,-1.59,-36.6,141.75,-47.25
-52.73,995.12,-97.66,0.3,-0.35,0.12,-36.45,139.95,-47.1
-49.32,987.79,-90.33,-2.03,2.02,0.73,-37.35,140.55,-46.95
-52.73,996.09,-88.38,0.83,2.21,-1.28,-35.85,140.25,-47.7
-52.73,990.23,-97.17,0.33,-1.17,0.53,-36.75,140.7,-48.15
-49.32,993.16,-84.47,2.46,0.84,2.52,-37.2,141.9,-48.15
-52.25,995.61,-93.75,-0.69,3.69,-0.87,-35.7,139.95,-47.85
-61.52,996.09,-88.38,-1.81,0.5,-0.69,-36.75,141.15,-47.85
-48.34,991.7,-88.87,0.89,-1.83,1.44,-36.6,139.8,-47.7
-49.8,986.82,-97.66,-0.58,3.62,-3.31,-36.0,141.15,-47.1
-47.85,996.09,-92.77,-0.44,0.23,-0.85,-36.45,139.65,-48.6
-55.66,987.79,-88.87,-0.31,-1.98,1.24,-37.2,138.45,-48.9
-44.92,994.14,-87.4,3.53,0.5,3.53,-36.3,140.55,-47.7
-47.85,980.96,-88.38,-2.87,0.92,-1.7,-36.3,140.25,-48.0
-45.41,992.19,-87.89,-1.02,-0.21,-0.21,-36.75,139.95,-47.1
-49.32,989.75,-95.21,2.63,-2.61,-0.31,-36.75,140.4,-47.1
-41.02,1003.91,-85.94,-1.15,-0.57,-2.47,-36.75,139.2,-47.55
-42.97,996.58,-85.45,0.2,1.03,-0.66,-35.7,139.65,-47.85
-41.99,1003.42,-81.05,0.85,-0.85,2.85,-37.65,139.8,-46.65
-48.34,986.82,-81.05,2.31,-0.58,0.4,-36.0,139.2,-48.15
-47.36,1002.93,-102.54,-0.61,0.31,-0.15,-36.6,140.4,-47.85
-46.39,984.86,-86.43,-0.8,0.65,-1.89,-35.7,139.2,-47.85
-50.78,986.82,-88.38,1.67,-2.92,3.28,-36.45,139.95,-47.55
-57.13,996.09,-70.31,0.13,-2.45,3.37,-37.5,140.4,-48.15
-51.27,997.07,-83.5,0.6,0.01,-2.65,-36.3,141.0,-48.45
-33.2,992.19,-92.29,1.14,0.24,-1.15,-36.3,140.25,-47.25
-43.46,991.7,-89.36,1.25,-0.18,-1.33,-36.6,140.55,-48.0
-40.53,991.7,-85.94,-1.21,0.17,0.02,-37.05,139.8,-47.7
-56.15,997.56,-85.94,0.11,0.24,-2.71,-37.2,140.4,-47.55
-51.27,992.19,-86.43,2.15,-0.54,2.52,-36.6,140.25,-48.45
-44.43,999.02,-83.5,-0.64,2.5,2.08,-36.0,140.7,-48.9
-59.57,997.07,-92.29,-0.86,0.73,0.23,-36.75,140.7,-48.15
-51.76,983.4,-103.52,0.82,-0.07,-0.55,-37.5,139.65,-47.55
-53.71,986.33,-98.14,-0.28,1.61,-2.44,-37.05,139.5,-47.7
-47.85,1000.98,-96.19,-0.53,0.98,-2.11,-36.45,140.4,-48.15
-43.95,993.16,-84.96,0.09,-0.33,-1.78,-37.35,139.8,-49.8
-56.64,979.49,-86.91,1.93,-0.57,-0.21,-36.0,139.95,-48.15
-45.9,978.52,-88.87,-0.66,0.58,-1.24,-36.0,138.45,-48.6
-47.36,991.7,-85.45,-1.44,1.94,1.22,-37.35,140.25,-48.45
-52.73,995.61,-84.96,0.29,-1.57,0.56,-37.5,140.4,-47.55
-51.76,985.35,-86.91,-1.28,1.14,-2.18,-36.75,141.45,-47.1
-36.13,987.3,-80.08,-0.97,1.52,-0.7,-36.6,140.55,-48.45
-52.25,994.63,-104.49,2.01,1.43,1.92,-35.7,141.45,-48.15
-48.83,988.28,-100.1,-1.6,0.47,-1.24,-36.6,139.8,-48.0
-45.41,987.3,-81.54,-1.07,2.54,0.2,-36.0,140.4,-47.55
-54.69,996.09,-89.84,3.19,-2.42,1.4,-36.0,141.15,-47.55
-50.29,987.3,-78.13,0.45,-1.39,0.4,-36.6,139.8,-48.45
-45.9,984.86,-94.24,-0.08,-0.76,-1.73,-36.75,141.15,-48.6
-53.71,996.58,-81.05,2.21,-0.6,1.08,-36.3,139.5,-47.25
-50.78,1001.46,-83.98,0.64,0.41,1.54,-35.7,140.7,-48.15
-56.15,986.33,-89.84,-2.92,1.51,-2.18,-37.05,141.3,-46.95
-58.59,993.65,-86.43,-3.12,-2.18,-2.51,-37.2,140.4,-47.55
-52.25,1001.95,-86.91,0.41,-2.18,2.85,-36.3,141.0,-48.45
-41.99,995.61,-88.87,-1.12,1.48,-2.5,-35.4,139.95,-47.1
-37.6,997.56,-77.15,-0.91,0.47,-0.35,-37.05,140.25,-48.45
-45.41,992.19,-83.5,0.33,-0.89,1.43,-36.6,140.55,-47.7
-52.73,970.21,-85.45,1.98,0.05,0.76,-35.7,140.4,-49.2
-43.95,983.89,-83.98,-1.32,2.05,-0.05,-35.7,139.65,-47.85
-47.36,1001.95,-86.91,1.61,-0.14,1.45,-36.75,141.15,-48.6
-37.11,992.68,-93.26,1.76,2.31,3.15,-35.85,139.8,-49.05
-39.06,979.98,-99.12,-0.44,0.95,-1.32,-36.45,138.9,-48.15
-48.83,1011.23,-90.33,0.52,3.29,-2.02,-36.45,141.15,-48.6
-58.11,997.07,-98.14,1.53,-2.37,1.08,-35.7,139.65,-47.55
-51.76,996.09,-91.31,0.18,0.14,1.86,-36.75,139.65,-48.6
-44.43,995.61,-90.82,-1.87,-0.4,1.01,-37.65,140.55,-46.95
-56.64,985.84,-80.08,0.46,0.36,0.15,-37.2,139.95,-47.85
-39.06,985.35,-80.08,1.44,0.99,0.38,-38.1,140.55,-46.95
-51.27,987.3,-111.33,0.31,1.88,-0.8,-37.65,140.25,-48.0
-60.06,990.23,-90.82,1.06,-0.16,-1.15,-38.1,140.55,-46.95
-55.18,1000.49,-93.75,-2.4,2.34,-0.98,-37.35,140.55,-48.45
-55.66,977.54,-100.1,-1.55,0.59,-0.35,-36.0,140.4,-47.55
-61.52,994.63,-99.61,2.14,-2.17,-0.9,-36.6,141.0,-47.7
-46.39,988.28,-94.24,-0.2,-1.99,-0.74,-37.2,139.65,-46.8
-42.48,992.68,-81.54,0.1,-0.34,1.82,-36.0,139.95,-47.85
-51.27,986.33,-81.54,0.16,-2.04,-0.43,-36.45,140.4,-48.6
-49.8,995.12,-91.8,2.36,-1.53,-0.33,-37.05,141.0,-48.45
-56.15,987.3,-82.03,1.04,1.32,-1.5,-37.35,140.55,-46.65
-32.23,996.09,-83.98,2.79,-0.89,0.24,-35.55,139.5,-47.7
-54.69,997.07,-91.31,0.5,-1.92,1.3,-35.4,139.65,-47.85
-57.62,993.16,-91.8,-1.89,-0.11,-2.69,-36.3,140.25,-47.25
-39.55,999.02,-100.59,1.43,2.38,0.37,-36.6,139.05,-47.7
-51.76,994.14,-88.38,-1.68,0.91,-1.26,-35.55,138.75,-48.45
-43.46,1002.44,-83.98,0.23,2.73,-2.64,-36.3,139.8,-48.0
-48.34,997.56,-92.77,-0.18,-0.93,-0.51,-36.3,140.25,-48.0
-48.34,996.09,-94.73,-1.63,1.89,-2.3,-37.05,140.25,-48.75
-49.8,980.96,-100.1,0.64,1.55,-0.74,-37.35,140.55,-47.7
-53.71,985.84,-91.8,0.95,-0.07,-0.91,-37.5,141.45,-46.8
-46.88,994.14,-90.82,1.04,1.92,-0.16,-36.75,141.15,-49.2
-35.64,986.33,-89.36,1.22,1.02,0.87,-37.2,139.2,-47.85
-39.55,992.68,-87.89,1.73,-1.89,-0.23,-36.6,139.5,-47.7
-39.55,1005.86,-85.94,0.5,1.83,-2.04,-37.2,140.7,-47.85
-52.73,985.35,-78.61,-2.53,0.72,-1.56,-37.2,140.7,-47.1
-46.88,981.93,-101.56,1.53,0.45,0.82,-36.45,139.95,-47.55
-50.78,992.19,-92.77,-1.34,1.69,-0.65,-38.25,140.7,-47.85
-45.9,998.05,-95.21,-1.76,3.17,0.95,-37.05,139.05,-46.95
-41.99,999.02,-81.05,1.35,-0.82,3.06,-36.45,139.95,-47.1
-45.41,988.28,-83.98,-0.09,1.53,0.07,-35.4,139.95,-48.15
-43.46,1003.42,-78.13,-1.99,1.15,0.08,-37.35,140.25,-48.45
-44.43,994.14,-97.17,2.87,-0.89,0.92,-36.75,139.95,-47.1
-32.23,989.26,-80.08,-2.15,1.18,0.6,-37.35,139.8,-48.0
-54.69,979.0,-88.87,0.33,2.91,0.66,-35.4,139.65,-48.6
-59.57,991.21,-91.8,1.34,-0.57,2.15,-35.85,139.8,-48.45
-44.92,993.16,-94.73,-1.5,1.56,0.09,-36.6,141.3,-47.25
-44.92,999.51,-86.43,-0.27,0.63,-2.98,-37.05,140.25,-46.95
-41.02,991.7,-85.94,1.56,0.18,0.43,-37.05,140.55,-48.0
-48.34,998.05,-87.4,-1.73,1.64,-2.95,-36.6,141.3,-46.65
-39.55,994.14,-83.98,1.7,0.43,-0.86,-37.05,140.25,-47.25
-47.36,993.16,-86.43,0.84,-0.2,1.85,-35.85,140.55,-48.75
-47.85,993.65,-86.43,-0.76,1.98,0.9,-36.0,138.9,-47.85
-46.39,992.19,-89.36,2.5,-0.25,-1.6,-36.0,140.7,-49.2
-54.69,991.21,-84.96,0.37,0.89,1.65,-35.55,142.05,-48.0
-39.06,979.49,-87.89,-0.98,2.06,0.37,-37.35,139.8,-47.7
-46.88,985.35,-83.5,2.31,-0.71,-0.02,-36.75,140.4,-49.2
-45.9,1004.39,-85.94,0.31,-1.27,-0.27,-36.0,139.95,-47.85
-42.97,987.79,-94.24,-1.2,-0.47,0.9,-35.85,139.8,-48.0
-40.53,973.63,-93.75,0.05,-2.13,3.43,-36.3,140.55,-48.75
-53.71,997.07,-102.54,1.43,0.47,2.08,-37.35,140.25,-47.25
-48.34,979.0,-86.91,1.08,1.95,2.15,-37.95,140.7,-48.6
-41.5,998.05,-90.82,0.66,-0.18,-0.93,-35.85,140.55,-46.95
-53.71,1000.49,-88.87,-0.27,1.89,-1.98,-36.6,139.8,-49.05
-47.36,999.51,-94.73,-0.37,-1.18,-1.72,-36.75,139.95,-47.1
-49.32,982.91,-95.7,0.82,-0.59,-1.18,-35.4,141.15,-47.85
-47.85,995.12,-79.1,-1.66,2.05,0.48,-35.7,140.4,-48.6
-47.36,996.58,-91.8,2.53,-0.96,2.12,-36.45,141.45,-46.35
-41.02,982.91,-88.38,1.4,1.18,3.27,-36.0,139.65,-48.6
-45.9,999.51,-90.33,0.41,1.5,-0.69,-37.05,139.8,-47.7
-43.46,990.23,-90.33,1.05,-2.5,0.69,-36.6,141.0,-47.25
-46.39,993.65,-89.84,-0.6,0.56,-2.42,-35.85,139.8,-48.45
-58.59,992.19,-99.12,-2.09,0.66,-1.69,-35.55,141.0,-48.0
-47.85,988.77,-93.26,2.55,-1.5,3.03,-36.6,141.3,-49.05
-54.2,978.52,-93.75,0.4,2.21,0.96,-37.05,139.8,-47.25
-45.9,981.93,-96.19,0.16,-0.85,0.7,-36.45,140.4,-48.6
-53.71,995.61,-109.86,0.65,-0.48,1.4,-35.55,139.8,-47.25
-45.9,992.68,-82.03,-1.14,1.4,-1.95,-35.7,140.7,-46.35
-46.88,983.89,-86.43,0.83,-0.48,2.14,-35.85,141.3,-46.65
-54.69,992.68,-83.5,0.47,-0.96,-2.58,-36.3,141.0,-47.7
-48.83,983.89,-85.45,1.44,2.63,-1.44,-36.45,140.7,-47.85
-52.73,989.26,-70.31,1.63,-0.66,-0.13,-36.0,139.95,-47.55
-46.39,1000.98,-82.03,-0.49,0.07,0.88,-35.4,139.95,-48.6
-47.36,992.19,-91.31,0.44,0.46,1.34,-37.65,139.8,-47.25
-40.04,991.7,-90.82,-1.16,1.21,-1.85,-37.35,140.55,-47.25
-49.8,1004.88,-90.82,-0.87,1.27,-1.04,-35.85,141.0,-47.7
-49.8,995.12,-95.21,3.85,-0.09,3.09,-37.5,140.7,-47.55
-47.85,995.12,-84.47,0.7,0.67,0.88,-36.6,140.25,-48.75
-43.46,991.7,-98.63,-1.93,0.5,-0.73,-37.05,140.55,-48.0
-55.18,994.14,-82.03,1.76,-0.27,-2.63,-35.55,139.8,-46.95
-45.41,993.65,-88.87,-0.57,0.18,-1.18,-37.35,139.8,-48.0
-57.13,985.35,-83.01,1.18,0.32,2.45,-36.45,140.4,-47.85
-42.48,993.16,-80.08,-0.72,0.53,0.15,-36.75,139.65,-47.55
-49.32,987.3,-83.5,1.03,0.37,-0.82,-37.05,141.0,-48.0
-43.46,979.98,-94.73,2.01,0.01,1.82,-36.75,140.7,-47.1
-35.16,990.72,-92.77,-0.15,0.34,1.69,-38.1,141.3,-48.45
-42.48,1001.95,-81.05,-0.03,1.95,-1.93,-34.8,141.3,-48.45
-40.53,999.51,-91.8,3.69,0.66,1.27,-35.55,139.8,-46.95
-38.57,995.61,-92.77,-0.79,1.37,-1.69,-35.85,139.8,-46.65
-38.57,997.07,-85.45,2.24,0.75,1.73,-35.55,140.55,-48.45
-52.25,991.21,-88.87,1.7,-0.6,-0.23,-35.55,141.0,-48.0
-38.09,979.0,-95.7,-1.35,1.02,0.37,-37.05,141.0,-46.95
-49.32,989.75,-89.84,1.56,-0.5,1.4,-36.0,140.7,-47.1
-36.13,981.45,-97.17,-1.32,2.06,2.27,-36.6,141.75,-48.0
-49.32,990.23,-88.87,2.14,0.66,2.34,-36.45,139.95,-47.1
-48.34,1000.0,-95.21,1.55,1.38,4.09,-37.35,139.5,-48.0
-42.48,998.54,-90.82,-0.56,2.04,0.56,-36.0,140.4,-47.55
-41.99,989.75,-95.21,1.77,2.07,1.61,-37.35,141.0,-47.7
-49.8,989.26,-86.91,0.59,1.13,-1.21,-35.85,141.0,-48.0
-39.55,978.52,-92.77,1.36,0.47,2.89,-37.35,140.25,-47.7
-40.04,1002.93,-85.94,1.09,-0.2,0.25,-35.55,139.8,-48.0
-57.13,994.14,-95.21,0.82,-0.97,0.07,-37.2,140.4,-48.15
-39.55,999.02,-87.4,1.6,-1.18,-0.39,-36.0,139.2,-47.55
-59.08,996.09,-87.89,-0.98,1.07,0.52,-36.3,139.5,-48.45
-43.46,983.89,-90.33,2.13,-0.69,2.47,-36.3,140.25,-48.0
-47.85,991.21,-87.4,2.28,-0.6,-0.67,-36.6,139.5,-45.15
-45.9,977.54,-87.89,-0.24,0.82,-0.92,-36.0,139.2,-47.85
-48.83,995.12,-98.14,2.4,-1.34,0.19,-36.6,139.05,-47.25
-54.69,1001.95,-92.29,0.03,-0.54,-1.29,-36.75,138.9,-48.15
-59.08,991.7,-94.73,0.63,1.53,1.4,-35.4,139.95,-47.85
-46.88,992.19,-88.38,0.04,-1.18,0.85,-37.05,140.55,-49.5
-49.8,996.09,-76.66,-1.18,-1.18,-2.85,-36.6,139.5,-46.95
-49.8,998.05,-95.21,0.88,-1.14,1.21,-37.35,140.55,-48.75
-47.36,985.84,-83.01,0.09,0.93,1.0,-36.45,140.4,-47.85
-53.71,987.79,-80.57,0.81,-0.6,2.69,-37.2,139.65,-47.85
-53.71,1002.44,-94.73,2.47,2.59,3.24,-37.2,140.7,-47.85
-60.06,991.7,-86.91,-1.31,1.17,0.7,-36.75,141.15,-47.1
-41.99,1004.88,-96.19,2.21,-0.03,1.84,-36.0,140.4,-47.55
-47.85,979.0,-82.03,-0.25,-1.56,-1.62,-36.3,140.25,-47.25
-39.06,984.86,-87.89,1.73,-0.53,0.58,-36.75,140.4,-48.9
-46.88,987.79,-89.36,-2.96,3.97,-3.47,-36.0,138.9,-48.6
-53.22,995.61,-91.8,-1.5,-0.54,0.15,-37.05,140.25,-46.65
-49.8,1003.91,-89.84,1.27,0.92,1.49,-37.65,139.5,-47.7
-51.27,992.68,-84.96,-0.69,0.37,1.06,-37.5,139.65,-47.85
-58.59,982.91,-82.03,0.43,0.82,2.89,-37.2,141.15,-47.85
-52.73,994.63,-95.7,-0.44,2.7,-2.6,-37.35,141.0,-47.7
-44.92,1005.37,-91.31,-0.5,0.76,-0.31,-36.0,140.7,-48.6
-57.62,986.82,-87.89,2.35,-1.08,2.24,-35.85,141.0,-46.65
-56.15,998.05,-88.87,0.54,0.5,-0.93,-36.75,139.65,-47.55
-48.34,987.3,-85.94,0.45,-2.54,2.07,-37.95,141.15,-48.9
-35.64,1002.93,-90.33,-1.33,-1.34,-0.73,-36.75,139.95,-47.1
-53.22,987.3,-83.5,0.54,1.09,-1.68,-35.4,139.95,-47.85
-41.99,982.91,-90.33,1.82,0.18,-0.33,-36.3,140.25,-47.25
-41.02,986.33,-90.82,-1.92,2.56,-1.45,-36.0,139.65,-47.85
-59.57,985.35,-88.87,0.53,-1.56,0.82,-37.2,140.7,-47.85
-36.13,972.66,-93.26,0.53,2.91,1.11,-37.95,140.4,-48.15
-38.09,986.82,-85.45,-0.1,0.27,-2.16,-36.6,139.8,-47.25
-42.48,984.38,-88.38,2.54,-2.0,-1.54,-37.05,140.25,-47.25
-40.04,1000.98,-90.33,-2.52,0.34,-0.85,-36.75,139.95,-47.55
-43.46,1000.49,-88.87,2.13,-2.69,-0.38,-37.35,139.8,-46.95
-37.6,988.77,-85.94,-0.32,1.57,-1.31,-37.05,140.55,-48.45
-51.27,996.58,-91.8,1.37,-0.63,-0.89,-37.05,140.25,-48.45
-48.83,995.61,-83.01,0.44,-0.44,0.15,-36.0,140.7,-47.55
-51.27,1003.91,-73.73,-0.84,1.15,-0.61,-36.6,139.05,-46.65
-42.97,989.26,-94.24,1.2,-1.94,-0.29,-36.75,139.95,-47.55
-40.53,984.86,-88.38,-0.24,1.13,-2.15,-35.85,140.25,-47.25
-43.95,988.28,-98.63,1.31,-2.59,2.21,-38.25,139.65,-47.55
-69.34,993.65,-82.52,1.05,0.37,1.22,-37.05,141.75,-47.7
-41.02,1000.98,-77.64,-0.53,1.72,0.56,-37.5,139.65,-46.8
-52.25,986.33,-89.36,0.73,-0.4,1.94,-36.6,141.0,-48.0
-50.78,993.16,-95.21,0.26,2.46,-0.77,-35.7,140.4,-47.1
-47.85,989.26,-92.77,2.87,-1.89,0.6,-37.65,141.0,-47.7
-46.39,981.45,-100.1,-0.69,1.85,-1.4,-36.45,140.4,-46.35
-48.34,984.86,-89.36,0.89,-0.67,1.24,-36.45,140.4,-47.1
-38.57,994.14,-97.66,-0.84,0.38,-2.29,-36.3,141.0,-46.65
-47.36,996.58,-100.59,1.43,0.96,1.26,-36.45,139.95,-47.85
-40.04,992.68,-94.24,2.68,1.77,1.96,-36.3,139.8,-49.05
-50.78,993.16,-86.91,-1.4,-0.01,-2.02,-36.6,141.3,-47.7
-54.69,979.0,-95.21,0.31,-0.26,0.47,-37.05,141.0,-48.0
-49.8,983.4,-92.77,0.85,0.2,-1.66,-36.3,140.55,-47.7
-56.64,978.03,-83.98,-1.23,-0.39,2.2,-36.6,141.75,-48.0
-41.5,987.3,-85.45,0.63,0.4,-2.34,-37.2,140.4,-48.15
-55.18,1005.86,-81.54,2.89,-0.48,2.59,-37.05,140.55,-47.25
-44.43,993.65,-86.91,1.23,-1.29,-0.16,-36.75,139.2,-46.8
-29.3,982.91,-88.87,-1.76,3.62,-0.59,-36.45,139.95,-47.55
-44.43,990.72,-94.24,-0.02,-0.47,-0.34,-36.6,140.55,-47.7
-54.2,988.77,-81.54,-0.73,1.92,-2.07,-35.55,139.8,-48.75
-51.27,988.28,-91.8,-1.33,-0.46,4.69,-35.85,140.55,-46.65
-45.41,993.65,-89.36,1.48,-0.89,2.15,-37.2,141.9,-46.8
-62.01,992.19,-79.59,-0.7,1.69,-2.76,-36.0,141.15,-48.15
-47.85,1002.44,-89.36,0.77,-1.63,0.27,-37.2,139.2,-47.1
-45.41,994.14,-83.01,-2.14,0.39,-1.5,-36.6,140.25,-48.0
-46.88,994.63,-87.89,1.23,-1.96,-0.85,-36.45,139.65,-47.55
-52.25,988.77,-86.43,-1.4,0.6,-2.36,-36.6,139.8,-47.7
-57.13,988.77,-94.73,-3.01,2.05,-1.6,-37.05,140.25,-48.0
-59.57,990.23,-95.7,0.53,-0.07,0.32,-36.45,141.45,-47.85
-45.9,994.14,-84.96,-0.23,0.17,-0.04,-36.6,140.55,-46.95
-36.62,993.16,-93.26,0.22,-1.55,1.57,-36.75,139.95,-47.55
-53.22,999.02,-82.52,0.59,3.27,0.73,-36.0,140.7,-47.1
-45.9,987.79,-77.64,0.54,1.92,0.59,-37.2,139.95,-47.55
-49.32,975.59,-91.31,0.99,-1.64,0.21,-37.2,140.7,-48.15
-58.59,1001.95,-100.1,-0.71,1.75,0.06,-36.3,141.3,-47.25
-53.71,990.72,-92.29,2.14,-3.18,-0.44,-37.2,139.95,-49.2
-51.27,985.84,-100.1,-1.08,1.08,1.74,-36.75,140.7,-47.1
-49.32,993.65,-92.29,1.27,-1.22,-0.99,-36.6,140.55,-49.5
-40.04,984.38,-83.5,1.66,0.49,0.1,-36.0,139.95,-48.6
-50.29,983.89,-87.89,0.32,0.0,-0.18,-36.6,140.25,-47.7
-53.22,986.33,-95.21,1.44,-3.0,3.4,-37.65,139.8,-47.7
-49.8,991.21,-96.68,0.57,2.26,1.18,-36.45,139.65,-48.15
-54.69,1001.46,-91.8,1.62,-0.6,0.47,-36.6,141.0,-48.45
-53.71,980.47,-106.45,-2.0,0.48,-1.18,-36.75,140.4,-47.55
-34.67,981.93,-97.66,3.46,0.28,0.45,-36.0,139.65,-47.1
-41.02,985.84,-85.45,-0.02,3.33,-1.7,-35.55,141.0,-49.05
-54.69,983.89,-82.03,1.16,-2.56,2.02,-37.2,139.95,-47.55
-53.22,993.16,-101.07,-0.73,2.37,-2.6,-36.3,141.75,-48.0
-50.78,989.75,-90.82,0.62,0.81,0.48,-36.0,139.95,-47.55
-35.16,996.09,-78.13,-0.86,-0.45,-0.07,-36.6,140.55,-46.95
-37.11,995.61,-91.31,-0.18,1.6,0.27,-37.2,141.9,-48.6
-49.32,992.68,-82.03,0.34,0.47,-1.11,-35.7,140.4,-47.55
-44.92,999.51,-103.03,-3.23,3.34,-1.13,-36.75,139.2,-47.85
-47.85,998.05,-90.33,1.91,-0.53,2.16,-37.65,139.8,-48.75
-52.25,995.61,-84.47,-1.6,0.29,0.33,-35.1,140.25,-48.0
-56.15,989.75,-89.36,2.76,0.54,-0.18,-36.6,141.3,-48.0
-57.13,990.23,-81.54,-0.52,1.48,-1.6,-38.1,141.75,-46.65
-54.2,997.56,-82.52,0.18,-0.18,2.52,-34.95,140.7,-47.1
-50.29,976.07,-84.96,-1.08,3.67,-1.18,-36.45,140.7,-47.1
-58.59,988.28,-77.64,0.73,-1.91,1.59,-36.75,139.95,-47.55
-48.34,1000.98,-83.5,-0.92,0.02,-1.56,-36.0,139.65,-47.1
-44.43,994.14,-93.75,-0.21,0.78,-0.3,-37.2,141.15,-47.1
-49.32,983.4,-88.87,2.53,-0.54,-0.08,-36.0,140.4,-48.15
-49.32,995.12,-99.12,-0.53,2.68,-1.63,-35.85,141.0,-46.65
-53.71,983.4,-93.75,0.46,-0.76,1.59,-36.45,139.95,-48.6
-39.55,996.09,-87.89,-1.68,-0.28,1.82,-37.2,139.2,-47.55
-48.34,1004.88,-85.94,0.79,0.83,2.73,-36.3,139.5,-48.45
-56.64,986.33,-88.87,0.45,1.21,-0.29,-35.55,140.55,-47.7
-46.88,993.65,-105.96,-0.26,1.25,-4.32,-36.75,139.95,-47.55
-49.32,987.79,-78.13,2.03,0.18,0.9,-35.85,140.25,-47.7
-49.32,991.7,-85.45,-2.21,1.22,-0.63,-36.0,140.7,-46.8
-56.64,984.38,-95.7,1.84,-0.23,0.6,-37.05,141.0,-47.7
-36.13,985.84,-102.54,-0.87,2.05,-2.32,-37.35,140.25,-47.25
-52.73,983.89,-88.87,-0.21,-2.24,0.33,-36.6,139.8,-47.7
-60.06,1000.0,-101.07,-1.07,-0.63,-0.01,-36.45,140.4,-47.1
-58.11,986.82,-95.7,-0.09,-1.59,1.37,-37.5,139.2,-47.55
-51.76,980.96,-85.45,-0.67,-0.28,1.13,-37.35,140.55,-48.45
-40.53,984.38,-95.21,0.23,-1.17,-0.57,-35.7,140.4,-47.1
-53.71,995.12,-90.33,0.69,-1.53,1.18,-36.45,140.7,-47.55
-54.2,993.16,-96.19,-0.82,1.72,-0.48,-37.35,139.5,-47.25
-50.78,988.77,-86.91,2.56,-0.59,1.98,-35.7,140.4,-47.85
-48.34,999.02,-92.29,-0.04,1.41,0.0,-36.0,140.4,-47.1
-55.66,992.68,-93.26,-0.43,-0.23,-2.69,-36.6,142.05,-48.45
-52.73,999.02,-89.36,-0.47,0.26,-1.79,-37.05,141.3,-46.65
-61.52,993.16,-86.91,-0.08,-0.55,-0.1,-36.3,140.25,-48.0
-50.29,994.63,-98.14,-0.9,1.1,-1.12,-37.05,140.25,-48.0
-46.88,993.16,-87.4,1.47,-2.06,-0.37,-37.65,140.55,-48.45
-51.27,986.82,-88.38,1.95,0.43,1.11,-35.7,140.7,-48.9
-45.41,982.42,-88.38,-1.66,2.19,0.5,-36.75,139.65,-47.1
-46.39,983.89,-80.08,1.14,-1.4,2.07,-36.6,139.8,-48.45
-53.71,996.58,-82.03,-0.82,1.48,0.34,-36.3,140.25,-47.25
-39.55,992.19,-84.47,1.79,-1.57,1.72,-36.6,140.55,-46.65
-54.69,999.02,-76.66,0.34,0.09,1.18,-36.75,140.4,-47.85
-49.8,989.75,-80.08,2.08,-0.55,1.81,-36.3,139.5,-47.7
-52.73,996.58,-90.82,0.34,1.26,-2.32,-36.3,139.8,-47.7
-56.15,985.84,-85.94,2.91,-1.96,1.66,-36.0,140.4,-47.85
-44.92,999.02,-98.14,0.32,0.73,1.22,-37.05,140.25,-47.25
-48.34,996.09,-95.21,-1.21,-0.14,-2.27,-36.3,139.8,-46.65
-49.32,983.4,-97.17,0.49,-0.62,0.85,-37.05,139.05,-48.0
-45.41,985.35,-102.54,0.18,0.64,-0.23,-36.6,140.55,-48.0
-53.22,987.3,-85.94,2.02,-0.28,1.79,-36.0,139.65,-47.1
-55.66,997.07,-86.91,0.66,-0.34,2.47,-37.65,140.25,-46.95
-50.78,992.68,-79.1,1.09,-2.05,1.23,-36.45,139.95,-48.15
-55.66,997.56,-91.31,-0.18,0.66,0.68,-36.75,139.95,-47.1
-45.9,983.89,-84.96,2.32,-2.01,2.39,-36.3,140.25,-47.7
-50.29,983.89,-86.43,-0.6,2.89,-1.54,-36.6,139.8,-48.45
-43.46,1006.35,-86.43,0.31,0.44,0.85,-36.3,141.0,-48.0
-50.78,985.35,-92.29,0.73,1.25,1.02,-37.35,140.55,-48.0
-46.88,993.65,-91.31,1.31,-1.69,1.72,-36.3,141.75,-48.0
-50.78,993.65,-89.36,1.57,1.32,-0.4,-36.45,139.95,-47.55
-46.88,984.86,-92.29,-1.02,1.43,-1.47,-36.3,140.25,-47.7
-54.2,968.75,-94.24,2.37,-2.52,2.44,-36.45,139.95,-47.85
-41.99,992.68,-81.54,1.11,1.08,1.27,-36.75,140.4,-47.55
-46.88,981.93,-92.29,1.31,-0.09,2.07,-36.75,139.65,-48.15
-41.5,996.09,-89.36,0.56,2.08,-0.61,-36.75,139.95,-47.55
-53.22,985.35,-81.05,0.15,-0.59,0.73,-37.05,140.55,-48.45
-57.62,978.52,-95.21,1.03,1.36,-2.15,-37.05,140.55,-48.0
-53.71,989.75,-85.45,-0.98,-1.42,0.75,-36.45,139.2,-48.6
-52.73,993.16,-87.89,-0.6,1.69,-0.04,-37.05,139.5,-48.45
-38.09,1000.0,-84.47,1.58,-0.85,1.91,-38.1,140.25,-48.75
-37.6,999.02,-76.66,-0.44,-0.11,0.7,-36.45,140.7,-47.1
-49.8,995.12,-96.19,0.54,-2.7,2.11,-36.45,140.7,-48.15
-50.29,990.23,-86.43,-0.76,0.5,-0.74,-35.85,140.25,-47.7
-50.78,993.16,-90.82,2.27,-0.9,-0.32,-36.6,140.25,-48.45
-52.73,988.28,-95.7,1.0,1.99,0.75,-36.3,138.75,-48.45
-47.36,980.47,-90.33,2.56,-2.53,2.3,-37.35,140.25,-48.0
-53.22,985.35,-83.98,0.66,1.41,-0.26,-34.65,138.9,-48.15
-38.57,983.89,-75.2,-0.76,2.04,-0.47,-36.3,141.0,-46.95
-46.88,992.68,-84.96,2.45,-2.6,-1.26,-37.95,139.95,-46.35
-44.43,989.75,-92.29,-1.21,0.62,-0.05,-36.3,141.0,-46.95
-47.36,1000.0,-100.59,0.76,-0.15,0.93,-36.75,140.7,-47.85
-65.92,993.16,-72.27,-0.27,2.98,-0.09,-36.75,139.95,-47.85
-54.2,1000.0,-89.36,1.85,-0.49,0.79,-36.45,140.7,-47.55
-50.29,984.86,-85.45,-2.18,2.76,-0.78,-36.0,138.9,-47.55
-50.78,990.23,-101.07,0.95,-0.71,-0.07,-36.0,141.15,-48.15
-38.57,1007.81,-88.87,-1.33,1.65,-2.05,-37.95,139.95,-47.85
-27.34,1015.14,-97.17,1.45,-1.58,2.61,-36.0,138.9,-48.9
-50.78,995.12,-90.82,-0.18,0.44,-1.34,-36.45,140.4,-48.6
-36.62,990.23,-90.82,-0.68,0.06,0.89,-36.6,139.8,-49.05
-50.29,992.19,-92.29,-1.83,2.25,-0.28,-36.6,141.0,-48.0
-50.78,980.96,-81.54,2.0,-1.71,0.36,-35.85,141.0,-47.25
-43.46,992.19,-82.03,-0.57,-0.4,-0.11,-36.45,140.7,-48.15
-43.95,991.7,-80.08,1.85,-0.15,1.37,-35.85,140.25,-46.65
-52.25,990.23,-84.96,-2.52,-0.21,-1.82,-36.0,139.95,-46.8
-52.73,990.23,-91.8,1.73,0.33,2.57,-36.75,140.4,-47.85
-52.25,999.51,-92.29,0.47,1.9,-1.37,-36.75,139.95,-48.15
-55.66,990.72,-82.52,1.76,0.96,0.43,-35.7,140.4,-47.1
-52.73,990.72,-86.43,-0.96,1.89,1.52,-36.75,139.65,-47.85
-38.57,991.7,-85.45,-1.48,-0.48,1.89,-37.2,140.7,-48.15
-53.22,993.65,-100.1,0.54,-0.6,1.86,-35.4,140.4,-47.1
-65.43,1000.49,-82.03,-1.08,0.96,-1.69,-36.75,139.65,-48.6
-48.34,989.26,-89.84,2.32,1.84,3.15,-37.2,141.15,-46.35
-42.48,993.65,-87.89,-0.83,2.02,-0.24,-36.3,141.3,-47.25
-40.53,993.16,-86.91,1.87,-1.08,-0.05,-38.25,140.7,-48.15
-53.22,996.09,-81.54,-1.54,0.92,-1.49,-36.75,139.65,-47.1
-51.76,993.16,-83.98,2.56,-0.82,0.09,-36.45,140.4,-47.55
-55.18,994.14,-87.4,0.25,2.89,-0.78,-36.45,139.95,-47.85
-47.36,991.7,-84.47,2.68,0.81,1.93,-37.05,141.0,-48.0
-51.27,991.21,-91.31,0.76,-0.47,-0.69,-37.35,138.75,-47.25
-52.73,988.28,-83.01,1.05,-0.64,-0.66,-36.6,140.55,-46.95
-48.83,1000.98,-95.7,-1.21,-0.18,-0.18,-36.75,140.7,-47.55
-50.78,994.63,-87.4,0.56,0.11,-0.64,-36.3,139.5,-46.65
-48.34,991.21,-89.84,-0.11,2.39,1.31,-35.7,139.2,-47.1
-48.83,989.26,-88.38,-0.02,0.21,0.05,-36.0,139.65,-48.9
-48.34,981.93,-76.66,-1.42,2.34,-1.74,-36.45,140.7,-48.15
-51.27,994.14,-82.52,0.56,0.09,1.47,-36.0,139.2,-48.15
-56.15,994.63,-89.36,-1.54,2.16,-0.82,-36.6,140.55,-48.0
-54.2,995.61,-86.43,1.65,0.52,-0.02,-37.65,140.25,-46.2
-42.48,986.82,-80.08,-1.26,3.63,-2.51,-37.35,140.55,-48.75
-50.78,995.12,-82.52,1.05,-0.56,1.15,-36.45,139.65,-46.35
-45.9,997.07,-84.96,1.39,1.34,1.63,-35.55,139.5,-48.0
-43.95,988.77,-99.12,2.14,-0.78,3.77,-36.45,140.4,-47.1
-44.92,998.05,-94.73,-3.08,1.07,-0.5,-36.75,140.4,-47.1
-46.39,995.12,-92.77,2.1,0.92,-0.05,-36.3,141.75,-48.45
-49.32,991.7,-83.98,0.15,-0.79,-1.43,-36.3,140.55,-46.65
-41.99,999.02,-86.43,1.53,-1.15,-0.09,-37.35,141.3,-47.25
-40.53,987.3,-77.15,-1.73,3.4,-1.75,-37.05,139.8,-48.0
-48.83,998.05,-97.66,-0.34,-1.39,0.58,-35.55,140.25,-47.7
-41.02,981.45,-76.17,-0.15,1.48,2.77,-36.45,139.2,-48.6
-54.2,999.02,-87.89,2.92,0.5,2.27,-36.3,139.8,-46.95
-42.97,985.84,-96.19,-0.15,1.18,-1.62,-36.6,140.25,-46.95
-57.13,1002.44,-97.66,2.03,-0.18,2.74,-36.6,141.0,-46.95
-57.62,1007.32,-83.01,-1.01,1.5,-1.73,-37.05,141.0,-47.7
-42.48,987.3,-96.19,1.22,-1.51,4.79,-36.3,140.25,-48.45
-45.9,984.86,-87.89,-2.41,-0.63,-1.08,-36.6,139.5,-48.45
-66.41,987.3,-78.61,1.22,-1.92,-0.3,-36.0,139.65,-47.1
-46.88,995.61,-79.59,-0.82,1.04,0.04,-36.6,140.25,-48.0
-50.29,986.33,-90.33,1.4,-0.93,1.01,-36.75,139.2,-48.6
-50.78,990.72,-85.94,0.61,0.04,-2.19,-36.75,140.4,-47.85
-51.76,994.63,-90.33,2.15,0.0,0.31,-36.45,139.65,-47.55
-50.29,994.63,-88.87,-2.17,1.65,0.06,-37.05,139.5,-47.25
-52.25,992.68,-83.98,1.43,-0.06,-0.16,-35.85,141.0,-48.0
-44.92,993.65,-89.84,-0.21,1.82,-0.89,-36.75,140.4,-47.85
-55.18,994.63,-84.96,3.2,-1.15,2.96,-35.85,139.8,-47.7
-42.97,1000.98,-100.59,-0.62,2.08,-1.09,-37.05,140.25,-48.0
-45.41,979.98,-85.45,1.4,-0.35,-1.11,-36.45,139.95,-48.6
-44.43,996.09,-83.98,-0.87,0.07,0.88,-36.75,139.95,-47.85
-46.88,981.45,-84.47,0.6,0.38,0.99,-37.05,139.8,-48.75
-52.73,984.86,-84.96,-0.55,0.21,-3.57,-36.0,139.2,-47.85
-47.36,988.28,-84.47,3.56,-0.02,2.25,-37.2,139.2,-47.85
-38.09,998.05,-92.29,-1.55,2.69,-1.74,-36.6,139.8,-47.7
-55.66,990.23,-87.4,1.47,-1.15,1.38,-36.3,139.8,-47.7
-46.39,996.09,-91.8,1.08,1.92,-0.46,-37.05,139.8,-47.7
-45.41,992.68,-85.45,1.24,-1.16,2.98,-37.05,139.8,-46.95
-45.41,987.79,-96.68,0.54,0.77,-0.56,-37.2,140.4,-47.1
-44.43,991.7,-90.33,2.08,-0.08,1.83,-35.85,141.0,-47.7
-40.53,979.49,-99.12,0.05,0.94,1.6,-36.75,139.95,-47.85
-51.27,982.91,-92.29,-1.63,-0.04,-1.3,-35.55,138.75,-47.7
-59.08,998.54,-95.7,-1.53,2.67,0.86,-36.75,140.7,-47.55
-55.18,994.14,-89.36,1.17,-0.97,-3.1,-36.0,139.65,-48.15
-51.27,993.16,-79.1,1.79,-0.83,1.78,-36.0,140.4,-47.85
-46.39,983.89,-81.05,0.02,2.8,-3.1,-37.35,139.5,-47.7
-51.76,994.14,-96.19,1.17,-1.02,0.47,-35.85,139.8,-48.0
-51.27,988.77,-105.47,0.18,0.76,-3.2,-36.0,141.45,-49.2
-54.2,983.89,-98.63,1.34,-0.24,3.92,-36.3,140.25,-47.7
-40.53,994.14,-97.66,0.37,2.15,-1.85,-36.6,141.0,-48.75
-43.46,984.38,-95.7,-0.03,-1.99,-0.53,-35.7,140.7,-48.15
-42.48,978.03,-98.63,0.22,0.25,0.1,-37.35,139.05,-47.7
-48.34,987.3,-91.8,2.46,-2.36,-0.3,-36.75,141.15,-48.6
-47.85,989.75,-84.47,-1.47,2.68,-1.25,-35.7,141.15,-47.1
-45.9,990.72,-89.84,2.58,-0.89,0.6,-37.05,139.8,-48.45
-59.08,996.09,-97.17,-2.08,0.73,-0.53,-37.05,141.3,-47.7
-49.32,992.68,-89.84,0.39,0.94,-1.65,-36.45,139.65,-47.85
-37.6,991.7,-96.68,1.86,-0.76,1.2,-36.45,139.65,-46.35
-40.04,1000.98,-85.94,0.5,0.47,2.42,-37.35,140.55,-47.25
-47.85,989.26,-84.96,2.34,1.89,0.76,-36.6,141.0,-46.65
-47.36,996.58,-84.96,-0.31,2.82,-2.08,-36.45,140.7,-47.55
-38.09,989.75,-99.12,1.32,1.7,3.48,-36.6,139.05,-47.7
-62.01,988.28,-90.33,0.39,0.3,-0.6,-37.65,139.8,-48.0
-48.83,995.12,-78.13,2.71,0.4,1.67,-36.6,140.55,-48.45
-54.69,995.12,-89.36,0.69,-1.48,-0.41,-37.05,139.8,-48.45
-57.13,986.33,-90.82,0.65,-1.02,-0.46,-36.75,139.2,-46.8
-41.5,988.77,-90.33,-0.38,2.47,-1.14,-37.5,139.65,-47.85
-57.62,1004.39,-84.47,2.15,-1.87,1.15,-37.2,139.95,-48.15
-42.48,995.12,-90.33,-2.21,1.89,-0.02,-35.7,141.15,-48.15
-49.8,1000.0,-95.21,1.76,1.15,1.27,-36.3,140.55,-47.7
-47.85,982.42,-85.45,-0.95,0.97,0.67,-36.6,139.5,-47.7
-54.69,992.19,-83.5,0.44,-0.59,0.63,-35.4,138.45,-48.15
-52.73,988.28,-108.89,-2.35,1.59,0.1,-36.3,141.0,-47.7
-42.97,986.82,-88.87,0.85,0.49,-2.55,-36.6,139.8,-48.45
-54.69,1002.93,-85.94,0.92,-0.67,1.15,-37.05,140.25,-48.0
-51.27,998.54,-87.4,0.73,3.5,-2.72,-35.85,139.5,-47.7
-42.97,994.63,-99.12,3.15,-1.18,1.23,-37.5,140.7,-46.35
-59.08,984.38,-91.8,0.05,0.47,-1.22,-37.2,139.95,-47.1
-55.18,1001.95,-91.31,1.52,-0.44,-0.39,-36.45,140.7,-47.1
-50.78,984.38,-93.75,-1.34,1.49,-4.02,-36.45,140.4,-47.55
-46.39,989.26,-89.84,1.09,-0.21,1.26,-35.4,140.7,-47.85
-62.01,998.05,-85.45,0.02,0.34,-0.5,-36.45,139.95,-46.35
-62.01,985.35,-91.8,1.71,0.23,0.7,-37.05,139.8,-46.65
-49.8,996.09,-96.19,1.51,-0.85,3.6,-36.45,141.15,-48.15
-50.29,990.23,-98.14,-0.01,0.35,-1.6,-36.6,140.25,-47.25
-29.79,990.72,-98.63,0.95,-1.34,2.26,-35.7,139.95,-47.55
-42.97,988.28,-82.52,-0.55,0.81,-1.72,-37.65,140.25,-47.25
-41.99,990.72,-97.17,2.07,0.73,2.6,-36.75,139.2,-47.55
-43.95,999.02,-83.98,1.36,3.65,1.08,-37.2,140.7,-47.55
-39.06,987.79,-91.31,0.0,-0.5,0.72,-35.4,140.7,-47.85
-49.8,989.26,-92.29,1.76,0.78,0.56,-36.3,139.05,-48.45
-41.02,989.75,-91.31,0.64,-0.98,2.08,-36.3,141.3,-48.0
-42.48,997.07,-92.29,0.82,-0.97,0.78,-35.7,140.4,-47.85
-53.22,990.72,-85.94,-1.14,-0.05,0.88,-37.65,140.25,-48.0
-48.34,997.56,-87.4,1.58,-1.64,0.95,-36.6,139.5,-47.7
-53.71,974.61,-83.5,-0.87,1.6,-2.17,-36.45,140.4,-47.85
-51.76,990.72,-89.36,2.92,-0.38,0.92,-36.45,139.2,-46.8
-45.9,992.19,-81.54,-2.79,1.63,-0.41,-35.4,139.95,-47.55
-44.43,993.16,-96.19,2.5,-0.79,0.22,-36.3,141.0,-48.0
-51.27,996.58,-82.03,-1.39,-0.15,-2.2,-36.3,140.25,-46.65
-55.66,999.02,-83.98,0.39,2.57,-1.27,-37.5,138.9,-47.55
-52.25,985.84,-89.84,3.43,-1.81,1.67,-37.05,139.5,-46.95
-55.18,996.09,-90.82,-1.44,0.87,-0.56,-37.5,140.7,-47.55
-41.02,994.14,-99.61,1.8,-1.69,1.62,-35.7,138.9,-46.8
-44.43,985.35,-93.75,0.61,-0.47,-0.31,-36.45,140.4,-48.15
-52.73,1000.49,-100.59,-0.09,0.19,0.98,-35.85,141.0,-46.95
-50.29,989.75,-87.4,1.03,0.02,1.97,-36.3,141.75,-47.25
-52.25,1011.23,-92.29,2.16,-0.84,-1.72,-37.05,139.8,-48.45
-46.39,997.56,-98.14,2.12,-1.99,2.75,-37.05,141.0,-48.0
-36.13,990.72,-100.1,-1.85,1.18,-2.82,-36.6,140.25,-48.0
-46.39,985.35,-81.05,1.05,-1.56,3.05,-35.7,140.4,-47.1
-49.8,991.21,-93.26,-0.21,1.43,0.23,-36.6,140.25,-47.25
-45.9,991.7,-93.26,1.64,-1.66,1.82,-36.3,139.5,-47.25
-62.01,1000.0,-96.19,-0.97,3.94,-1.7,-36.75,139.95,-47.55
-47.36,999.02,-97.17,-0.85,-1.11,1.55,-37.05,141.75,-47.25
-55.66,977.54,-90.82,1.37,0.85,2.34,-36.75,138.9,-46.8
-48.83,999.02,-91.31,-0.88,0.84,0.0,-36.3,139.8,-48.0
-42.48,985.35,-87.4,1.4,-3.15,0.5,-36.0,139.65,-47.1
-43.95,988.28,-85.45,-0.41,-0.4,-2.51,-35.4,139.95,-47.55
-43.95,999.51,-95.7,1.23,2.13,-0.34,-36.6,140.25,-47.7
-44.43,991.21,-85.94,-1.73,-0.68,-2.93,-37.05,139.8,-46.95
-41.02,981.93,-100.59,-0.82,-1.36,1.65,-37.05,141.0,-48.45
-48.83,988.28,-96.19,-0.69,-0.28,2.27,-36.3,140.55,-47.7
-50.29,987.3,-96.19,1.34,2.46,-2.31,-36.45,139.95,-47.1
-48.34,991.7,-100.1,1.05,-3.77,1.91,-37.2,141.15,-46.35
-47.36,991.7,-91.31,2.64,0.67,-0.24,-36.3,142.05,-47.25
-41.5,997.56,-83.01,-0.69,-0.86,3.02,-37.35,139.8,-48.45
-42.48,996.09,-103.03,0.88,1.08,-0.15,-35.7,139.95,-48.6
-63.96,999.51,-90.33,-0.15,-2.07,0.27,-37.05,140.25,-46.95
-55.66,994.14,-94.24,0.27,1.95,-0.85,-35.7,139.65,-48.9
-41.02,1005.86,-95.7,0.48,-0.58,0.54,-37.35,139.8,-47.25
-48.34,994.63,-90.33,2.15,0.5,0.74,-37.05,139.8,-46.95
-57.13,986.82,-90.33,0.27,0.21,2.84,-36.75,141.15,-47.55
-47.85,983.89,-91.31,-1.15,-1.54,-0.85,-36.6,140.25,-47.25
-36.62,995.61,-87.4,-1.31,1.61,0.14,-36.0,139.95,-47.1
-54.69,992.68,-91.31,1.4,-0.31,-0.26,-36.75,139.95,-47.55
-58.59,996.09,-89.84,0.48,0.97,0.03,-35.85,139.05,-46.95
-45.41,986.33,-91.8,-0.37,2.35,-2.28,-36.75,140.4,-48.6
-46.88,998.54,-100.1,0.77,-1.92,1.56,-35.85,140.25,-47.7
-48.34,990.23,-86.91,-1.95,0.9,-0.66,-37.2,139.95,-48.6
-54.69,980.47,-92.29,1.66,-1.79,0.82,-35.85,139.05,-46.95
-47.85,988.77,-87.89,-0.59,-1.37,-1.17,-35.85,139.8,-48.0
-47.36,1000.49,-90.82,-0.63,3.11,-1.67,-36.45,141.45,-48.6
-46.88,999.51,-97.66,1.27,-0.52,-0.82,-35.85,139.5,-48.45
-49.8,995.61,-91.31,1.03,2.44,-2.26,-35.85,140.25,-48.0
-55.18,998.05,-88.87,0.64,-1.21,-0.2,-35.1,141.0,-47.25
-32.71,993.65,-100.1,-0.92,2.73,-1.78,-36.45,140.7,-48.15
-57.62,992.68,-94.73,-0.58,1.16,1.31,-36.3,140.55,-48.0
-44.43,997.56,-90.82,-0.22,-0.43,0.55,-36.6,139.8,-47.7
-39.06,983.89,-91.31,0.99,1.06,-1.24,-37.05,139.8,-47.25
-44.43,985.84,-87.89,0.76,-1.08,0.69,-35.55,139.5,-47.7
-43.95,997.07,-86.91,-0.33,1.87,0.18,-36.75,139.2,-47.85
-47.36,992.19,-94.24,3.92,-4.4,-0.32,-36.6,139.8,-46.95
-41.5,989.26,-98.14,-2.03,0.86,-0.79,-37.35,140.25,-48.0
-41.5,981.45,-85.45,0.56,-1.95,-0.56,-37.5,138.15,-47.1
-53.22,1000.98,-89.84,1.78,0.78,0.59,-37.05,140.55,-47.25
-49.8,992.19,-95.21,-1.85,1.46,-0.59,-37.05,139.8,-46.95
-50.29,996.09,-87.89,1.79,-0.96,-1.73,-36.6,140.25,-46.95
-58.11,981.45,-98.14,-0.88,2.62,-0.22,-36.3,140.25,-46.95
-45.9,987.79,-94.73,3.92,-0.52,3.13,-36.75,140.4,-46.8
-63.48,991.7,-89.36,-2.46,1.74,-2.02,-37.2,140.4,-46.8
-45.9,992.19,-93.75,2.35,-1.36,-0.4,-36.45,139.95,-47.55
-41.5,1010.74,-89.36,1.49,-0.18,-0.66,-37.05,141.0,-47.7
-44.43,986.82,-84.47,0.5,2.16,-1.63,-36.45,140.4,-47.55
-50.29,988.77,-103.03,1.18,-1.05,0.47,-36.6,141.0,-48.45
-56.64,987.79,-93.26,-0.98,1.47,-0.55,-36.6,140.25,-47.7
-45.9,992.68,-92.77,3.09,-0.37,0.4,-36.75,140.4,-47.55
-37.6,985.35,-94.24,-0.11,1.42,-1.15,-36.6,139.5,-47.25
-53.22,983.89,-106.93,0.44,2.44,-2.31,-37.2,140.7,-47.1
-52.25,1001.95,-97.17,-2.47,-0.86,1.95,-35.7,139.95,-48.6
-50.78,986.33,-92.29,0.76,2.26,-0.94,-37.35,140.55,-46.95
-50.78,1000.49,-96.68,2.32,-0.56,0.08,-37.2,139.95,-46.35
-53.71,979.98,-95.21,-0.8,2.15,-0.73,-36.45,139.95,-47.85
-55.66,990.23,-95.7,1.93,1.58,1.04,-36.6,141.75,-48.0
-49.8,994.63,-80.08,1.52,-1.11,1.83,-36.45,139.95,-47.55
-48.83,989.26,-93.26,-0.18,3.24,0.97,-36.3,139.8,-47.25
-45.9,993.65,-93.75,0.37,-1.42,2.85,-37.2,140.7,-47.55
-44.43,1001.46,-97.66,0.09,2.37,-0.76,-37.65,140.55,-48.45
-62.99,996.58,-90.82,2.19,-0.63,2.26,-36.45,140.4,-47.55
-55.18,996.58,-95.7,0.78,-0.34,0.93,-37.05,140.25,-46.2
-55.18,999.02,-93.75,-0.21,1.13,-2.17,-37.05,140.25,-46.95
-41.99,998.54,-86.43,2.05,-0.08,-1.34,-36.75,139.65,-46.8
-45.41,1001.46,-83.01,0.5,0.46,1.07,-36.6,139.8,-47.7
-53.22,993.16,-95.21,-0.17,-0.15,2.09,-38.4,140.25,-47.25
-53.71,992.19,-96.19,2.56,-0.14,0.99,-36.6,140.25,-46.95
-42.97,988.28,-88.38,0.29,2.01,1.34,-37.95,140.7,-46.8
-42.48,987.79,-91.8,0.86,0.83,-0.16,-36.6,139.8,-46.2
-56.15,989.75,-91.31,-0.68,2.27,-1.19,-34.65,140.7,-47.55
-49.8,992.19,-86.43,1.3,-0.95,2.31,-36.6,139.8,-47.25
-44.43,995.12,-86.43,-2.27,3.1,0.21,-36.75,139.95,-48.15
-39.06,982.91,-71.78,-1.31,0.7,2.24,-37.05,141.0,-46.65
-52.25,988.28,-99.12,-0.4,-1.85,-1.16,-36.45,141.45,-46.35
-44.92,987.3,-93.75,-0.28,1.47,-0.24,-36.6,139.5,-46.65
-47.36,993.65,-83.98,0.53,-0.32,1.56,-36.6,139.5,-46.65
-49.32,999.51,-91.8,-0.59,0.74,-2.56,-36.0,140.7,-46.35
-41.02,1001.46,-88.87,-1.26,3.22,-1.5,-37.05,139.5,-46.95
-54.2,996.09,-87.4,2.35,-2.23,0.76,-36.3,140.55,-45.9
-40.04,990.72,-85.45,-1.79,1.17,-0.02,-37.05,139.8,-48.0
-45.9,991.21,-88.87,0.84,-0.01,1.15,-36.6,141.0,-47.25
-46.88,996.58,-97.66,1.65,-0.57,-0.21,-36.45,139.65,-46.8
-55.66,982.42,-100.59,-1.15,2.55,-0.85,-36.0,140.4,-46.8
-55.66,996.58,-83.98,1.05,1.51,-0.04,-35.7,140.7,-48.6
-44.43,993.65,-92.29,-0.92,0.82,0.27,-35.85,139.8,-48.0
-59.57,993.16,-88.38,-0.65,5.26,-0.37,-36.75,139.95,-47.1
-61.04,984.38,-93.26,2.15,-1.09,1.53,-35.85,140.25,-47.7
-50.78,1005.37,-90.82,0.4,3.09,1.45,-36.6,141.3,-48.0
-58.11,988.28,-91.31,0.97,-0.79,0.85,-36.6,139.05,-46.95
-47.85,992.68,-86.43,2.62,0.86,2.44,-35.7,140.4,-47.1
-62.5,997.07,-90.82,-0.76,2.57,-1.36,-37.2,139.95,-47.85
-54.2,998.54,-94.73,2.54,-2.83,3.61,-36.75,138.9,-46.05
-45.41,984.86,-105.96,-0.27,0.77,-0.26,-36.3,139.8,-47.25
-43.95,999.02,-86.91,-1.97,-0.27,-1.47,-37.2,139.95,-47.55
-42.97,998.05,-97.66,0.79,-1.21,-2.53,-36.6,141.75,-48.75
-56.15,976.07,-73.24,-0.78,0.08,-4.24,-36.0,140.4,-47.85
-42.48,995.12,-88.87,0.85,0.06,1.8,-37.65,141.3,-47.25
-54.2,991.7,-79.1,2.19,-0.5,-0.07,-36.45,139.95,-47.85
-58.59,997.56,-96.68,-0.16,1.27,-0.56,-37.2,140.4,-48.6
-39.55,982.91,-89.36,0.88,0.41,-0.34,-36.6,141.0,-47.7
-50.29,988.77,-88.38,-1.74,3.44,-1.02,-36.45,141.15,-48.6
-60.06,996.58,-92.29,1.45,0.18,1.2,-36.6,139.8,-47.25
-50.78,986.82,-88.38,3.23,-1.47,1.24,-35.55,139.5,-46.95
-58.59,995.12,-92.77,0.21,0.99,0.3,-36.0,139.65,-46.8
-43.46,992.68,-96.68,1.88,-1.22,-0.57,-37.2,139.2,-47.1
-45.9,984.38,-81.05,-0.06,1.28,-1.45,-37.35,139.8,-47.7
-52.73,998.05,-99.61,0.75,0.58,-1.24,-36.45,140.4,-49.2
-50.78,990.72,-80.08,1.18,-0.87,-0.76,-37.05,141.0,-46.65
-49.8,987.3,-86.91,0.02,2.97,-0.78,-36.45,138.9,-47.85
-51.76,992.19,-93.75,2.02,-2.25,1.67,-36.45,140.7,-48.15
-39.55,988.77,-88.87,-0.16,-1.11,0.6,-35.85,141.0,-47.7
-49.32,985.84,-93.75,-0.98,0.67,-0.2,-36.6,139.5,-46.95
-57.62,992.19,-86.43,1.28,-1.98,2.84,-36.0,139.2,-48.6
-47.85,1006.84,-104.49,-0.48,0.78,1.15,-36.3,140.55,-48.45
-50.29,989.75,-93.75,2.46,0.19,0.22,-37.05,139.8,-48.75
-50.78,1001.95,-99.61,3.55,-2.26,1.15,-36.3,139.8,-48.45
-53.22,997.56,-101.56,0.08,0.12,-1.92,-37.05,139.8,-48.0
-43.46,988.77,-81.54,-1.11,-0.69,1.69,-36.3,140.55,-46.95
-56.64,985.84,-81.54,0.89,-2.95,-1.12,-36.45,139.2,-48.6
-46.39,991.7,-87.89,1.69,2.02,0.03,-36.45,141.15,-47.85
-45.9,993.65,-90.33,0.56,-0.27,-0.01,-37.65,140.25,-48.0
-45.41,994.63,-89.36,-1.4,2.56,-0.1,-37.35,139.5,-48.0
-53.71,999.51,-89.36,1.3,-1.11,1.29,-36.6,140.55,-47.7
-44.92,997.56,-92.77,-0.49,2.63,-0.24,-37.05,141.3,-46.95
-64.94,1000.0,-97.66,-0.17,2.25,0.89,-38.25,139.65,-47.55
-42.48,994.14,-93.75,0.85,0.33,-1.12,-36.6,139.5,-47.7
-45.41,1001.46,-97.66,-1.24,-0.37,-1.53,-36.45,140.7,-47.55
-44.43,983.4,-83.5,2.21,0.54,-1.09,-37.2,140.7,-47.1
-50.29,988.77,-91.8,-0.6,1.82,-1.79,-37.65,140.25,-48.45
-45.41,990.23,-97.17,-2.37,0.46,0.36,-36.75,139.2,-47.85
-47.36,1005.86,-86.91,2.86,-2.79,2.95,-37.2,140.4,-47.1
-51.76,986.82,-96.68,-1.17,1.12,-1.43,-37.5,138.9,-48.15
-45.41,994.63,-80.57,0.66,-0.63,1.42,-37.05,142.05,-46.95
-47.36,994.14,-85.94,1.86,-1.69,0.91,-36.0,140.4,-47.85
-58.11,994.63,-90.33,0.32,0.71,-0.7,-35.55,138.75,-46.65
-48.83,991.7,-86.43,1.34,1.86,0.94,-35.85,139.8,-48.45
-46.88,985.35,-100.1,-0.98,-1.19,-1.59,-35.85,140.55,-48.0
-49.8,981.93,-90.82,1.37,-1.82,1.79,-37.05,141.3,-48.0
-44.92,989.75,-91.31,0.12,2.21,-1.17,-37.35,139.8,-47.7
-52.25,995.61,-83.01,0.93,0.15,1.37,-37.5,140.4,-46.8
-49.8,997.56,-76.66,0.85,-1.61,0.34,-35.85,141.0,-47.25
-51.27,1000.0,-85.94,-0.44,4.81,-0.48,-37.05,139.8,-46.95
-50.78,1001.46,-88.87,0.76,-1.72,0.44,-35.7,139.95,-47.55
-41.5,998.05,-93.26,3.11,-1.98,2.73,-36.0,139.95,-47.55
-51.76,987.79,-94.73,-2.38,0.95,-3.2,-36.45,139.2,-47.55
-40.53,982.42,-94.24,2.71,-2.01,-0.22,-36.3,139.8,-48.0
-41.99,979.49,-81.05,-1.55,-0.28,2.66,-36.3,140.25,-47.7
-53.71,984.86,-88.87,-1.24,0.95,0.71,-35.7,140.4,-47.55
-49.32,984.86,-99.61,0.57,-0.38,-0.82,-37.05,140.25,-47.25
-46.39,982.91,-92.29,0.12,0.48,-0.29,-36.6,140.25,-48.0
-49.32,987.3,-93.75,-1.27,1.82,1.11,-36.45,139.95,-46.8
-51.27,989.75,-88.87,-1.47,-2.5,0.98,-36.45,139.95,-47.55
-41.02,993.16,-92.77,-1.23,1.92,2.74,-36.45,141.15,-48.9
-50.29,985.84,-83.01,-0.02,-0.8,0.81,-36.0,139.65,-46.8
-50.78,991.21,-93.26,2.61,1.21,0.22,-35.4,139.65,-47.85
-57.13,989.75,-84.47,-2.03,3.57,-2.17,-36.75,140.4,-47.55
-41.99,992.68,-90.33,2.6,-1.85,2.36,-35.85,140.25,-47.25
-45.9,985.84,-87.4,0.99,-1.83,4.44,-35.85,141.0,-47.25
-54.2,982.42,-101.07,-0.37,1.63,-3.33,-37.5,139.95,-47.85
-42.48,999.51,-85.94,2.2,0.18,4.27,-35.55,140.55,-46.95
-45.41,989.75,-96.68,-0.95,2.76,-2.5,-37.05,139.8,-47.7
-49.8,985.35,-92.77,-0.69,0.4,-1.98,-35.4,139.65,-48.15
-38.09,993.65,-89.36,0.65,1.43,-0.47,-37.05,141.3,-47.25
-40.04,989.75,-100.1,-0.47,-0.22,-1.44,-35.7,140.4,-48.15
-52.25,998.54,-95.7,-0.23,-0.35,1.73,-37.95,140.4,-47.85
-47.36,994.14,-100.1,1.05,-2.27,3.92,-36.75,139.65,-46.35
-41.5,993.65,-96.68,0.33,3.25,-2.08,-37.05,139.8,-47.7
-42.48,983.89,-104.49,0.74,-1.08,-0.35,-37.5,140.4,-47.1
-36.62,996.58,-95.7,-0.59,0.88,-0.13,-37.5,139.65,-47.1
-57.13,995.12,-95.21,-0.8,3.16,-1.24,-36.0,141.15,-47.55
-46.39,998.05,-95.21,-0.79,-1.66,2.35,-35.85,139.8,-46.95
-48.83,992.68,-90.33,-0.69,0.85,-1.49,-37.05,139.05,-48.0
-53.71,981.45,-88.87,1.11,1.55,0.36,-35.85,139.5,-47.7
-42.48,992.19,-98.14,0.79,-0.86,0.31,-37.2,139.95,-48.15
-45.9,989.75,-92.77,0.87,0.13,-2.62,-36.0,139.65,-47.85
-42.97,987.3,-88.38,0.39,0.9,-3.79,-37.2,141.15,-47.1
-46.39,992.19,-83.01,2.24,-1.25,0.59,-37.2,140.4,-46.8
-52.73,990.72,-83.01,-0.04,1.21,1.66,-36.3,141.0,-47.7
-47.36,986.33,-88.87,-0.22,2.36,0.95,-36.75,139.95,-47.1
-52.25,987.79,-96.68,2.5,-1.39,1.56,-34.65,140.7,-47.55
-52.73,986.33,-95.7,-0.56,0.41,-1.47,-37.2,139.95,-47.1
-55.18,992.19,-99.12,-0.69,0.69,-2.67,-37.05,140.25,-49.05
-43.46,987.79,-88.87,2.72,-1.54,1.15,-36.6,140.25,-46.65
-55.18,982.91,-92.77,-1.27,1.84,-1.38,-36.0,139.65,-46.35
-50.29,985.35,-99.12,1.56,0.26,0.23,-36.45,140.4,-46.35
-52.73,994.63,-94.24,2.42,-1.9,1.92,-35.55,139.5,-47.25
-44.92,998.05,-97.17,-1.04,1.3,-2.11,-37.05,141.3,-47.25
-48.34,991.7,-100.1,1.79,-2.18,-0.05,-37.2,139.95,-48.9
-49.8,996.58,-90.82,1.47,1.56,0.12,-36.3,139.5,-47.25
-54.2,994.14,-78.13,-1.05,0.48,-0.98,-37.05,140.55,-47.7
-32.71,988.28,-91.8,2.21,-1.5,4.9,-35.55,140.55,-49.5
-56.64,1002.44,-94.73,1.48,-0.53,1.1,-36.75,140.4,-48.15
-49.32,994.63,-88.38,-1.08,-0.46,-3.63,-37.05,140.25,-48.0
-40.04,994.14,-96.68,0.39,-0.85,1.27,-35.85,139.8,-47.25
-40.53,989.26,-88.87,1.95,-1.75,1.27,-36.3,139.8,-46.95
-39.06,998.54,-78.61,-1.46,1.37,-1.95,-36.75,141.9,-48.15
-46.88,978.03,-92.77,3.02,-0.28,1.02,-35.7,141.9,-48.6
-50.29,979.49,-77.64,3.4,-1.5,1.79,-36.45,140.7,-47.85
-51.76,1000.0,-94.24,0.07,3.24,-3.06,-35.7,140.4,-47.1
-41.5,997.56,-76.66,1.21,-0.27,-0.86,-37.05,139.8,-47.7
-46.88,995.12,-92.77,3.0,-0.56,1.95,-35.85,140.55,-46.95
-52.25,980.47,-77.15,-0.07,2.22,-1.16,-36.75,140.4,-47.55
-52.73,986.33,-89.36,1.4,0.07,1.74,-35.85,140.25,-48.0
-50.78,996.58,-97.66,0.87,-2.86,3.33,-37.65,140.55,-46.65
-52.73,995.12,-82.52,0.66,0.83,0.1,-35.55,140.55,-47.7
-43.46,1004.88,-85.45,2.35,-1.0,0.08,-36.45,139.95,-48.15
-54.69,994.63,-75.2,1.44,-1.83,0.46,-36.6,139.8,-46.95
-48.83,995.12,-91.8,-2.24,1.12,-0.35,-36.0,140.4,-46.8
-46.88,988.28,-88.87,-0.04,-1.65,2.88,-36.45,139.65,-46.8
-45.41,989.75,-90.82,1.48,-0.73,3.03,-36.6,139.5,-49.05
-46.39,1000.49,-86.43,-0.56,2.91,-1.77,-36.6,140.25,-49.05
-62.99,978.52,-87.89,0.95,-1.98,3.06,-36.6,141.0,-48.75
-41.02,993.65,-104.0,-0.25,-0.1,2.58,-38.1,140.55,-48.45
-51.76,996.58,-90.33,-2.13,1.42,-2.89,-36.0,139.95,-47.85
-53.22,984.86,-86.91,2.48,-1.37,-0.61,-36.45,140.4,-48.15
-49.32,984.38,-81.05,2.9,-0.86,1.47,-37.2,140.4,-47.55
-37.6,985.84,-87.89,-0.38,0.99,-1.31,-36.6,140.55,-48.75
-58.59,992.19,-103.03,1.68,-1.55,-0.54,-36.0,140.7,-46.8
-53.71,992.68,-84.96,3.08,-0.98,0.55,-36.45,139.2,-47.85
-58.11,986.82,-88.87,-2.3,1.26,-1.58,-36.6,139.8,-48.45
-56.64,997.07,-98.63,1.0,-0.3,-2.63,-37.5,140.7,-47.1
-52.25,992.68,-100.1,2.73,-0.84,2.21,-35.4,138.45,-47.55
-42.48,1000.98,-89.36,-2.07,0.83,-0.59,-36.45,141.9,-47.85
-48.83,980.47,-81.05,3.44,-3.28,-0.41,-37.2,139.95,-46.35
-41.99,997.07,-83.01,0.31,-2.21,-0.6,-36.75,139.95,-47.55
-46.88,986.82,-88.87,0.24,1.08,-1.12,-37.05,141.0,-48.0
-62.99,994.14,-81.54,0.63,0.23,1.05,-36.75,139.95,-46.35
-45.9,986.82,-91.8,0.58,-0.92,1.47,-36.3,140.25,-48.45
-53.22,993.16,-85.45,0.38,1.19,0.76,-36.0,139.95,-47.85
-43.95,990.23,-87.89,1.21,-0.94,0.08,-36.6,138.3,-47.25
-47.85,984.86,-85.45,1.52,-1.48,0.37,-36.45,139.65,-47.55
-41.02,992.19,-81.54,0.18,1.15,0.46,-36.45,140.4,-46.35
-42.48,989.75,-93.75,1.34,-0.56,1.99,-35.85,139.5,-46.95
-60.55,992.19,-86.43,1.71,-2.69,0.05,-37.65,140.55,-47.7
-55.18,989.26,-88.87,-1.34,1.11,0.83,-36.75,139.2,-47.55
-47.85,993.65,-89.36,1.13,-0.53,-1.01,-35.55,141.3,-48.0
-47.85,999.02,-91.31,0.86,0.81,1.45,-36.75,139.95,-47.55
-55.18,996.58,-100.59,0.35,1.74,-5.68,-36.75,140.4,-47.1
-50.78,986.82,-99.61,2.2,1.34,0.34,-37.35,140.25,-48.75
-56.15,999.51,-88.38,2.59,-0.15,-1.24,-37.35,141.0,-48.75
-50.78,996.58,-87.89,-0.66,1.75,-0.31,-36.45,141.15,-47.85
-43.95,997.07,-96.19,0.4,0.2,0.46,-36.75,140.7,-47.85
-48.83,990.72,-95.7,-1.73,1.55,0.17,-36.0,139.2,-48.15
-57.13,999.51,-92.77,-1.37,-0.4,-0.5,-36.75,139.95,-47.85
-50.29,984.86,-90.82,0.15,-1.18,0.37,-35.85,140.55,-48.45
-48.34,989.26,-88.38,-0.37,1.11,-3.5,-36.45,139.2,-47.1
-49.32,979.98,-88.38,2.22,-0.58,3.29,-36.6,139.8,-47.7
-59.57,989.75,-90.33,1.07,0.08,1.68,-36.6,142.05,-48.0
-44.92,976.56,-101.07,-1.11,2.05,-1.47,-35.7,140.4,-45.75
-50.78,986.33,-93.26,3.45,-1.78,0.46,-36.6,140.25,-47.7
-45.41,982.91,-79.1,1.53,1.93,2.48,-36.45,139.2,-47.55
-45.9,982.42,-99.61,-1.2,0.56,-0.22,-36.3,139.8,-46.95
-60.06,989.75,-79.59,2.17,-1.5,2.01,-36.45,140.7,-47.1
-61.04,995.12,-89.84,0.14,2.12,-0.98,-37.05,140.25,-47.7
-45.41,995.61,-86.43,-1.42,-0.11,0.57,-37.65,140.55,-48.0
-52.73,993.65,-88.87,1.48,1.5,0.56,-36.6,139.5,-48.75
-50.78,979.49,-84.96,-0.86,-1.81,-3.14,-37.5,139.95,-47.85
-43.46,1000.98,-81.54,-1.31,1.62,-1.6,-37.05,139.8,-48.0
-55.18,997.56,-103.03,1.26,-1.31,0.94,-37.2,140.4,-46.8
-48.83,994.63,-91.8,-1.79,-1.3,-1.94,-37.35,140.25,-48.0
-51.76,985.84,-94.73,2.96,0.9,1.02,-37.05,140.25,-46.95
-41.99,991.21,-99.61,1.47,0.54,2.86,-36.3,140.25,-48.0
-45.41,990.23,-89.36,1.42,2.79,0.53,-36.0,139.2,-47.55
-53.22,997.07,-87.4,2.37,-1.36,0.26,-36.0,141.9,-46.8
-43.95,985.84,-88.38,0.29,1.04,3.08,-37.05,141.0,-46.95
-42.97,989.75,-93.75,-0.5,3.23,1.26,-36.45,139.95,-47.1
-43.46,982.42,-84.96,2.34,-0.78,1.76,-37.05,139.8,-47.25
-42.97,988.77,-99.61,0.09,-0.53,1.44,-37.2,140.4,-47.55
-54.69,993.16,-87.4,1.01,1.17,0.13,-36.6,139.05,-48.0
-53.71,1002.44,-101.07,0.5,-0.54,0.63,-36.45,138.9,-47.55
-53.71,991.7,-91.31,0.37,-1.56,0.65,-35.85,140.55,-47.25
-40.04,1004.88,-93.75,-0.73,1.44,0.64,-36.45,138.9,-47.85
-57.13,984.86,-94.73,1.76,-0.88,-0.06,-37.5,140.7,-47.55
-53.71,988.28,-94.24,1.65,-0.85,2.79,-37.05,140.55,-47.25
-52.25,998.54,-92.77,-1.98,0.98,-1.44,-37.95,139.65,-47.55
-48.83,1002.44,-81.05,0.65,-2.8,1.81,-35.7,139.95,-46.05
-35.64,991.7,-84.47,-0.14,-0.03,-0.89,-36.75,139.2,-47.85
-51.76,983.4,-84.96,0.36,1.71,-2.47,-36.6,139.5,-46.65
-43.46,1002.93,-84.96,-0.35,-0.11,0.43,-36.75,139.65,-47.85
-53.71,981.93,-90.82,0.38,-2.02,-0.19,-36.45,140.7,-48.15
-39.06,1000.49,-86.43,-0.89,3.99,1.84,-36.45,141.15,-46.65
-35.16,995.12,-83.5,2.18,-1.43,2.25,-36.6,141.3,-46.95
-44.43,996.58,-86.91,1.0,0.09,3.55,-38.1,140.55,-47.7
-48.34,994.63,-95.7,-0.38,2.45,-0.27,-36.0,140.7,-47.55
-51.27,996.58,-86.91,2.15,1.68,0.5,-36.6,140.55,-48.45
-59.08,998.05,-78.13,0.5,-0.89,2.7,-37.05,140.55,-46.95
-36.62,991.7,-86.91,0.13,2.15,-1.4,-36.0,140.4,-46.8
-56.15,991.7,-87.89,1.09,-1.22,0.66,-36.0,141.15,-46.8
-44.43,995.12,-87.4,2.03,1.25,0.06,-36.6,140.55,-46.95
-46.88,992.68,-89.84,-0.91,0.42,-1.53,-36.45,140.4,-48.6
-60.55,982.91,-92.29,1.1,-1.93,2.83,-37.95,140.7,-47.55
-35.16,983.4,-88.87,1.31,0.21,2.49,-37.05,140.25,-47.7
-35.16,988.77,-83.98,0.84,0.76,-0.18,-35.55,141.0,-47.25
-42.48,995.12,-80.08,0.04,1.64,-0.46,-36.75,140.4,-46.8
-43.46,985.84,-84.47,1.05,0.16,0.11,-36.6,141.0,-48.0
-42.97,993.16,-106.45,1.02,-2.66,-0.49,-36.3,139.05,-47.25
-45.9,996.09,-93.26,-1.66,0.79,-0.98,-35.85,139.5,-48.75
-53.71,993.16,-94.73,-0.79,1.66,1.58,-36.3,139.8,-47.25
-52.73,992.19,-86.91,1.7,-1.31,0.15,-36.6,139.8,-46.95
-63.48,987.79,-90.82,-0.98,2.29,0.57,-37.05,139.05,-47.7
-42.48,1003.91,-87.89,-2.73,0.57,-4.47,-36.0,141.45,-47.55
-51.27,995.12,-92.29,1.45,-1.47,0.92,-36.0,139.95,-47.85
-55.18,995.61,-97.17,-1.95,-1.55,-0.64,-37.05,140.55,-47.25
-57.62,989.26,-83.01,-1.09,0.27,-1.27,-37.2,139.65,-47.55
-49.8,993.65,-91.31,0.3,-1.2,-0.9,-37.2,139.95,-47.55
-45.9,986.33,-84.47,0.47,-1.21,1.56,-35.7,139.2,-47.55
-50.29,997.07,-91.31,-1.73,-0.46,0.44,-37.35,140.25,-47.25
-50.78,983.89,-91.31,1.6,-3.08,0.5,-35.7,141.15,-47.1
-42.48,997.07,-79.1,2.11,0.65,1.45,-36.6,140.25,-47.7
-49.8,1002.44,-82.52,-1.11,-1.18,-1.96,-36.45,139.95,-47.55
-45.9,993.16,-93.75,0.5,-0.27,-2.47,-37.65,140.25,-47.7
-41.99,988.28,-85.45,0.66,0.98,-0.42,-37.5,140.4,-46.8
-54.69,995.12,-88.38,-0.49,1.44,-0.52,-35.85,141.0,-48.45
-57.13,988.28,-92.29,-1.09,0.51,-1.1,-37.05,139.05,-47.7
-49.8,980.96,-88.38,1.08,-0.05,-0.7,-35.4,140.7,-47.1
-50.78,1000.49,-81.54,1.02,-1.83,1.36,-37.05,140.25,-47.7
-46.39,995.61,-91.8,0.03,-0.49,-1.57,-36.0,141.15,-47.1
-45.41,1003.42,-93.26,-1.69,1.53,-0.92,-36.3,141.0,-47.7
-44.92,994.63,-87.89,0.36,-2.0,1.02,-36.3,140.55,-47.7
-46.88,985.35,-84.96,0.85,-1.7,-0.77,-37.2,140.4,-48.15
-51.27,1002.44,-100.1,-2.11,0.38,-3.15,-37.2,139.95,-47.1
-50.29,995.12,-87.4,1.3,-2.02,2.31,-37.2,140.4,-47.55
-38.57,995.12,-87.4,1.01,-1.92,-0.05,-36.45,139.65,-47.55
-52.25,983.89,-95.21,-0.36,0.06,-0.59,-37.05,139.05,-48.45
-40.53,996.09,-87.4,-1.5,-0.28,-2.94,-37.2,138.9,-47.85
-35.64,1000.98,-93.75,1.44,0.25,-2.17,-36.75,139.65,-48.15
-38.57,1000.0,-81.05,-1.11,-0.41,0.78,-36.0,139.95,-47.1
-47.36,987.3,-81.05,-0.98,3.05,-1.05,-36.0,140.7,-48.15
-61.04,985.35,-94.73,1.54,-2.76,0.24,-36.3,138.75,-47.25
-43.95,989.26,-93.75,0.19,-0.15,1.61,-36.45,139.65,-47.85
-47.36,984.38,-96.68,-0.6,2.13,-3.74,-37.5,139.95,-47.55
-42.48,993.16,-92.77,1.47,-0.77,1.85,-36.0,139.2,-47.1
-45.9,1002.44,-85.45,-0.23,-1.24,-0.11,-36.45,139.95,-47.1
-34.18,989.26,-92.29,-0.02,2.54,-0.03,-36.75,139.95,-47.1
-51.76,997.07,-87.4,-1.82,0.33,-1.46,-36.75,139.95,-48.15
-33.69,986.82,-93.75,1.77,-2.23,0.31,-36.6,139.8,-46.95
-55.18,997.56,-97.17,-1.18,0.03,2.56,-36.75,140.7,-49.2
-40.53,993.65,-82.03,0.5,-1.5,0.19,-36.3,138.75,-47.25
-56.15,991.21,-85.45,2.15,-1.2,2.08,-36.3,141.75,-46.65
-45.9,983.4,-103.52,2.5,-1.8,1.86,-37.2,139.95,-47.85
-54.2,980.96,-89.84,0.26,0.39,-0.26,-37.05,139.8,-47.25
-49.8,994.14,-87.4,0.0,-0.03,-1.17,-37.05,139.5,-48.0
-45.41,993.16,-87.89,0.12,-1.11,1.05,-36.6,139.8,-48.75
-55.66,990.23,-83.01,-0.23,2.21,-0.11,-35.7,139.65,-47.55
-48.34,999.51,-94.24,-1.37,1.44,-1.02,-37.2,139.65,-47.85
-47.85,994.63,-82.03,2.85,-1.5,-0.76,-36.45,140.4,-47.1
-55.18,995.12,-92.77,3.76,-0.75,0.02,-36.6,139.8,-47.7
-37.6,984.38,-87.89,-1.24,2.51,-2.57,-36.3,140.55,-47.7
-47.85,987.3,-94.24,0.79,-1.78,-0.69,-37.2,139.65,-46.05
-50.78,1005.86,-93.26,2.75,-5.14,1.61,-36.3,139.8,-47.7
-54.2,991.21,-97.17,-1.84,-0.73,-2.02,-36.6,141.3,-47.7
-56.15,974.61,-86.91,1.5,1.93,0.5,-36.45,140.7,-47.85
-46.39,989.75,-97.66,1.41,0.89,3.05,-36.6,140.25,-47.25
-48.83,987.79,-92.77,0.42,0.87,-0.21,-36.3,140.55,-48.45
-50.78,992.19,-98.14,-2.8,0.41,-0.66,-35.55,140.55,-48.0
-32.71,998.54,-92.29,0.56,0.02,1.56,-36.45,139.2,-47.55
-63.96,985.35,-84.96,0.89,-0.89,1.38,-37.35,138.75,-46.95
-57.62,993.65,-84.96,-0.89,2.08,-3.44,-37.05,140.25,-46.2
-54.2,985.35,-100.1,2.22,0.21,2.18,-36.6,141.0,-47.7
-49.32,979.98,-78.13,0.73,-0.93,0.91,-35.85,140.25,-47.25
-53.22,1000.98,-82.03,-0.92,3.27,0.66,-36.75,139.65,-46.05
-43.95,1000.98,-95.21,-1.05,1.42,-0.89,-36.6,140.55,-46.95
-55.18,987.3,-96.19,1.06,-2.24,-0.79,-36.75,139.65,-45.3
-49.8,998.05,-87.4,-0.87,2.2,-1.66,-35.85,139.5,-47.25
-58.59,991.7,-97.17,-1.03,0.47,0.02,-37.05,140.25,-48.0
-55.18,989.26,-104.49,1.93,-1.83,0.08,-36.3,139.8,-48.45
-47.36,982.91,-82.03,1.09,-0.56,-0.39,-37.2,140.4,-47.85
-40.53,992.19,-91.31,-1.07,0.86,-0.15,-37.5,140.4,-47.85
-45.9,997.56,-83.98,-0.75,-0.16,-0.3,-36.3,140.25,-47.7
-42.48,992.68,-104.0,0.5,0.17,1.55,-36.3,139.8,-48.75
-45.9,989.75,-85.94,1.95,-0.47,3.03,-36.0,139.2,-48.6
-47.36,994.63,-97.66,-1.05,2.99,-1.56,-37.35,139.5,-46.65
-41.99,993.65,-91.31,0.31,-2.39,3.03,-36.6,141.0,-47.7
-50.78,998.05,-88.87,0.16,1.3,3.43,-35.85,140.55,-47.25
-49.8,995.12,-88.38,-0.2,0.71,-0.82,-37.95,140.7,-48.15
-57.13,989.75,-90.82,-0.95,1.21,-3.76,-37.35,140.55,-48.75
-49.8,991.7,-88.38,1.84,-2.15,0.1,-37.05,139.5,-48.0
-48.34,991.21,-88.87,-1.55,2.7,-0.09,-37.65,139.8,-46.95
-49.8,988.28,-103.03,-1.78,1.76,-1.05,-36.45,139.95,-47.1
-51.27,1006.35,-99.61,0.4,-0.51,0.02,-35.85,139.8,-49.05
-55.18,983.4,-84.96,0.23,0.6,2.53,-37.05,140.55,-46.95
-51.76,996.09,-103.52,0.15,3.87,0.85,-36.3,141.3,-46.95
-47.36,993.16,-88.87,-1.51,0.33,-3.85,-37.5,139.65,-47.55
-40.04,992.19,-93.75,2.59,-0.85,0.47,-37.2,140.4,-47.85
-42.97,992.68,-91.31,-0.4,0.34,-2.66,-36.75,141.15,-47.55
-48.83,1000.49,-86.43,-0.34,-0.31,1.4,-35.85,140.25,-46.65
-45.9,982.42,-88.38,2.55,0.19,1.35,-37.35,141.0,-48.45
-46.39,1002.93,-89.84,-0.11,1.19,0.63,-36.45,140.4,-47.1
-35.16,989.26,-78.61,-1.24,1.62,-0.97,-36.6,140.25,-47.7
-44.43,993.65,-97.17,-0.35,-1.2,0.25,-35.7,140.7,-46.8
-45.9,992.68,-91.8,1.56,-2.0,1.4,-36.6,139.5,-47.7
-53.71,990.23,-86.91,0.15,1.11,-1.35,-38.25,139.95,-48.15
-47.85,992.19,-92.77,-0.93,0.44,0.76,-36.0,140.7,-47.85
-43.46,990.72,-89.36,0.92,-1.09,0.06,-36.45,140.4,-47.55
-39.06,995.61,-86.43,1.44,-0.86,1.16,-36.45,140.4,-48.6
-50.78,990.23,-86.43,-0.13,-2.4,-1.7,-35.7,141.15,-47.55
-50.78,998.05,-78.61,-0.92,3.88,-1.63,-36.45,140.4,-47.55
-44.92,995.61,-99.12,2.04,-0.79,1.71,-37.05,141.0,-48.45
-56.15,995.12,-102.05,2.51,0.24,1.73,-36.45,140.7,-47.55
-50.29,989.75,-92.77,-1.24,0.39,-0.08,-36.0,140.4,-49.2
-52.73,990.72,-86.91,-1.92,0.41,0.58,-36.6,141.3,-46.95
-41.5,980.96,-76.17,0.76,-2.62,1.53,-36.45,139.65,-47.55
-51.76,999.51,-83.5,2.24,-1.23,1.38,-37.05,140.55,-48.45
-51.27,992.19,-90.82,-1.39,1.51,0.56,-36.75,140.7,-46.35
