34.67,-998.54,76.17,-0.03,1.34,-0.77,-42.6,17.4,4.35
29.3,-1019.04,76.66,1.06,-1.39,0.02,-39.45,17.25,4.2
44.92,-1012.21,97.17,-0.02,1.6,-0.5,-42.9,18.15,4.8
40.53,-997.56,61.52,1.11,0.67,-0.36,-42.45,18.0,3.15
43.46,-993.65,68.85,2.96,2.31,0.85,-42.6,16.2,4.05
37.6,-994.14,72.27,1.43,-0.66,1.47,-42.3,17.7,3.3
45.9,-1006.35,64.45,2.92,-0.02,1.14,-41.55,16.65,2.25
41.99,-1000.49,82.03,-0.76,1.07,0.31,-41.7,17.25,3.45
15.63,-992.68,78.61,0.84,2.19,0.8,-41.7,18.3,3.45
43.95,-1015.14,82.52,-0.93,2.72,-1.54,-41.1,17.4,4.35
32.23,-1001.46,72.75,-0.56,1.32,1.67,-41.7,18.0,3.9
34.18,-993.65,81.54,1.58,-1.23,4.38,-42.3,16.65,3.6
28.81,-1003.91,80.57,1.37,-1.08,1.27,-42.0,17.55,3.9
27.34,-998.05,84.47,0.41,0.36,1.71,-41.7,18.75,3.9
21.48,-984.86,82.03,1.68,-0.67,3.98,-41.1,17.4,4.05
29.79,-1007.81,83.5,-1.06,1.82,-1.76,-41.85,17.55,4.2
40.53,-1001.46,88.38,-0.92,0.78,-1.08,-43.35,18.9,5.4
36.13,-1011.72,78.61,-0.35,-0.74,-1.12,-41.7,18.0,5.7
37.6,-1000.0,74.22,-0.68,-0.15,0.56,-42.9,16.95,4.05
18.07,-1005.37,85.94,1.47,-1.4,2.48,-41.7,17.55,3.45
40.04,-1000.98,70.8,1.57,0.55,-0.66,-42.3,16.2,4.05
32.71,-992.19,86.91,0.52,0.5,1.24,-42.45,17.55,4.5
29.3,-1003.42,82.52,0.64,2.81,-1.79,-42.0,18.0,3.9
36.13,-1006.35,79.1,-1.89,0.5,-1.89,-42.0,18.0,3.15
38.57,-1006.35,71.29,-1.47,0.94,3.08,-41.85,18.15,5.1
41.99,-983.89,84.47,0.92,0.63,-1.27,-42.45,16.8,3.9
24.9,-1002.44,86.43,2.08,-1.05,2.05,-42.0,18.3,3.9
22.46,-1002.44,86.43,2.64,0.39,2.24,-42.6,18.9,4.05
25.88,-1003.91,78.61,1.35,0.09,2.06,-42.0,17.25,4.5
36.13,-1008.3,75.68,1.85,-1.93,0.92,-42.0,17.25,4.2
39.55,-1000.49,79.1,-0.67,1.84,1.29,-42.75,17.55,4.95
39.06,-993.16,83.01,1.01,0.95,-1.42,-40.65,17.25,4.95
35.64,-1009.28,77.64,-1.44,0.08,-3.34,-42.6,18.15,5.1
32.23,-1007.32,80.57,0.4,2.56,0.46,-42.75,17.25,5.25
34.18,-992.68,79.59,2.85,-2.52,5.31,-41.1,16.65,3.6
29.3,-1000.98,76.66,2.44,-1.16,1.07,-41.55,18.45,4.05
22.95,-1006.35,77.15,2.31,-1.35,-1.25,-40.95,16.5,4.5
24.9,-997.56,82.03,-0.66,3.49,-0.78,-42.75,18.0,4.5
36.62,-1001.46,79.59,-0.9,1.6,-0.15,-41.85,17.4,4.35
31.74,-1000.98,82.52,-0.82,2.74,-0.75,-41.55,17.4,4.8
40.04,-1011.23,80.57,1.52,-2.12,3.14,-40.95,18.0,3.9
29.3,-1008.79,78.13,2.23,-0.91,0.27,-42.6,18.15,2.55
23.93,-993.16,79.1,0.63,-0.75,2.31,-42.0,17.55,3.9
34.67,-987.79,77.15,-0.38,-0.4,0.95,-41.85,17.4,4.8
27.34,-988.77,65.92,0.35,-0.66,-2.19,-41.85,18.15,4.05
39.06,-988.28,71.78,-0.61,-0.05,-0.58,-41.85,18.45,3.6
24.41,-1000.98,79.59,-1.22,2.91,-1.07,-41.85,18.15,2.55
41.5,-995.12,78.61,1.6,0.68,0.76,-42.75,18.0,2.85
35.64,-1003.91,78.61,1.69,-0.63,3.18,-41.85,16.95,2.55
39.06,-1002.44,90.33,1.67,-1.48,-1.09,-42.6,17.7,4.05
32.23,-1001.46,79.1,-2.31,0.83,-2.53,-42.45,18.75,4.95
23.44,-992.68,73.73,-0.31,-1.0,-1.93,-41.4,18.0,3.15
38.09,-1000.49,77.15,0.47,-0.47,-0.66,-42.3,18.45,5.1
40.53,-997.07,83.98,-1.23,2.62,-0.69,-42.0,19.05,2.85
37.11,-1018.07,79.1,2.3,-2.42,3.53,-43.5,17.55,3.45
34.67,-1003.42,74.71,1.85,-1.15,0.56,-42.3,19.2,4.8
29.3,-998.05,81.05,0.35,-0.87,2.48,-41.85,17.7,4.35
31.74,-1008.3,80.57,0.65,0.18,0.11,-41.7,18.3,3.9
46.39,-991.21,81.05,-0.72,0.81,-2.34,-42.9,17.4,3.0
30.76,-1003.42,83.98,0.64,0.82,-0.46,-42.6,17.4,4.35
33.69,-998.05,79.1,-0.23,-1.05,1.37,-40.8,17.7,3.6
41.99,-1004.88,78.61,0.73,1.31,1.29,-43.35,16.95,4.35
42.48,-1009.28,82.52,2.05,-0.09,2.13,-41.1,18.15,3.3
37.11,-1004.88,93.26,-0.46,-0.27,-2.87,-41.4,18.0,3.9
25.39,-1000.0,91.31,0.03,2.77,-1.0,-42.0,16.5,3.9
23.93,-994.63,82.03,0.75,0.69,2.25,-43.65,16.95,3.6
31.25,-1000.98,83.01,-0.31,-0.89,-0.34,-42.45,17.55,6.0
39.55,-1003.42,80.57,1.99,-1.47,1.95,-41.1,18.45,3.0
51.27,-996.09,77.15,0.35,-3.52,-1.24,-41.55,17.4,3.3
26.86,-999.51,78.13,-0.25,-1.11,1.14,-42.3,17.4,3.0
25.39,-1000.0,73.24,-1.6,1.54,-0.49,-41.55,16.65,4.35
39.06,-999.02,82.03,-1.18,0.78,-3.11,-42.9,16.95,4.05
35.64,-998.54,71.29,0.05,3.39,-1.88,-42.45,18.75,3.45
26.86,-1007.81,89.84,-0.4,-1.63,-0.31,-41.55,16.65,3.6
44.92,-1007.81,86.91,1.11,-0.26,1.03,-42.3,16.65,3.3
36.62,-1003.91,84.47,1.02,-2.74,1.15,-41.85,16.95,4.8
27.34,-995.61,75.68,2.9,-1.61,-0.53,-41.85,17.7,4.35
31.74,-1006.84,79.1,-0.72,1.73,-2.98,-41.7,18.0,4.5
40.53,-1006.35,78.13,0.22,2.4,-1.97,-40.8,17.7,3.6
31.74,-1017.58,79.1,-0.22,-2.22,-2.05,-41.4,18.3,3.9
31.25,-998.05,85.94,0.4,-0.34,-0.47,-42.45,17.55,3.9
31.25,-1012.7,80.57,1.37,-1.27,-0.11,-40.95,17.55,2.85
32.71,-995.61,78.13,1.68,-0.63,0.84,-42.3,17.4,4.05
30.27,-1000.98,74.22,-2.05,0.32,-1.51,-42.75,18.3,3.9
19.53,-996.58,86.91,-1.42,-1.11,-1.17,-42.75,18.0,3.15
43.95,-981.93,74.22,-1.13,2.54,1.11,-42.45,16.8,2.85
33.2,-1012.7,80.57,1.72,-0.4,1.19,-42.3,18.45,3.6
32.71,-1007.32,77.15,-0.07,1.21,1.15,-43.2,18.75,4.95
25.88,-1010.74,89.84,2.55,-1.24,2.44,-41.4,17.25,5.25
45.41,-993.65,82.52,-1.06,0.27,-0.29,-42.0,18.75,3.45
30.27,-990.23,88.38,1.44,0.76,-2.73,-41.55,15.45,4.8
40.04,-1008.3,89.84,-1.45,-1.05,-2.66,-42.45,18.0,3.9
28.32,-1000.98,71.29,2.37,-0.11,2.74,-40.65,18.0,3.15
22.95,-1003.42,84.47,-0.12,0.08,0.53,-41.85,16.95,2.25
44.92,-980.96,83.01,1.32,-1.07,0.02,-42.45,18.0,3.9
25.88,-998.54,75.2,0.6,-2.4,-0.49,-41.1,18.15,4.35
44.92,-997.56,83.98,-1.51,1.31,-0.28,-40.5,18.9,4.35
30.76,-1001.46,83.5,-1.36,1.11,0.33,-41.85,16.95,4.35
37.6,-1008.3,81.54,1.67,0.5,2.53,-41.85,16.95,4.05
34.67,-996.58,91.31,0.88,-0.15,-1.76,-44.25,18.75,2.85
50.29,-1005.37,83.01,1.37,-1.66,1.27,-42.45,19.05,4.5
40.53,-996.58,83.98,-1.33,-1.37,-0.5,-42.0,19.05,4.5
28.81,-1009.28,79.1,-0.11,0.68,0.28,-43.5,17.55,3.9
36.62,-1007.81,83.01,-0.92,0.4,-3.41,-41.85,18.45,4.8
29.3,-996.58,88.87,-1.12,0.91,-1.02,-42.75,19.5,5.25
41.02,-996.09,77.64,1.08,-0.75,0.72,-42.0,17.55,2.85
21.97,-1000.98,92.77,2.22,-2.42,-0.89,-42.0,19.05,3.45
24.41,-1009.28,87.89,1.12,-0.92,-1.61,-42.3,18.15,3.6
23.44,-997.56,80.57,0.2,1.31,2.4,-42.9,17.7,5.4
29.79,-1003.42,76.17,0.83,1.66,0.14,-42.45,18.0,3.45
37.11,-994.14,83.5,-1.24,1.57,-0.65,-42.3,18.15,4.8
34.18,-1011.23,83.01,-1.79,1.22,-0.05,-41.55,16.95,4.05
27.83,-1001.95,99.12,0.6,-0.97,1.79,-41.85,17.4,3.3
28.81,-997.56,77.15,1.83,0.86,1.21,-42.45,18.75,3.9
21.0,-1009.28,85.94,0.9,-0.98,1.25,-42.0,17.25,3.9
33.69,-1012.21,81.54,-0.09,-2.15,0.06,-42.75,17.55,5.25
28.32,-1001.46,88.87,-0.76,0.56,-2.18,-42.6,18.45,5.1
30.76,-997.07,84.96,-0.31,0.91,-0.48,-41.7,17.25,4.95
35.64,-996.58,70.8,0.47,0.79,0.79,-43.2,18.0,3.45
43.46,-999.02,87.4,0.87,-0.28,3.41,-41.85,17.7,4.05
24.9,-995.61,78.13,1.73,0.79,-0.47,-42.6,17.7,4.8
36.62,-997.07,84.96,1.04,-1.73,3.01,-42.9,16.65,4.05
40.04,-995.12,82.03,-0.04,0.79,-2.53,-41.85,17.4,2.55
28.32,-1006.84,105.47,-0.65,2.49,0.14,-42.75,17.55,3.9
26.86,-1013.18,86.43,0.47,0.44,-1.56,-42.3,18.15,3.6
23.44,-1000.0,73.24,1.42,-1.73,2.74,-42.45,18.75,2.85
32.71,-1001.46,82.52,1.53,-0.78,2.48,-42.45,18.75,2.85
39.06,-991.21,78.61,-0.21,-0.41,-1.03,-41.85,17.7,5.4
30.27,-1007.32,74.22,-1.44,0.17,0.48,-42.6,17.7,3.6
19.04,-985.84,78.61,0.21,1.4,-2.7,-42.45,16.8,3.9
32.71,-1001.95,72.27,1.47,-1.19,-0.79,-40.8,17.7,4.05
35.16,-1006.35,73.73,1.05,1.38,5.26,-42.75,16.5,3.45
31.25,-995.12,82.03,1.89,-1.11,0.46,-42.3,17.7,4.05
39.55,-1003.42,80.57,1.39,-1.26,0.91,-42.0,18.0,4.2
38.57,-1007.81,74.71,0.84,0.56,-1.8,-41.55,17.7,1.95
31.74,-1000.49,71.78,-0.33,1.73,-1.69,-42.75,17.55,3.45
23.44,-996.58,78.13,0.63,-2.79,0.05,-41.4,16.5,4.95
39.06,-1003.42,77.64,2.6,-2.62,-1.05,-41.1,17.4,3.3
20.51,-1012.21,84.47,1.4,-3.26,0.08,-40.65,17.25,2.85
35.16,-987.3,85.45,0.15,1.49,-1.29,-42.3,18.15,3.6
30.27,-1001.46,81.05,0.6,0.64,-1.91,-42.45,16.8,3.9
36.13,-993.16,77.15,0.4,2.03,-1.69,-42.9,16.95,4.05
38.09,-994.63,80.57,1.18,-1.35,0.31,-43.2,17.25,2.4
30.27,-1018.55,78.61,2.13,-0.91,0.47,-42.75,18.3,4.2
29.3,-1003.91,77.15,0.37,-1.13,0.71,-42.3,17.4,3.6
41.5,-998.05,69.82,-2.27,1.26,-0.31,-42.3,16.65,4.35
30.27,-1010.74,70.31,0.56,1.55,-0.78,-40.95,18.0,4.95
32.71,-1003.42,81.54,1.37,-1.7,-0.24,-42.0,17.55,3.45
36.62,-995.61,82.03,-0.53,-1.04,2.41,-41.85,17.7,4.8
29.3,-1004.39,86.91,1.53,-0.38,-0.49,-43.5,19.05,4.5
36.13,-995.61,71.29,2.76,0.1,1.25,-43.2,18.75,3.9
46.88,-1000.98,76.66,0.11,2.53,0.5,-42.3,17.4,3.3
25.88,-1014.65,78.61,-0.79,-1.17,-2.8,-41.85,16.95,3.0
31.25,-990.72,86.91,-2.81,-1.69,0.24,-42.9,17.4,3.6
29.3,-1007.32,91.8,1.03,-0.56,0.8,-41.55,17.4,4.8
44.43,-995.12,76.66,1.54,-1.73,2.41,-42.45,17.55,4.2
29.3,-999.51,90.82,3.18,-0.6,-0.35,-42.45,17.55,3.9
42.97,-1001.95,77.64,-0.37,2.2,1.44,-42.3,18.15,3.6
29.79,-990.23,92.29,1.69,2.31,1.08,-42.45,18.75,2.85
30.76,-1006.35,80.08,-0.09,-1.02,0.25,-42.45,16.8,3.9
34.67,-1000.98,83.5,1.44,-1.09,3.07,-42.9,16.65,4.05
32.23,-1003.91,99.61,1.6,-2.05,2.23,-42.3,17.7,4.05
37.6,-1014.16,82.03,-1.02,-0.01,1.32,-41.85,16.95,3.6
29.79,-1000.0,75.68,0.63,0.57,-0.84,-41.4,16.05,2.85
29.3,-991.21,83.5,-0.26,4.66,-1.35,-41.7,18.0,4.5
24.9,-1008.3,87.4,2.27,-1.91,2.04,-43.2,17.55,4.5
47.85,-996.09,79.59,0.54,-1.82,3.41,-42.6,18.15,4.35
24.9,-994.14,77.64,2.48,-1.08,1.58,-41.7,18.3,3.9
44.43,-1011.72,69.34,0.5,-0.17,-2.89,-43.35,16.95,4.05
36.13,-1007.81,80.08,-0.82,0.03,-2.34,-42.0,18.3,2.85
36.62,-998.05,80.08,2.14,-2.33,1.4,-39.9,18.75,4.2
30.76,-1003.42,73.24,2.82,-2.72,-0.76,-41.85,17.4,4.05
32.71,-1005.86,77.64,1.18,1.14,-0.63,-42.0,17.55,4.5
39.55,-1002.44,76.66,-1.79,-0.15,-1.54,-42.9,16.95,4.05
33.69,-993.65,84.47,0.26,2.02,-1.56,-40.95,17.55,4.5
32.71,-999.51,84.96,0.25,2.4,-1.02,-42.0,18.3,4.5
29.79,-1006.84,75.2,2.21,-1.18,0.71,-42.0,19.05,3.45
34.67,-1003.91,80.08,1.7,0.34,0.21,-42.6,17.4,4.8
40.04,-1010.74,82.52,1.17,-1.34,-1.69,-41.7,18.0,4.5
36.13,-1000.98,86.43,0.08,-0.46,-3.17,-41.85,16.95,4.35
28.81,-993.16,82.52,-0.35,1.89,-1.2,-44.1,18.15,4.05
23.93,-1014.65,77.64,1.16,0.55,2.79,-41.7,16.8,3.9
43.46,-1002.44,83.98,0.29,0.31,0.5,-42.0,16.5,4.95
31.74,-997.56,77.15,0.82,-2.69,1.94,-42.0,17.55,2.85
30.76,-998.05,78.61,0.88,-1.8,-2.41,-43.65,17.4,4.05
24.41,-993.16,73.73,-0.62,1.89,-1.56,-41.55,16.65,4.35
26.37,-996.58,89.84,3.21,-1.94,1.36,-42.9,17.7,4.8
42.48,-1008.3,79.1,1.99,1.01,1.67,-40.8,18.15,3.3
43.46,-1003.42,87.89,0.94,-0.04,0.17,-41.55,17.4,3.6
28.32,-996.58,89.84,-0.32,1.71,-1.03,-43.5,18.3,4.5
26.86,-1011.72,85.94,0.06,2.16,-0.89,-42.0,18.0,2.1
46.88,-1000.0,85.94,0.38,-0.35,-2.51,-41.55,17.7,4.05
25.39,-1001.95,90.33,1.36,1.18,0.18,-41.7,17.25,3.45
43.46,-991.7,78.61,1.53,0.56,0.46,-41.4,17.55,3.9
32.71,-991.21,83.5,-2.34,0.82,-1.9,-41.4,18.3,3.9
32.23,-1003.42,79.1,0.64,2.31,-0.45,-43.35,16.95,2.55
38.57,-1004.39,83.01,0.09,-0.15,-0.31,-42.0,18.0,3.15
32.23,-1003.42,84.47,2.56,-1.18,0.03,-41.85,18.15,3.6
32.71,-994.14,76.66,-0.71,0.76,0.17,-41.1,17.7,4.8
27.83,-997.07,59.57,-0.31,2.62,0.48,-41.85,18.15,4.8
36.13,-999.02,93.75,0.69,-1.79,3.84,-42.0,18.0,3.45
37.6,-1004.88,75.68,1.95,1.6,0.53,-41.1,17.7,4.35
32.71,-1004.39,85.94,1.0,1.73,-0.76,-42.3,16.95,4.35
19.53,-999.51,80.57,-0.6,2.58,-0.82,-40.95,17.55,4.95
23.44,-1004.88,79.1,-0.08,0.92,-1.85,-42.0,18.75,4.2
31.25,-1011.72,88.38,1.43,-1.46,-0.69,-41.55,17.7,4.05
34.67,-1006.35,91.31,0.57,-0.82,1.14,-41.85,18.45,4.35
29.79,-1011.72,73.73,1.23,-0.94,0.42,-41.85,18.45,4.35
39.06,-1002.44,86.43,1.65,0.89,-0.47,-42.6,19.2,4.05
40.04,-1002.93,82.03,-0.81,2.67,1.12,-41.85,18.15,4.8
29.79,-998.05,86.91,0.55,0.1,2.18,-42.45,16.8,4.2
31.74,-1009.28,83.5,1.41,-0.33,0.33,-42.3,18.45,4.35
32.23,-1001.95,90.82,0.27,-1.41,-1.52,-44.4,16.95,3.0
38.09,-998.54,84.47,-0.26,2.54,0.27,-41.85,17.7,3.0
41.02,-1000.98,73.73,0.11,1.97,-0.52,-41.4,16.8,3.9
33.69,-989.26,64.45,-0.63,-1.23,-0.69,-42.3,17.4,4.8
30.76,-998.54,88.87,1.44,-0.64,4.08,-42.6,17.7,4.05
28.32,-1004.39,85.94,-2.19,1.11,0.15,-41.85,18.45,3.6
27.34,-1002.93,77.64,-2.38,2.24,-1.74,-41.4,18.0,3.9
29.3,-1000.49,89.84,1.76,-0.03,-0.34,-41.55,17.7,3.6
43.95,-989.75,76.66,3.06,-0.8,1.63,-42.0,18.3,4.2
33.69,-1010.74,84.47,3.02,0.71,1.12,-42.6,18.45,3.0
29.79,-996.09,80.57,-1.27,1.7,-1.66,-42.45,17.55,4.5
28.32,-986.33,73.73,-1.4,-0.94,-1.9,-42.6,17.4,5.4
33.2,-1007.32,87.4,-2.42,3.34,-1.5,-42.6,18.45,4.8
34.18,-994.14,70.31,1.08,0.14,0.95,-42.45,18.3,3.9
22.46,-1006.84,87.4,0.14,-0.21,-0.82,-42.45,18.3,4.95
26.86,-1002.44,86.91,1.53,0.02,1.91,-42.0,17.55,3.9
50.78,-995.61,84.96,-2.19,3.27,-0.76,-41.4,18.0,4.2
33.2,-1010.25,88.38,-0.82,-0.27,-1.09,-42.45,16.5,3.9
33.69,-996.58,75.68,1.3,-2.05,0.24,-42.3,17.7,3.0
40.53,-1001.46,80.08,2.85,-3.08,0.18,-41.4,17.55,4.2
21.97,-1008.3,79.1,0.84,-0.1,1.83,-41.7,16.8,4.5
33.2,-1001.95,73.24,0.11,1.27,-0.82,-42.45,17.55,3.9
25.88,-991.7,89.36,0.53,2.83,0.81,-42.45,17.55,3.45
30.76,-1001.46,77.64,1.53,-0.65,0.34,-40.95,18.0,3.45
35.64,-994.14,73.73,1.82,0.24,0.92,-41.4,16.5,4.2
33.2,-1010.74,90.33,1.45,-0.21,0.49,-42.45,16.8,3.15
32.71,-993.16,67.87,-0.91,0.02,-2.13,-41.55,17.7,4.35
38.57,-998.54,80.57,-0.54,2.98,-0.99,-41.7,18.0,3.45
37.6,-1006.35,65.43,1.95,-2.63,0.63,-43.35,17.4,4.8
31.74,-1000.98,79.1,0.86,0.6,1.51,-42.6,16.65,4.05
40.53,-1010.25,84.96,0.13,-0.46,3.25,-42.0,17.55,4.2
26.37,-1004.39,88.38,-0.98,1.05,-3.4,-41.85,18.9,3.6
37.6,-996.58,93.26,-0.71,2.24,-0.52,-42.3,17.4,4.35
22.95,-1012.7,70.31,2.47,-2.22,3.59,-42.75,16.8,3.45
24.41,-991.7,80.57,1.98,-1.36,0.63,-41.1,18.45,4.05
32.71,-992.68,76.17,0.43,1.82,-0.4,-40.95,17.55,2.85
36.13,-1004.88,85.45,0.27,0.98,-2.02,-42.0,16.8,4.5
22.95,-1004.39,80.08,-1.78,0.78,-2.12,-42.3,16.95,3.0
31.25,-994.63,82.03,1.41,-2.08,1.52,-41.85,18.15,4.35
35.16,-1000.49,89.84,2.2,-0.21,1.18,-42.75,17.55,3.45
24.9,-1009.28,90.82,0.17,1.11,0.85,-40.95,18.0,4.2
32.23,-1003.91,86.91,-0.02,-0.11,-0.22,-40.65,17.55,3.9
30.27,-1003.42,75.2,1.04,-1.4,-0.95,-41.55,16.65,4.35
30.27,-993.16,89.36,0.42,-1.07,1.73,-42.9,18.45,3.6
33.2,-992.68,88.38,3.04,-2.6,1.53,-41.4,17.55,3.15
38.09,-1005.37,77.15,1.48,1.76,-1.08,-42.3,16.95,3.0
27.34,-1004.39,75.68,0.42,1.44,-0.85,-42.3,18.15,3.0
43.46,-999.02,83.98,0.78,-1.5,0.84,-41.85,17.4,3.6
39.55,-998.05,82.52,1.4,-1.44,0.53,-42.45,17.25,4.2
30.27,-1005.37,89.36,0.08,-0.93,0.58,-43.2,18.75,3.45
33.2,-1007.32,71.29,-0.51,2.53,-0.56,-41.1,16.95,4.8
32.23,-998.54,61.04,-1.0,0.97,-0.28,-42.9,18.45,3.6
27.34,-999.51,69.82,0.54,-0.82,1.31,-41.55,17.7,4.8
22.46,-989.26,72.75,1.27,-1.92,1.76,-42.75,17.25,4.2
44.43,-1000.98,87.4,2.25,0.04,1.45,-41.85,17.7,5.1
34.18,-1008.79,89.84,-1.4,3.29,-1.11,-41.7,17.4,4.35
32.71,-1016.11,76.17,-1.39,-0.05,-1.47,-42.3,18.15,3.6
34.67,-1011.23,85.94,1.75,-0.9,1.34,-41.55,18.15,4.05
28.81,-1003.91,77.15,1.8,-0.11,3.16,-41.1,18.45,4.8
37.11,-1006.35,79.1,1.21,1.18,1.52,-42.3,18.9,4.05
35.64,-997.07,72.27,-1.34,2.22,-0.56,-42.45,19.05,4.2
40.53,-1000.98,85.94,-0.63,-0.56,1.38,-42.75,18.0,4.5
35.64,-1004.39,71.29,1.91,-0.4,1.34,-42.0,16.8,3.9
31.74,-1006.84,76.17,1.35,0.87,2.07,-42.9,17.4,2.25
30.76,-1004.88,80.08,0.66,-2.33,1.84,-41.1,17.4,2.55
29.79,-1004.39,90.33,-0.69,2.02,-0.86,-41.85,18.45,4.35
37.11,-996.09,72.75,-0.1,-2.28,-1.52,-41.85,17.7,3.6
38.09,-999.51,84.47,1.75,-1.34,0.81,-42.6,15.9,4.8
41.5,-1003.42,83.5,0.79,1.23,-0.44,-41.85,16.95,4.05
48.34,-997.56,83.98,1.84,0.73,1.27,-42.45,18.3,4.5
36.13,-994.63,77.64,-1.15,-0.35,-2.06,-41.4,16.05,3.45
29.3,-1004.39,87.4,-2.11,2.4,-1.66,-42.6,18.9,4.35
34.18,-996.09,83.01,2.21,-2.6,-0.69,-41.55,17.7,2.55
37.6,-1005.86,87.4,1.97,-1.5,1.72,-43.5,18.3,4.95
32.71,-1005.86,78.13,1.86,2.66,-0.45,-41.55,17.7,2.25
35.16,-1005.86,83.98,1.04,2.27,-1.11,-42.0,16.8,4.2
33.2,-1005.37,79.1,-0.89,2.76,2.23,-42.3,16.65,3.3
39.55,-1000.0,75.2,1.53,-0.42,1.49,-42.3,17.4,4.8
38.09,-999.02,88.38,-0.61,-0.81,0.16,-43.2,18.75,3.9
27.34,-1014.65,73.24,-4.4,0.97,-2.15,-42.6,16.2,3.6
35.16,-992.68,79.1,0.15,-1.96,-3.21,-42.0,17.25,3.9
43.46,-990.23,74.71,-2.21,2.04,0.95,-40.95,16.8,3.9
22.46,-1006.84,91.31,0.02,-1.5,0.1,-42.6,17.4,4.05
23.93,-991.7,79.1,2.66,1.6,1.98,-42.45,17.25,3.45
40.53,-994.63,71.29,-2.67,1.66,-1.2,-42.6,17.4,4.05
34.67,-1010.25,86.91,-0.63,1.4,-1.18,-42.0,18.75,4.95
29.79,-1003.91,80.57,3.53,-2.8,1.73,-42.45,17.25,3.9
28.81,-1003.91,90.33,1.72,1.88,0.34,-41.7,17.55,4.5
34.18,-1010.74,84.47,0.18,-1.4,-0.15,-41.1,18.15,4.05
32.71,-1003.91,84.47,-2.11,0.43,0.79,-42.45,17.55,4.2
36.62,-1009.77,84.47,0.27,0.63,0.92,-41.55,16.65,3.6
27.83,-1003.42,77.15,0.84,-1.04,-0.06,-42.0,18.3,4.2
29.79,-1012.21,78.13,0.86,2.05,1.29,-41.85,18.45,3.3
34.18,-997.56,77.15,-1.63,-1.03,-1.76,-40.65,17.55,2.85
42.48,-1002.93,84.96,1.14,0.57,0.62,-41.55,18.15,4.8
38.09,-997.56,88.87,-1.26,1.43,-0.35,-42.9,15.9,4.35
39.06,-1005.86,90.82,1.24,-0.86,2.85,-42.75,17.55,4.2
34.18,-1006.35,75.68,2.7,-3.18,-0.62,-42.0,16.8,4.2
32.23,-1017.09,85.45,0.48,2.24,-2.23,-41.55,17.7,3.6
34.18,-999.51,82.03,-1.74,1.49,-0.81,-41.1,16.95,3.6
42.48,-1004.39,77.64,1.8,-0.33,0.99,-42.9,17.7,4.8
32.23,-1000.98,83.01,1.55,-2.13,-0.9,-42.9,17.4,4.05
34.67,-1005.86,82.03,-0.44,1.25,0.03,-42.6,18.15,3.6
43.46,-1005.37,93.26,-1.49,1.31,-1.73,-41.1,16.95,4.05
40.04,-1000.98,76.17,-2.18,2.72,0.53,-41.85,17.7,3.0
45.41,-994.63,74.22,0.27,-0.86,-3.86,-43.2,16.8,4.5
40.04,-1004.88,87.89,0.29,1.56,2.41,-40.2,19.05,2.85
24.9,-995.12,83.01,2.25,0.41,0.7,-41.85,18.15,3.3
33.69,-1001.95,82.52,0.56,2.12,-1.02,-41.85,16.95,3.6
33.2,-993.16,76.66,-1.68,2.11,-1.07,-41.85,17.4,4.05
46.88,-1013.18,75.2,0.81,-0.02,1.66,-42.6,17.4,5.85
29.3,-1002.93,80.08,1.68,-0.1,3.15,-43.5,17.55,3.45
41.99,-1006.35,79.1,-1.23,0.89,-0.15,-42.6,17.4,2.55
36.62,-1001.95,75.2,0.22,0.93,-4.18,-42.3,17.4,4.05
42.97,-1008.79,78.61,0.33,0.6,-2.21,-41.85,16.2,3.6
25.39,-1009.28,74.71,3.08,0.12,1.95,-42.6,17.7,3.6
33.2,-1003.42,83.5,2.78,0.12,1.66,-40.8,17.4,3.3
36.62,-1010.25,77.64,-1.63,1.76,-2.16,-42.0,17.25,3.9
31.74,-1002.93,87.89,-0.46,1.9,-1.76,-43.35,17.4,4.35
45.41,-995.12,72.27,0.56,1.61,-0.27,-42.45,16.8,4.2
20.02,-1001.95,83.98,2.43,-1.35,1.59,-41.55,17.4,3.3
30.76,-1003.42,79.59,1.64,-2.39,2.38,-41.55,18.15,3.3
41.02,-987.3,80.57,-2.33,0.97,3.1,-42.3,16.95,3.6
34.67,-992.68,87.4,-1.76,2.04,-0.47,-41.7,18.75,3.9
37.6,-996.58,80.57,1.18,-3.15,0.85,-43.35,17.7,3.6
16.6,-1001.95,83.01,0.73,0.25,2.64,-42.9,18.45,3.6
38.57,-995.12,74.22,-0.73,2.44,-1.41,-41.55,17.7,3.3
36.62,-996.58,87.4,0.64,-0.27,-0.67,-43.65,17.7,4.8
35.16,-1010.74,95.7,2.84,-0.37,0.18,-41.85,16.65,3.3
39.55,-993.65,77.15,3.54,0.09,1.4,-42.45,18.0,3.9
34.18,-1003.42,89.84,-0.85,0.53,-1.55,-41.7,18.3,4.2
19.04,-1009.77,92.29,0.51,2.73,-2.81,-43.35,17.7,4.05
41.99,-1004.39,78.61,0.3,2.57,-0.98,-41.85,18.15,3.6
30.27,-996.09,83.5,1.77,-1.92,1.95,-41.7,17.55,4.2
29.79,-1000.49,85.94,-0.05,2.46,0.32,-42.3,17.7,5.1
22.95,-1005.37,69.82,-0.11,0.46,-1.91,-42.0,17.55,4.2
32.71,-1005.86,86.43,-1.69,-1.69,2.76,-42.75,17.25,5.25
27.34,-1002.44,79.59,1.02,0.46,-1.11,-42.0,17.55,4.95
39.06,-1004.88,72.27,3.35,0.63,2.4,-42.0,17.55,2.4
31.74,-1008.79,79.59,-0.82,0.11,-1.61,-41.7,16.8,4.5
39.55,-998.54,93.26,-1.92,-0.81,-4.03,-42.3,17.4,3.6
38.09,-995.61,79.59,0.45,-0.24,2.05,-41.85,17.7,4.35
40.04,-988.77,73.73,0.82,1.63,0.55,-42.3,18.15,3.6
30.27,-1005.37,63.96,-0.71,2.9,-0.38,-43.2,17.55,3.45
38.09,-989.26,66.89,-1.27,1.19,-2.62,-42.0,16.5,3.45
30.76,-1007.32,88.38,-1.19,3.4,0.11,-42.45,17.25,3.9
48.83,-1009.28,81.54,1.62,0.58,1.97,-41.55,18.15,5.1
31.25,-995.12,74.71,0.69,-0.48,2.12,-42.0,17.55,3.45
30.27,-1001.46,83.98,0.28,2.63,-0.12,-42.3,17.4,3.6
40.53,-997.56,85.45,-0.81,1.21,1.66,-42.9,17.4,4.8
30.27,-999.02,79.59,-0.29,2.95,2.93,-41.55,17.7,4.8
33.2,-1003.42,78.13,1.0,-1.72,-0.02,-42.0,18.0,4.2
23.93,-997.56,71.78,0.11,-0.43,-0.21,-41.85,18.15,4.35
30.27,-1010.74,73.73,-0.84,0.53,-3.09,-41.7,16.05,3.9
31.74,-1000.0,95.7,-0.05,-1.53,-2.11,-43.35,16.65,5.1
33.2,-1005.37,76.66,1.01,-1.26,1.3,-42.3,16.95,3.6
36.13,-998.54,84.47,-0.38,1.05,-3.31,-41.4,18.0,3.9
31.25,-996.58,72.75,0.68,1.72,-0.73,-40.95,18.0,3.45
41.99,-1003.42,83.01,0.31,0.05,-1.82,-41.7,17.25,4.2
38.57,-1008.79,83.01,2.45,-0.59,1.36,-41.55,17.4,4.35
37.6,-989.26,88.38,0.2,-0.18,3.79,-41.4,16.8,4.5
30.76,-984.86,77.15,-2.31,0.5,-0.63,-42.45,17.25,4.95
30.76,-1005.86,76.66,0.24,1.64,1.56,-42.6,18.15,4.8
33.2,-1002.44,82.52,1.09,-0.56,-2.31,-41.1,15.9,4.35
42.97,-1000.98,83.5,1.06,-0.01,-0.43,-40.8,16.95,4.05
31.25,-994.63,78.13,-0.05,0.16,0.44,-41.7,18.0,4.95
34.67,-1002.93,80.08,-0.14,1.98,0.62,-43.2,16.8,3.9
35.64,-1011.23,79.1,0.14,-0.45,-0.33,-42.45,17.55,3.45
33.69,-993.65,80.08,1.98,2.66,0.4,-40.2,18.0,2.4
29.79,-1003.42,83.98,-0.79,2.8,-0.49,-42.6,18.9,4.35
12.7,-1006.35,81.54,-0.07,0.53,-1.1,-43.5,18.3,3.9
34.67,-1014.65,92.29,-0.96,0.5,-0.15,-41.55,16.95,3.6
35.16,-1003.42,72.75,2.69,-2.85,0.6,-40.95,16.8,3.9
32.23,-1000.98,81.05,2.11,0.44,0.86,-42.45,18.3,3.15
38.09,-999.51,79.1,-1.07,0.71,-0.4,-42.0,17.25,3.45
36.13,-997.56,70.31,0.39,2.12,1.33,-42.3,17.7,5.4
27.83,-1009.77,77.15,1.34,-0.85,3.32,-42.6,16.2,3.0
34.18,-1004.88,87.4,-0.56,2.48,-1.71,-42.9,16.2,3.0
48.83,-1015.63,76.66,-1.75,-1.18,-1.31,-41.85,18.45,4.05
35.64,-1002.44,74.22,1.03,-3.4,1.09,-42.6,17.7,5.1
30.76,-1002.93,73.73,1.34,-0.76,1.97,-41.85,16.65,4.8
33.69,-994.63,80.08,-0.15,-1.66,2.18,-42.0,19.05,2.85
31.74,-994.63,84.96,-1.28,3.27,-1.88,-41.7,17.25,3.9
40.53,-1015.63,83.5,1.08,0.52,0.17,-42.45,18.0,3.9
29.3,-1006.35,81.05,2.18,-0.05,0.63,-42.45,17.25,4.5
39.55,-995.12,83.98,1.11,-1.5,-0.03,-41.4,18.0,4.2
39.06,-994.63,79.59,0.89,3.01,-0.53,-42.0,18.3,4.5
33.69,-1001.95,80.08,2.76,-2.32,1.61,-42.45,17.55,4.2
30.76,-994.63,85.45,1.56,-0.11,0.63,-40.95,17.25,3.9
25.88,-1005.37,78.13,-1.26,3.24,-2.08,-42.3,17.4,3.0
30.76,-994.14,82.52,2.27,0.75,-2.47,-42.45,16.8,3.9
31.25,-1003.42,90.82,2.53,0.44,-0.47,-43.5,17.25,4.95
32.71,-1000.98,89.36,2.52,-1.07,1.31,-41.55,18.15,4.35
24.9,-990.23,88.87,-0.07,2.31,-1.54,-41.4,18.0,2.1
43.46,-1004.88,83.01,-0.31,-0.05,0.05,-42.6,17.7,4.8
30.27,-1009.77,84.47,0.69,-2.02,-0.1,-42.75,18.3,2.85
36.13,-996.58,78.61,1.15,0.85,-0.14,-41.7,17.55,4.2
29.3,-991.7,71.78,-0.01,-0.1,0.28,-40.65,17.25,3.45
34.67,-995.12,74.22,0.93,0.62,-2.42,-42.45,18.0,3.45
44.92,-1000.98,68.36,-0.76,0.44,1.25,-41.7,17.55,4.2
32.23,-1007.81,84.47,0.18,-2.5,3.58,-41.1,17.7,4.05
21.97,-1011.72,88.87,1.29,-0.67,1.05,-41.55,16.65,4.05
42.48,-992.68,74.71,-1.29,0.29,-1.01,-42.45,16.5,2.85
34.67,-1003.42,67.38,-0.98,2.02,0.11,-42.0,17.25,3.45
37.6,-1004.88,82.03,1.69,-0.95,3.31,-42.0,15.3,4.95
31.74,-1004.39,78.13,0.29,-1.36,2.75,-41.7,16.05,3.9
27.34,-996.58,85.45,-1.4,1.38,-2.35,-42.3,17.4,3.6
33.2,-1006.84,86.91,0.77,-0.08,-3.5,-41.7,16.5,4.2
46.88,-1007.32,72.27,1.73,1.82,-0.89,-42.6,17.7,4.35
31.74,-1001.46,81.05,3.25,0.98,3.4,-42.6,17.4,4.05
40.04,-1009.28,72.75,-1.52,1.24,-0.62,-41.4,16.8,4.95
47.36,-995.61,90.82,0.9,2.32,-1.42,-42.6,17.7,4.05
39.55,-1005.86,83.01,1.84,0.95,1.1,-42.0,18.0,3.9
32.71,-997.56,88.87,2.14,-1.35,2.94,-41.85,17.4,4.05
30.76,-1001.95,87.89,0.4,2.8,-0.61,-43.35,18.45,4.35
32.23,-1004.88,65.92,-0.32,1.45,1.83,-42.6,16.2,3.3
33.69,-992.19,81.05,2.5,-1.22,1.64,-43.5,17.25,4.5
38.09,-1008.79,80.08,1.2,0.76,1.89,-41.4,17.55,3.9
38.57,-1000.0,81.05,-0.89,1.7,-0.3,-42.0,16.5,3.45
34.18,-1003.91,87.89,0.05,1.04,-3.05,-41.7,17.25,3.45
31.25,-1005.37,83.98,0.33,-0.24,0.56,-41.7,16.8,3.9
37.6,-998.05,76.17,0.96,0.11,-0.02,-41.85,18.45,3.3
45.9,-1000.98,77.64,-0.37,2.04,-0.44,-41.1,16.95,3.6
34.67,-1002.93,95.7,-1.83,0.01,-2.5,-41.7,17.25,4.95
37.6,-1004.39,69.82,0.97,-4.5,1.92,-42.45,17.55,2.85
27.34,-1000.0,83.5,2.03,-1.11,-1.91,-42.3,17.4,5.1
40.04,-992.19,81.54,-1.17,0.4,-3.34,-41.4,17.55,3.45
38.57,-1000.49,78.61,-0.66,-0.31,-0.5,-41.1,16.95,3.6
36.62,-1005.37,68.36,3.81,0.73,0.4,-42.45,17.55,4.95
29.79,-1000.49,71.78,-0.01,1.05,0.52,-41.7,16.5,3.45
30.76,-1000.0,83.01,-0.65,1.37,-0.18,-42.3,17.7,3.6
27.83,-993.16,80.08,-0.09,0.42,0.53,-42.6,16.95,3.6
33.69,-1005.37,92.29,2.51,-0.61,1.48,-40.8,17.7,3.3
24.9,-1001.46,78.61,-1.42,1.31,-1.23,-42.3,18.9,3.3
28.81,-996.58,81.05,0.53,0.18,-3.59,-42.75,17.25,3.45
37.6,-998.05,82.52,0.7,-2.03,0.47,-41.55,17.7,3.3
13.67,-1004.39,86.91,0.79,-0.95,0.85,-41.55,18.15,3.3
33.69,-1007.32,80.57,1.3,0.6,2.57,-42.3,18.9,4.35
26.37,-1000.98,76.66,-0.68,1.35,-3.59,-41.4,17.25,2.85
34.18,-1001.95,82.03,1.46,0.02,-1.67,-41.7,18.0,4.5
33.2,-994.63,79.1,-0.13,-0.66,-0.14,-42.0,17.25,3.45
35.16,-1007.32,80.57,1.54,-0.27,-2.41,-42.0,16.5,3.9
26.37,-1005.37,73.24,3.81,-3.49,1.46,-41.85,17.4,3.3
32.71,-1007.32,77.15,1.05,0.66,-0.14,-42.0,16.8,3.45
30.27,-998.05,76.66,-1.24,2.29,-1.55,-40.8,16.95,4.35
43.46,-1010.25,75.68,1.23,0.54,0.95,-42.6,17.4,4.35
38.09,-1000.98,80.57,1.77,-1.93,-0.03,-42.45,18.3,2.85
22.95,-999.02,70.31,0.29,-2.24,3.6,-42.45,18.3,3.45
26.86,-1000.98,89.84,0.73,3.92,-3.06,-41.1,19.5,3.9
24.9,-1010.74,76.17,0.08,1.37,-0.7,-42.3,17.7,5.4
36.62,-1010.74,90.82,2.5,-1.37,0.41,-41.7,17.25,4.2
37.11,-994.14,70.31,0.32,1.31,-2.35,-42.6,18.15,3.0
30.76,-997.56,75.2,-1.93,1.28,1.02,-42.75,18.75,5.25
35.16,-989.75,70.31,2.73,-0.78,3.28,-42.3,16.65,3.0
31.74,-1004.39,81.54,1.08,-0.22,3.4,-42.0,18.0,3.15
33.2,-1008.79,83.98,-1.03,0.6,-1.95,-42.6,16.2,3.3
32.23,-992.19,98.14,-0.03,1.09,-1.75,-41.85,18.9,5.1
38.57,-992.19,71.29,3.06,0.16,-0.1,-41.4,17.55,4.95
30.27,-1013.18,91.31,1.64,-2.77,-0.37,-42.0,18.75,4.5
28.81,-993.65,79.1,0.27,3.51,-1.91,-42.0,16.8,2.85
30.76,-999.51,87.4,-0.24,0.9,-1.93,-42.0,18.0,3.9
24.9,-993.16,74.22,3.24,-1.0,0.58,-42.75,18.3,4.2
29.3,-1008.79,76.66,1.56,-1.27,2.37,-42.3,16.95,3.6
34.67,-998.05,88.87,-0.55,0.87,-1.38,-42.0,16.8,2.85
38.57,-1006.35,79.59,-0.79,-0.1,-0.57,-41.7,18.75,4.5
34.18,-1002.93,71.29,3.08,-0.52,2.0,-42.6,17.7,4.35
33.69,-1009.77,83.98,2.56,-1.64,3.08,-41.55,16.95,4.35
29.79,-998.54,85.45,0.14,2.1,-1.2,-41.1,16.95,3.6
40.04,-989.75,85.94,-0.37,0.12,-0.73,-41.55,18.9,4.05
41.5,-1007.81,72.27,1.82,-0.67,-0.71,-42.0,17.25,4.2
33.2,-1007.32,70.31,1.34,0.25,-2.08,-41.4,18.0,3.45
41.99,-1003.42,81.54,-0.92,1.86,-1.37,-41.55,16.95,2.55
21.0,-997.56,84.96,-0.22,-1.84,-1.8,-41.1,16.65,4.05
32.71,-1006.35,86.43,1.82,-0.27,-0.02,-40.95,18.3,3.9
36.13,-997.07,76.66,-1.1,-1.22,-2.3,-41.55,18.15,4.05
35.16,-994.63,69.82,-0.59,2.18,1.11,-41.55,16.65,5.4
42.97,-1007.32,70.31,1.58,-2.79,-0.42,-42.45,18.0,6.0
25.88,-1000.0,83.98,2.22,-2.16,-0.1,-41.85,17.4,3.3
46.39,-1006.84,80.08,-1.11,1.93,0.23,-41.55,16.95,3.3
25.39,-1019.04,86.91,-1.4,3.03,-0.28,-41.7,16.8,3.9
41.5,-1004.39,78.13,1.65,-1.92,1.92,-40.2,16.8,3.9
39.55,-1006.35,99.12,0.72,-1.76,-1.02,-42.6,18.45,4.35
23.93,-1006.84,86.43,-0.63,0.46,-0.25,-42.45,18.0,4.2
26.37,-993.65,86.43,0.66,-0.86,-0.86,-42.3,16.95,4.05
37.11,-1004.39,77.64,1.99,-3.34,-1.95,-41.1,18.15,2.55
41.99,-1003.42,78.61,2.67,1.56,1.53,-41.85,16.65,4.05
33.2,-1006.35,85.45,-0.54,-0.15,0.27,-42.45,18.0,4.95
42.48,-1010.25,82.52,0.1,1.15,1.53,-41.7,16.8,3.9
35.16,-1002.44,76.17,1.08,-2.47,0.84,-42.6,17.7,4.05
27.34,-1003.91,80.57,2.41,-1.27,-1.37,-41.1,16.2,4.8
30.76,-1001.46,89.36,-0.95,1.15,-1.4,-42.6,16.95,3.3
40.53,-1005.37,81.05,-1.17,1.59,-1.72,-41.55,18.15,3.6
30.76,-1005.86,79.1,2.22,-3.03,1.94,-41.85,18.15,4.05
31.74,-995.61,87.89,2.21,-3.06,1.02,-42.45,17.55,4.5
38.09,-1013.67,85.45,-1.85,0.82,-0.41,-41.1,17.7,3.6
33.69,-998.54,82.52,-0.87,1.62,-0.73,-42.0,17.55,5.25
41.02,-1011.72,80.57,1.5,0.72,2.78,-42.3,17.4,3.3
40.53,-997.07,85.94,3.11,1.32,1.44,-42.0,16.8,4.5
39.55,-1008.3,84.47,-1.41,0.11,1.27,-42.0,18.3,3.45
40.04,-1010.25,69.82,-0.95,2.09,-0.95,-42.45,17.55,3.45
40.53,-1010.25,83.98,0.78,1.17,4.4,-42.0,18.3,3.9
22.46,-997.56,82.03,1.01,1.03,-0.64,-42.45,16.8,3.15
28.32,-1004.39,87.4,-1.7,0.69,-1.49,-41.1,16.95,4.05
34.67,-994.14,81.54,1.28,1.18,-1.6,-41.85,17.4,3.3
38.09,-1001.46,84.47,1.56,-0.9,3.06,-41.7,18.0,3.9
34.18,-1000.0,89.36,1.44,-2.08,3.75,-42.45,16.8,3.45
23.93,-1005.86,78.13,-0.02,-0.04,-0.99,-42.6,18.45,2.25
29.79,-1000.49,78.61,-1.17,0.99,0.63,-41.85,16.95,4.35
39.06,-994.14,68.36,3.52,-1.87,-1.56,-42.45,18.0,4.5
36.13,-1003.42,76.66,1.5,-0.36,-2.84,-41.85,16.2,3.6
37.6,-1012.7,83.01,-0.64,1.89,-1.24,-41.1,16.65,3.3
26.86,-1005.37,78.61,-0.11,-1.53,-0.82,-41.1,16.95,4.05
30.27,-1005.86,92.29,1.91,-1.79,-0.44,-41.85,18.9,3.3
31.25,-1003.42,84.96,-0.4,-1.68,-0.24,-42.45,17.55,3.15
38.57,-997.07,83.5,-1.13,0.63,-2.18,-43.2,17.25,5.7
32.71,-1002.44,86.91,0.79,-2.78,4.17,-43.2,18.3,3.15
37.11,-1003.91,86.43,-0.43,1.7,-0.58,-42.0,18.0,4.2
44.92,-1000.98,77.15,-0.05,0.98,-1.19,-41.7,18.0,3.15
43.46,-997.07,72.75,0.17,-1.28,1.3,-40.65,18.75,4.5
33.2,-1004.88,88.38,2.71,-0.45,3.16,-42.45,17.25,3.9
30.27,-998.54,69.82,-0.85,4.15,-0.04,-42.0,17.55,3.9
38.09,-1008.3,81.54,0.23,0.47,-1.02,-42.3,17.4,4.8
45.9,-995.61,82.03,3.05,-1.6,0.82,-42.0,17.25,3.45
45.41,-999.51,83.98,1.77,-0.83,3.56,-41.7,18.0,2.85
43.46,-1011.72,92.77,-0.11,1.97,-2.31,-41.85,16.2,4.35
33.2,-990.72,86.91,2.42,0.69,0.89,-41.85,17.4,4.05
34.18,-1001.95,73.24,0.33,-2.98,-1.78,-42.9,17.4,3.3
36.13,-1018.07,79.1,0.03,2.02,-2.31,-40.65,17.55,3.9
42.48,-997.56,81.05,-1.66,-0.11,-2.15,-40.95,18.75,3.45
30.76,-1000.49,76.66,0.05,-0.63,0.47,-41.7,17.55,3.15
39.55,-993.16,75.2,1.5,0.37,0.76,-41.85,17.4,3.3
44.92,-1010.25,86.91,-0.15,-0.63,-3.13,-42.3,17.7,3.3
29.3,-998.05,73.73,2.27,-0.6,1.18,-41.7,17.25,4.2
33.69,-991.21,77.64,4.0,-1.06,0.72,-42.3,17.4,2.55
38.57,-1001.46,76.66,-0.17,4.4,-0.42,-42.9,17.7,4.05
38.57,-991.7,86.91,-0.11,-0.15,-1.93,-41.1,17.4,3.6
34.67,-1017.58,91.31,1.06,-0.79,0.31,-42.3,18.15,4.05
33.69,-996.58,86.43,1.63,-2.48,0.49,-41.4,17.25,4.5
26.37,-1007.81,93.75,-1.76,-0.01,-2.0,-42.45,18.75,4.2
39.06,-1007.81,78.13,-0.26,2.5,-0.21,-42.9,16.95,3.0
41.99,-1000.0,85.94,1.04,0.3,2.63,-42.6,16.95,3.6
41.5,-990.72,85.94,-0.66,-0.13,-3.01,-41.55,18.15,5.1
33.69,-1003.91,86.91,0.22,2.73,-0.76,-41.7,16.05,4.2
34.18,-1007.32,83.01,2.85,0.87,1.44,-42.45,17.25,6.0
18.55,-1011.72,95.21,1.1,-2.33,1.8,-42.75,17.25,4.2
38.09,-999.02,79.1,-0.54,2.36,-1.34,-42.3,18.15,4.05
43.95,-1003.91,90.82,0.07,1.31,0.9,-42.9,18.45,4.8
43.46,-1005.86,81.05,2.59,-2.3,0.9,-42.6,18.45,4.35
49.32,-1014.16,82.52,0.86,1.65,-1.79,-42.45,16.5,4.2
36.13,-1000.49,85.45,-0.27,0.7,-0.96,-42.0,17.25,3.9
38.57,-994.14,68.85,0.81,0.67,1.61,-41.7,17.25,3.9
32.23,-1013.18,79.59,0.83,1.8,2.1,-42.3,17.7,3.3
34.18,-1001.46,76.66,-0.44,3.93,-0.13,-42.45,17.55,3.15
29.3,-998.54,80.08,0.11,-2.31,1.08,-42.3,17.7,5.1
43.95,-1001.95,74.71,1.47,-1.41,2.42,-42.9,17.4,4.8
33.2,-1000.98,80.08,-0.95,-0.76,1.72,-42.3,17.7,3.3
32.23,-1009.28,78.61,-0.95,0.74,-2.24,-41.4,16.5,3.45
39.06,-997.56,78.61,-0.16,-0.84,2.35,-42.45,16.5,4.2
37.6,-1009.77,85.94,1.89,-1.59,0.86,-42.45,17.25,3.15
41.02,-998.05,67.38,-0.83,2.45,0.27,-42.0,18.3,5.25
28.81,-997.07,80.57,0.16,3.06,0.23,-42.6,16.95,4.05
25.88,-1013.67,76.17,1.47,-1.08,-1.91,-41.55,18.15,3.3
34.18,-995.12,77.64,-1.27,-1.35,-0.6,-42.9,17.7,4.8
38.09,-1001.46,77.64,-1.18,-0.33,-0.36,-42.75,17.25,3.45
40.53,-1009.28,79.59,-0.07,0.91,0.48,-42.0,17.55,3.45
29.79,-1003.91,81.05,-1.21,-1.0,-0.24,-42.6,16.95,4.05
36.13,-1006.35,86.43,-0.43,2.54,0.65,-42.6,17.4,3.6
43.95,-1000.49,88.87,0.27,1.47,2.79,-41.55,18.15,4.8
39.55,-1011.72,75.2,-0.03,-0.83,-2.33,-42.9,18.45,4.8
27.83,-1009.28,88.38,-1.25,1.71,-0.27,-42.45,18.0,4.5
21.97,-1003.42,87.4,2.03,-0.3,4.42,-41.55,19.2,4.05
33.69,-1001.46,81.05,1.95,-1.56,-0.91,-41.7,19.05,2.1
34.18,-1000.0,84.47,-0.77,-0.26,0.35,-42.0,17.55,3.45
27.34,-1009.28,82.03,-0.92,0.94,-0.23,-42.45,18.75,2.85
41.5,-1005.37,80.57,-0.68,-2.3,-0.1,-42.0,19.05,4.2
36.13,-997.07,84.47,1.26,1.36,0.15,-41.55,16.65,5.4
33.69,-1010.25,78.13,-0.79,0.67,-0.22,-42.6,16.2,1.95
35.64,-999.02,80.57,0.37,-0.6,1.71,-42.6,16.2,4.8
34.67,-1000.98,80.57,0.83,-0.08,-2.24,-42.3,17.7,3.6
39.06,-1005.86,81.54,-0.87,-1.37,1.68,-42.0,17.25,4.2
36.13,-1003.91,70.31,-0.98,-1.37,1.47,-42.45,17.25,5.25
37.6,-989.75,94.24,3.08,0.79,1.49,-42.0,16.8,4.95
31.25,-1004.88,71.78,-1.47,0.32,1.33,-42.75,16.8,3.9
24.41,-999.02,81.05,-0.25,3.45,-0.08,-42.6,18.15,4.05
36.62,-1008.79,71.78,1.84,-2.9,0.73,-42.45,17.25,3.9
39.06,-1012.7,85.94,-0.32,1.27,-1.46,-42.3,18.15,4.05
34.67,-1011.23,66.41,-2.14,0.72,-0.95,-41.85,18.45,3.0
27.83,-996.09,76.66,1.31,-0.59,1.53,-42.0,16.8,4.95
29.3,-997.07,81.54,0.68,0.13,-0.05,-40.5,17.7,4.05
36.13,-996.58,76.66,-1.62,1.22,0.81,-42.3,16.95,3.0
40.04,-985.35,83.5,0.99,0.17,2.92,-42.0,18.0,4.2
25.39,-1004.88,83.01,0.98,-1.79,1.57,-42.0,17.25,4.2
34.18,-1005.37,75.68,0.5,0.38,-0.27,-42.3,17.4,4.8
30.27,-995.61,82.52,0.92,-0.51,2.85,-42.3,17.4,3.6
30.76,-1000.0,92.77,0.14,-0.21,1.5,-43.2,16.8,4.95
26.37,-1001.95,75.68,-1.31,2.02,-1.33,-42.45,17.25,5.25
26.37,-1003.42,82.03,-1.45,1.62,-3.5,-42.6,17.4,4.05
46.88,-1001.46,74.71,1.53,-1.38,0.55,-42.0,17.55,4.5
37.6,-1011.23,74.22,1.87,0.89,2.71,-41.7,16.8,3.45
33.2,-997.07,80.57,-0.92,0.91,0.62,-42.3,18.45,3.3
39.06,-994.14,78.13,-0.59,-0.18,-1.55,-41.85,18.15,4.05
28.81,-1008.3,83.5,1.82,0.42,1.28,-41.85,16.65,4.8
27.34,-996.58,89.36,1.4,0.44,0.49,-42.6,18.15,4.35
38.09,-991.21,80.08,-0.85,3.33,-1.15,-41.55,18.15,2.55
40.04,-992.19,77.15,2.73,-2.53,1.3,-43.5,18.3,3.9
35.64,-1000.98,79.1,1.56,-0.72,1.58,-42.0,17.55,4.5
37.6,-995.61,83.01,-2.52,1.75,-1.97,-43.2,17.55,3.9
37.11,-993.65,81.54,0.75,-0.46,1.14,-42.9,16.65,5.1
30.76,-1004.39,81.54,1.95,-0.57,5.31,-41.4,17.25,3.9
28.32,-1015.14,88.87,-2.53,1.76,-1.56,-43.2,19.05,4.2
44.92,-1007.32,79.59,3.08,1.13,0.16,-42.75,18.0,3.9
30.27,-991.21,64.45,0.45,-1.45,3.68,-43.2,16.5,4.2
37.6,-1007.81,64.94,-0.72,0.47,-0.14,-42.3,18.9,5.1
33.2,-1000.49,76.66,0.46,2.0,-1.31,-42.3,16.95,3.6
49.8,-1005.86,77.64,1.58,-1.3,2.11,-42.9,18.15,4.35
37.6,-991.7,82.03,0.8,-1.37,1.18,-41.55,16.65,3.0
28.32,-993.16,82.03,0.18,0.37,-2.32,-42.9,17.7,3.6
49.32,-1001.46,79.59,2.25,-0.73,0.66,-42.6,17.4,3.6
43.46,-1019.04,82.52,1.89,0.24,1.47,-41.55,16.95,5.1
27.83,-997.56,71.78,0.79,1.61,3.0,-43.2,17.25,4.2
26.37,-1005.86,90.82,-2.41,0.64,0.41,-42.6,16.95,3.3
37.6,-1001.46,80.08,1.47,-2.06,-1.62,-41.4,17.25,3.15
31.74,-1005.86,86.91,0.88,-0.04,2.45,-41.55,16.2,3.6
33.69,-1009.28,82.52,0.32,-0.74,-1.31,-42.45,18.0,5.7
33.69,-1006.84,74.71,0.9,-1.39,0.23,-41.55,17.4,4.35
44.43,-1007.81,87.89,0.76,1.24,0.05,-41.1,18.15,5.1
33.2,-998.05,84.96,-1.15,1.15,-0.3,-41.85,17.4,5.4
34.67,-998.54,85.94,1.27,0.18,-1.25,-42.0,18.75,3.9
34.67,-993.65,86.43,3.2,-2.6,0.54,-42.75,18.0,4.95
39.55,-999.02,95.21,-1.93,0.2,-1.38,-42.75,16.5,4.95
35.64,-998.05,83.98,1.05,-1.42,0.18,-42.75,17.25,3.45
35.16,-1005.86,81.05,0.57,1.69,1.59,-42.3,18.45,4.35
42.48,-1014.65,84.47,0.53,2.11,-1.32,-43.65,18.15,3.6
32.23,-1006.35,73.73,-1.36,0.4,-1.99,-42.45,18.3,3.9
37.6,-1001.46,68.85,2.49,-0.05,2.97,-42.75,18.0,3.9
30.27,-1002.93,70.8,-1.47,2.73,0.2,-41.4,16.8,3.45
30.76,-1002.44,80.57,-0.02,2.79,-0.58,-41.55,17.7,3.0
39.55,-1002.93,92.29,2.03,0.29,0.49,-41.55,16.65,4.05
31.74,-1008.3,87.89,1.05,0.53,1.57,-42.3,16.95,4.35
21.48,-1003.91,78.13,-0.48,5.05,0.39,-41.85,16.95,4.05
35.64,-1000.0,97.17,2.21,-1.81,3.4,-41.4,18.0,3.15
42.97,-1003.91,80.57,1.18,0.79,-0.55,-41.85,18.15,3.6
31.74,-1002.44,77.15,0.79,1.89,0.34,-41.85,18.15,3.6
39.06,-1009.28,77.64,0.39,2.11,-1.19,-42.3,16.2,4.8
41.02,-996.09,80.08,0.85,-2.03,1.65,-41.4,18.3,3.45
23.93,-995.12,83.5,-1.05,2.11,-1.09,-42.3,16.65,3.0
25.39,-1001.46,81.05,-0.6,0.41,0.05,-43.35,17.4,3.6
32.23,-997.07,70.31,1.18,-0.33,2.26,-42.9,16.95,3.0
20.02,-995.12,82.52,2.53,-1.24,1.45,-43.2,17.55,4.95
29.3,-1011.72,86.91,1.41,5.47,0.24,-41.55,17.4,3.6
34.67,-1011.23,75.68,0.75,3.64,0.26,-40.95,16.5,4.95
25.88,-1000.98,79.1,3.18,0.21,-0.41,-40.8,18.45,4.05
29.79,-995.12,63.96,-1.25,1.47,-2.6,-41.7,17.25,4.5
43.95,-1009.77,76.66,-1.55,-0.32,-0.12,-41.4,17.55,3.15
25.39,-995.61,70.8,2.08,-0.34,0.17,-42.0,17.25,4.2
35.16,-999.51,89.36,0.12,0.25,-1.11,-43.2,16.5,3.6
31.74,-1005.86,82.03,-0.13,1.31,-3.28,-40.8,17.4,4.35
41.02,-1000.98,85.45,0.35,0.53,0.7,-42.45,17.55,3.9
27.34,-997.07,96.68,-0.4,2.68,-1.85,-43.5,17.25,3.15
28.81,-1000.49,83.01,-1.56,1.95,-0.89,-41.4,16.8,4.2
21.48,-1002.44,77.15,1.85,-0.22,0.75,-41.55,16.95,3.0
38.09,-997.07,88.38,-3.8,1.33,-2.13,-41.1,17.7,4.35
41.02,-1000.49,83.5,0.57,0.86,-1.6,-41.4,16.05,4.2
45.9,-998.54,87.4,0.16,0.31,-0.81,-42.0,16.8,3.15
39.06,-1000.98,88.87,-1.4,0.5,-2.15,-41.4,19.05,3.45
38.57,-1010.25,88.38,-0.73,0.64,-0.76,-42.6,18.15,4.05
44.92,-995.12,75.68,1.85,-0.09,0.06,-41.4,18.0,4.5
36.13,-995.61,95.7,3.53,0.74,3.61,-41.85,16.5,3.15
42.48,-996.09,77.15,-0.83,1.12,-0.84,-40.65,18.0,3.15
35.16,-998.05,85.45,2.51,-1.49,0.23,-42.75,17.25,4.2
26.37,-1000.98,86.43,0.22,-1.43,0.98,-43.5,17.25,4.5
35.64,-1004.39,81.54,-2.06,1.69,-0.51,-42.75,18.3,3.9
44.92,-1000.98,74.71,3.45,-2.14,0.68,-41.85,18.15,3.3
32.71,-1012.7,90.33,1.05,-1.13,2.29,-41.85,16.95,5.1
35.16,-992.19,83.01,0.61,-0.55,0.44,-40.65,16.05,3.9
32.71,-999.51,84.96,1.48,-0.66,0.57,-42.9,17.7,4.35
25.39,-1013.18,82.03,1.06,-2.12,0.24,-42.9,15.9,5.85
33.69,-988.77,86.43,-2.58,1.23,-0.25,-42.0,18.3,3.45
28.81,-1003.91,95.7,0.61,-1.44,0.95,-40.65,18.75,4.2
43.95,-1001.95,68.85,2.82,-0.54,1.15,-40.95,17.55,3.45
41.02,-1009.28,87.4,-0.81,0.9,-1.4,-41.55,16.95,3.6
33.2,-996.09,86.91,2.06,0.6,1.02,-41.55,18.15,4.35
32.71,-997.56,88.87,-0.09,-1.32,0.19,-42.0,17.55,4.2
32.23,-1006.35,82.52,0.41,-0.58,0.02,-41.85,17.7,3.6
34.18,-1001.95,83.5,2.03,0.11,0.57,-40.95,16.8,4.2
34.18,-988.77,98.14,1.21,-0.08,2.51,-43.95,17.25,3.45
29.79,-1003.42,84.96,-0.65,1.79,0.72,-42.45,17.55,3.9
34.67,-1000.49,81.54,2.38,0.97,1.5,-42.45,19.5,5.25
44.43,-995.12,78.13,0.84,-1.02,-1.34,-42.3,16.95,3.6
29.3,-1003.91,78.13,-2.44,1.91,0.24,-41.55,17.7,2.25
26.86,-1006.84,86.43,1.73,0.5,-0.53,-42.45,17.25,4.2
30.76,-1010.25,96.19,0.82,-0.22,2.09,-41.7,16.5,2.1
36.13,-1010.74,80.57,0.58,0.17,1.14,-42.45,18.0,3.15
32.71,-1002.44,90.82,0.48,-0.07,1.67,-41.55,17.4,3.0
28.81,-995.61,79.59,0.97,-1.66,0.73,-41.4,17.25,3.45
46.39,-1006.35,76.17,-2.11,-0.5,-1.16,-41.7,18.3,4.5
34.67,-1002.93,80.57,-1.23,2.5,-1.83,-43.65,16.95,2.55
38.57,-1003.91,84.47,1.37,-3.11,-1.32,-41.55,16.65,4.05
29.79,-996.09,84.96,0.17,0.6,-0.23,-42.3,17.4,4.05
32.71,-1006.35,81.05,-0.37,-0.81,-0.92,-42.3,17.7,3.3
33.69,-1004.39,84.96,2.16,-0.18,2.18,-42.6,16.95,3.6
34.67,-997.07,83.5,0.3,1.76,-0.82,-42.3,18.45,4.05
39.06,-1000.98,74.71,-1.02,0.47,-1.16,-40.95,16.8,3.45
39.55,-1001.95,85.94,2.69,-0.72,-0.92,-41.4,16.8,4.5
29.3,-1007.32,85.45,0.76,0.93,-0.98,-41.7,17.55,4.95
27.34,-995.12,73.24,-2.16,-1.69,-0.19,-42.45,17.55,4.2
54.2,-1013.67,70.8,2.24,-2.11,-1.2,-42.6,17.7,5.1
34.18,-1001.46,83.01,-0.43,-0.14,-0.11,-41.55,17.4,4.05
35.16,-1000.49,81.54,-0.65,2.53,-1.66,-40.5,18.15,4.05
30.76,-994.14,89.84,0.63,-0.05,0.97,-42.45,15.75,3.45
36.13,-1010.74,87.89,0.09,3.05,-2.24,-42.3,16.95,3.0
36.62,-1008.3,90.33,-0.77,0.6,-2.78,-41.85,16.65,4.05
38.57,-995.61,88.38,1.14,-3.09,1.72,-42.0,16.8,3.9
36.13,-1005.86,86.91,1.11,1.06,-1.63,-41.55,17.4,3.6
33.69,-1002.44,82.03,0.48,0.16,-0.76,-41.4,17.25,4.2
37.11,-992.68,73.73,0.98,-1.41,1.76,-42.45,18.0,4.95
31.74,-1012.7,84.96,-0.47,0.27,1.28,-42.9,16.95,5.4
38.09,-992.19,81.54,-1.4,-0.2,-1.8,-42.6,18.15,4.35
24.9,-1003.42,80.08,1.89,-1.41,2.28,-41.7,16.8,3.9
28.32,-995.12,74.71,0.31,0.73,-0.79,-42.45,18.3,3.9
36.62,-1008.79,83.01,-0.59,0.79,-0.66,-42.0,17.55,4.2
37.6,-1000.98,79.1,1.02,2.32,1.21,-40.5,17.4,5.1
48.83,-1006.84,71.78,0.73,-0.56,2.36,-42.0,15.3,4.5
30.76,-1002.93,79.59,-1.63,-0.18,0.53,-42.0,15.75,4.5
34.18,-1007.81,80.08,0.58,0.08,-2.44,-42.0,17.25,3.9
38.57,-1005.37,77.15,2.89,0.26,1.17,-40.5,17.4,3.0
35.16,-1001.95,79.59,-0.64,-0.31,-3.6,-41.85,17.7,4.35
28.32,-997.07,75.68,0.0,-0.77,0.79,-42.6,16.65,4.35
33.69,-994.63,86.91,0.76,0.76,2.05,-41.85,17.4,3.3
37.6,-1006.35,85.94,1.79,0.74,-1.82,-42.0,17.55,2.85
33.69,-1003.42,85.45,-1.41,0.62,0.04,-41.85,17.7,3.3
40.53,-1012.7,79.1,1.53,-2.11,-1.41,-42.9,16.95,4.05
27.83,-1001.95,78.13,-0.05,0.66,0.15,-42.75,18.0,3.45
26.86,-1011.23,88.38,-0.6,0.91,-0.03,-42.3,17.4,4.35
34.67,-1012.21,84.96,0.57,-2.69,1.72,-43.2,18.0,4.5
24.41,-1002.44,73.24,-1.23,2.35,-1.98,-41.85,17.7,4.35
23.93,-997.56,73.73,-0.53,1.08,-3.08,-41.85,16.65,4.05
33.2,-1002.44,82.03,2.96,-1.65,1.29,-42.6,18.15,2.55
37.6,-1007.32,84.47,2.3,-0.35,-1.87,-41.85,17.4,3.3
23.93,-1018.07,83.5,-0.83,2.02,-0.44,-42.3,17.7,4.35
46.88,-1009.28,78.13,1.82,-2.99,1.93,-42.3,17.4,4.05
37.6,-990.72,82.03,1.15,2.62,-1.75,-42.0,17.55,3.45
41.99,-1003.91,80.08,-0.54,0.44,-0.09,-42.3,18.45,4.8
41.99,-993.16,73.24,2.11,0.03,2.82,-41.4,18.75,3.45
32.23,-996.09,85.45,-0.69,-0.68,-0.37,-42.75,18.3,4.2
36.13,-1000.49,82.03,-0.21,2.98,-0.54,-42.6,17.4,5.1
33.2,-1005.86,75.68,2.28,-0.27,-0.73,-43.2,18.0,4.2
38.57,-1010.25,78.13,-1.15,0.11,-3.09,-42.0,18.3,4.2
39.55,-1012.21,78.13,-0.34,0.26,-0.82,-41.55,16.2,3.3
23.93,-1009.77,86.91,0.81,-1.56,-0.11,-42.75,17.55,4.5
40.53,-1002.93,77.64,0.07,-0.2,3.95,-42.9,17.7,3.3
32.71,-994.63,90.82,-0.67,-0.52,-1.32,-41.85,16.2,3.3
38.09,-995.12,82.03,0.99,-0.08,4.23,-42.45,17.55,4.95
33.2,-1001.95,85.45,0.24,-0.06,0.66,-40.65,17.55,3.45
37.6,-1000.49,84.47,0.21,1.69,-2.44,-41.7,17.25,3.9
32.71,-995.61,86.91,1.91,-0.26,1.43,-41.7,17.55,3.15
40.53,-1004.39,83.98,1.62,0.47,3.13,-42.9,18.15,3.3
37.11,-1002.93,84.47,-0.45,1.69,-0.6,-41.55,16.65,4.35
36.62,-999.51,78.13,0.41,-1.31,-0.44,-42.0,18.75,4.5
39.06,-1010.25,71.78,0.35,-0.74,0.82,-41.4,16.8,4.95
44.43,-999.02,75.68,0.74,-0.14,1.85,-42.9,16.95,4.35
24.41,-1002.44,81.54,1.82,0.05,0.3,-42.3,16.2,4.05
44.92,-994.14,82.03,3.34,-1.08,-0.06,-41.7,18.75,3.9
29.3,-1002.93,71.78,-1.85,0.43,-2.07,-43.35,16.95,4.05
32.23,-1011.72,77.64,1.18,0.31,1.7,-42.3,18.15,3.6
34.18,-993.65,89.36,1.96,3.02,0.76,-41.85,15.9,4.05
31.74,-999.02,70.8,-0.63,2.56,-0.18,-40.95,16.8,3.9
36.62,-996.09,80.08,1.73,0.74,0.72,-40.95,16.5,4.2
44.92,-994.14,74.71,-1.04,2.99,-2.07,-41.85,15.9,3.3
34.67,-999.51,92.77,-0.1,1.69,0.65,-42.0,18.0,4.2
30.76,-981.93,83.01,2.72,-3.17,3.62,-42.75,19.05,2.1
33.69,-1016.11,84.96,-0.48,-0.05,-2.18,-41.7,17.55,3.45
37.6,-1004.88,86.43,-0.49,-0.44,-0.49,-41.4,16.8,2.85
35.16,-996.58,68.36,1.27,-1.02,3.92,-42.45,18.0,3.9
36.13,-1000.0,84.47,-1.56,1.23,-2.72,-42.3,17.7,4.35
32.71,-1000.98,83.5,1.73,0.53,-0.59,-42.0,18.0,3.45
44.92,-1003.42,81.05,1.51,-1.67,-0.79,-41.55,18.9,3.6
31.25,-1000.0,96.19,-1.72,0.05,1.76,-42.75,17.55,3.9
38.57,-1000.49,69.82,-0.44,2.12,0.47,-41.85,16.65,4.35
30.76,-994.63,87.4,0.29,-1.6,0.34,-41.55,18.15,2.25
33.2,-999.51,92.77,-1.06,0.74,0.26,-41.85,18.9,4.35
37.6,-1012.7,98.63,-1.38,0.44,-1.34,-41.55,17.7,4.05
33.2,-1013.18,78.61,1.95,-0.24,1.95,-42.0,15.75,4.2
32.71,-993.65,82.03,-0.17,1.46,-2.03,-40.95,16.8,3.9
37.6,-1004.39,82.52,0.45,0.56,-1.2,-41.85,17.7,4.8
34.18,-999.51,95.21,1.36,-0.67,1.96,-41.4,17.55,4.95
41.5,-1007.81,84.96,1.62,-0.13,0.01,-43.35,17.4,4.35
26.86,-1007.81,75.68,-0.83,1.31,0.3,-42.3,18.15,3.0
35.16,-1001.95,94.24,0.39,-1.99,2.11,-41.1,17.4,5.85
41.02,-1004.39,78.13,2.56,0.07,1.91,-41.55,17.4,4.8
26.86,-992.19,83.98,0.47,-1.91,-0.97,-42.0,17.55,5.25
48.34,-993.16,85.45,0.22,1.98,-0.28,-41.85,17.4,4.35
33.69,-1005.37,76.66,1.5,-1.19,1.3,-41.7,18.75,3.9
21.97,-1002.93,72.75,-0.01,0.2,0.76,-42.0,16.8,4.2
36.13,-999.02,85.45,-0.53,1.85,-0.98,-42.45,17.55,4.2
26.86,-999.02,88.38,1.66,-2.24,2.02,-42.3,16.95,4.05
41.02,-1004.39,76.66,1.01,3.47,-1.32,-43.5,17.25,4.2
35.64,-1007.32,76.17,-0.24,-0.24,-4.73,-42.45,18.3,5.25
26.86,-1010.74,85.94,1.44,-0.84,0.13,-41.4,18.3,4.2
25.88,-997.56,78.13,-3.41,0.24,-0.05,-41.55,18.45,3.6
33.2,-999.02,78.13,2.6,-2.46,1.4,-42.45,18.0,5.25
39.55,-1006.35,83.01,1.73,-1.44,2.94,-42.75,19.05,4.5
33.69,-1010.74,78.13,-0.47,-0.92,-0.21,-42.0,17.25,3.9
40.04,-997.56,88.87,0.4,0.03,2.27,-42.3,18.45,3.3
38.09,-1001.95,76.17,1.3,0.37,1.44,-41.55,17.7,3.0
38.09,-1008.3,87.4,1.37,0.19,0.98,-42.45,18.3,4.5
34.67,-1003.42,84.96,0.96,-1.66,2.54,-41.7,17.25,2.85
40.04,-991.21,66.89,1.58,-1.51,1.21,-41.55,18.45,3.6
33.69,-1004.39,80.57,-1.27,2.56,-1.34,-42.0,18.3,4.2
33.69,-999.02,71.29,3.44,-0.88,4.2,-41.55,17.7,3.6
33.2,-1000.0,89.36,1.09,-1.24,0.64,-42.45,17.55,3.9
21.97,-1004.88,87.4,0.93,1.15,1.79,-42.45,19.05,5.25
32.23,-995.12,84.47,1.85,0.44,-1.24,-40.95,18.75,3.45
46.88,-990.72,83.98,0.71,-0.82,1.63,-41.55,16.65,3.6
25.39,-1001.46,91.31,1.49,1.89,-1.64,-42.45,17.55,4.2
39.55,-1008.79,72.27,2.43,0.12,-0.67,-41.55,17.7,4.35
41.5,-1018.55,78.13,1.56,-1.52,2.95,-41.7,17.55,3.9
41.02,-995.61,83.5,-0.35,2.05,2.34,-42.3,17.4,3.0
43.95,-999.02,81.05,0.75,-0.89,2.18,-42.45,17.25,2.85
52.25,-1008.3,77.15,1.61,-1.27,-1.41,-41.7,18.75,4.2
34.67,-1007.32,81.54,0.1,0.82,0.52,-42.9,17.7,5.4
45.9,-988.77,80.08,0.4,-0.07,3.34,-41.1,17.7,4.8
46.88,-998.54,85.45,-1.64,-0.56,-2.95,-40.8,18.9,4.05
23.93,-995.61,73.73,-1.57,1.69,-0.79,-42.3,17.7,4.35
42.97,-1000.49,81.54,0.79,-0.92,0.48,-41.7,19.05,2.85
20.51,-996.58,93.26,-1.94,1.67,-1.9,-41.55,16.95,3.6
39.06,-992.68,88.38,2.66,0.18,1.92,-42.3,17.4,3.0
38.09,-994.14,78.61,1.68,-1.15,-0.4,-40.8,17.7,2.55
38.09,-1003.42,83.01,2.59,1.58,0.34,-41.7,18.75,5.25
25.88,-1000.0,72.75,1.95,-2.56,2.06,-41.7,18.0,4.2
38.09,-996.09,80.08,3.19,0.47,5.11,-42.0,16.5,5.7
39.55,-1007.32,87.4,-0.85,0.96,-1.91,-40.65,17.25,2.4
41.02,-992.19,78.61,2.11,-1.8,1.22,-41.1,18.45,4.8
35.64,-996.58,82.03,0.29,-2.99,-0.37,-40.5,17.4,3.6
36.13,-1005.37,76.17,1.63,0.56,-0.39,-43.2,15.3,4.2
28.32,-1007.81,85.94,1.92,-1.95,0.28,-41.7,18.0,3.9
40.53,-1007.81,78.61,1.39,-2.51,1.06,-41.1,17.4,4.8
33.69,-1000.49,81.54,0.28,1.58,-1.64,-42.3,17.7,3.6
35.16,-997.56,87.89,2.11,-0.8,2.38,-42.75,16.5,3.9
31.74,-994.14,70.31,2.05,-1.41,2.02,-41.85,17.7,4.8
42.97,-997.56,79.59,1.95,2.28,1.29,-43.2,17.55,3.45
36.13,-999.02,88.87,1.56,-0.1,0.12,-42.75,18.75,3.9
29.3,-1001.95,88.87,1.86,-0.64,0.82,-41.7,16.8,3.15
22.46,-1003.42,78.13,-0.73,-0.02,-0.63,-42.0,18.3,5.25
32.23,-993.65,85.45,2.79,-0.84,2.15,-42.75,16.8,4.5
29.3,-988.77,79.1,2.27,-0.76,0.24,-41.7,16.5,4.2
18.07,-1007.32,87.89,-1.02,-0.32,0.86,-43.2,16.8,3.15
27.83,-996.58,86.91,-0.04,2.08,0.52,-41.4,16.8,4.2
31.25,-1004.88,95.7,1.88,1.61,1.36,-41.85,17.7,4.05
35.64,-997.56,67.87,-1.08,1.42,2.32,-43.35,17.4,4.8
34.18,-996.58,80.57,0.31,-0.25,1.95,-42.3,16.95,3.0
23.44,-1005.86,83.01,2.67,-2.49,-0.26,-42.6,16.2,2.55
36.62,-1001.95,77.15,0.53,0.24,-1.09,-42.3,16.65,2.55
36.13,-1007.81,77.64,2.05,0.73,-2.0,-42.0,17.55,3.9
52.25,-1005.86,74.22,-0.71,-0.02,1.05,-42.45,16.5,3.9
33.2,-984.38,76.66,1.52,2.66,-0.26,-41.4,17.25,3.15
27.83,-1001.46,91.8,2.11,-0.73,1.69,-41.7,17.55,4.95
32.71,-999.51,68.36,0.36,-0.66,2.02,-40.8,18.15,4.05
25.39,-1011.23,88.87,-0.07,0.02,0.2,-42.0,18.0,3.45
33.2,-1016.11,72.75,2.49,-3.53,2.5,-41.7,17.55,3.9
32.23,-1007.81,83.98,0.63,-0.44,0.13,-42.0,16.5,4.2
37.11,-994.14,96.19,0.41,2.24,-2.25,-42.75,17.55,4.2
38.09,-1010.74,88.87,1.09,-2.05,0.6,-41.85,18.15,3.3
26.37,-1003.42,69.34,0.45,-1.41,3.18,-42.0,17.55,3.45
24.41,-999.02,80.57,0.8,1.44,-1.49,-41.85,17.4,3.6
40.53,-994.14,68.85,2.59,-1.2,3.11,-41.7,16.8,3.9
53.22,-1002.93,86.91,2.24,-0.62,2.92,-40.95,17.25,4.5
40.53,-1005.86,75.68,-1.79,0.9,-1.5,-41.4,16.8,4.2
39.55,-1000.98,67.38,1.5,-0.17,1.89,-41.7,16.8,4.2
37.11,-998.05,82.03,1.2,-2.07,0.95,-42.9,16.95,4.05
40.04,-1001.95,88.38,-0.69,-0.17,-0.6,-42.3,17.7,3.3
33.69,-1006.84,85.94,1.53,-1.13,2.75,-41.55,17.7,3.6
42.48,-994.63,90.82,2.66,-1.37,2.61,-42.6,17.4,5.4
34.67,-1003.42,76.66,0.3,1.89,-1.31,-42.3,17.4,4.05
33.2,-1001.95,91.31,2.33,-1.29,4.06,-40.8,17.7,3.0
37.11,-1005.86,81.05,1.54,1.54,-0.18,-41.4,16.05,4.5
27.83,-1008.79,76.66,-1.89,1.88,-1.03,-42.6,18.15,3.6
39.06,-1001.95,77.15,1.15,-0.24,1.92,-41.4,16.8,4.2
33.2,-1011.23,77.64,1.31,-1.21,-0.32,-41.7,18.3,4.2
32.23,-1011.72,81.05,0.73,-0.74,-3.41,-42.45,16.8,3.45
33.69,-1000.49,78.61,2.15,-1.22,1.87,-42.6,17.4,5.1
30.76,-1004.88,74.22,0.99,0.06,2.05,-41.55,17.4,3.0
43.95,-1006.84,86.43,2.09,0.88,0.11,-41.85,16.65,3.3
33.69,-990.23,73.73,2.13,0.21,0.54,-42.6,18.45,4.35
29.3,-1009.28,82.52,1.28,-2.22,-0.93,-41.85,17.4,3.3
35.16,-1006.35,79.59,0.82,-0.95,0.61,-42.0,18.3,3.45
24.9,-1005.86,82.03,1.02,0.35,-0.98,-44.25,16.05,4.5
26.37,-1006.35,89.84,0.2,-1.24,1.0,-41.55,17.7,4.8
42.48,-991.7,89.84,-0.6,-0.46,-2.95,-42.9,18.45,4.05
30.27,-1003.91,88.38,-1.05,2.35,-3.49,-41.85,17.7,4.05
20.51,-1007.32,94.73,0.37,-1.11,0.6,-41.85,17.7,1.95
25.39,-996.09,90.33,1.78,1.6,-1.16,-42.3,16.2,4.35
38.09,-992.19,75.68,-0.79,2.22,-1.81,-40.95,17.25,3.15
26.37,-1000.49,80.57,2.43,-1.11,1.73,-41.7,17.25,3.9
38.09,-1004.39,98.14,-0.8,1.69,-1.54,-42.3,18.15,3.3
23.93,-1013.18,88.87,-1.38,0.92,-0.11,-42.6,17.7,3.3
33.69,-1000.49,81.05,0.78,-0.34,-0.85,-43.35,17.4,3.6
38.09,-997.56,84.47,-1.11,2.43,-2.16,-43.35,17.4,4.05
41.02,-1018.55,81.05,0.53,1.46,0.19,-42.3,16.65,3.0
41.99,-1010.74,94.73,-0.22,-1.52,-0.11,-42.45,16.05,3.15
37.11,-1005.86,95.7,-0.5,1.95,1.29,-42.6,17.4,3.3
44.43,-1000.0,94.24,-2.56,0.84,-1.11,-41.85,17.7,4.35
35.16,-995.61,83.01,-0.02,0.3,1.07,-41.7,17.25,4.2
18.07,-1015.14,84.96,-0.38,-0.85,-1.12,-40.8,17.7,3.6
25.39,-977.54,85.45,0.02,2.81,-2.27,-42.75,18.3,3.45
29.79,-1006.35,87.4,1.37,-1.71,-0.33,-42.3,17.7,4.05
33.2,-1004.39,84.47,-0.69,2.11,-0.5,-42.45,17.55,4.2
38.57,-1006.35,75.68,-0.44,1.88,-3.38,-42.0,17.55,2.85
29.79,-1009.77,85.94,2.41,-2.05,3.0,-42.6,18.15,5.1
28.81,-993.16,77.64,-1.1,3.42,-1.97,-42.3,16.95,4.05
43.46,-1010.74,86.43,-0.08,0.41,-2.18,-42.0,18.75,4.2
44.43,-993.16,72.27,0.95,-0.68,-0.35,-41.85,18.15,4.05
39.06,-1011.23,81.05,0.5,0.63,-1.08,-42.3,17.4,4.8
37.6,-1002.44,88.38,-0.92,3.4,-1.34,-40.8,16.65,4.05
39.06,-1017.09,72.75,0.49,-0.66,0.05,-42.3,17.7,3.3
47.85,-994.14,65.92,0.76,0.26,-0.18,-42.9,18.15,4.8
44.43,-1001.46,86.91,0.11,0.69,0.61,-41.4,16.8,3.45
38.09,-1003.42,75.68,2.4,-1.4,-0.63,-40.8,18.45,4.8
43.46,-992.19,76.66,0.58,2.86,0.3,-41.7,18.0,3.45
36.62,-998.05,80.57,1.99,-0.72,0.67,-43.2,18.0,5.25
39.55,-1000.0,87.4,0.6,-0.79,0.44,-42.9,16.65,4.05
39.55,-997.07,84.96,0.74,0.47,-0.12,-40.65,17.55,3.15
33.2,-1010.25,86.91,2.53,-1.77,2.22,-42.75,16.5,3.45
34.18,-1000.49,66.89,-0.21,2.75,-0.59,-41.85,17.7,4.35
35.64,-1005.86,66.89,0.02,-0.56,-2.6,-42.75,18.0,4.2
34.18,-1005.86,99.61,1.86,-0.56,0.98,-41.1,18.45,2.55
32.23,-998.05,81.05,-1.29,1.55,1.36,-41.55,17.4,4.05
32.23,-1008.79,85.45,-0.56,0.38,-1.15,-43.35,18.15,4.8
40.04,-1006.84,85.45,0.66,-2.72,3.49,-40.95,18.3,3.15
37.6,-1007.32,89.36,-0.78,1.15,-0.27,-41.7,17.55,4.2
38.57,-998.05,85.45,0.85,-0.47,1.02,-41.55,17.4,4.05
45.41,-1008.79,73.24,1.02,-0.3,-0.75,-41.4,17.25,3.45
34.67,-997.07,81.54,0.27,0.92,-1.83,-41.85,18.9,3.3
35.16,-1009.77,76.66,-1.35,1.42,-1.93,-41.7,17.25,4.95
33.69,-999.02,73.73,1.24,-0.67,1.19,-42.3,18.15,4.35
21.48,-1002.93,80.57,0.46,1.18,-0.6,-42.6,18.45,3.3
26.37,-990.23,92.77,0.67,1.27,-0.53,-41.7,17.25,4.2
34.67,-1000.98,76.17,1.35,-2.02,1.07,-42.3,17.4,3.6
37.11,-999.51,83.5,0.24,1.2,-1.03,-41.7,17.55,4.2
44.43,-1005.86,72.27,1.49,-1.31,-1.02,-42.0,16.5,3.15
33.2,-993.16,70.31,1.01,-3.59,1.09,-41.4,16.8,4.2
37.11,-994.63,83.01,-0.89,1.27,-0.4,-41.55,17.7,4.35
35.64,-1003.91,73.73,1.24,1.02,0.5,-42.0,18.3,3.15
44.92,-1014.65,79.1,-0.16,-1.97,0.96,-41.1,17.4,3.6
48.34,-997.56,81.05,0.06,1.83,-1.53,-42.75,17.55,4.2
39.06,-1002.93,72.75,0.11,0.56,-0.79,-41.4,18.75,3.45
40.53,-1012.7,85.45,-0.33,2.42,-0.13,-42.75,18.0,4.2
41.02,-1007.32,85.94,0.01,2.11,-1.31,-41.55,16.95,5.1
39.06,-994.63,80.08,2.02,-0.51,1.95,-42.3,17.7,3.6
48.34,-1000.0,78.13,-1.53,1.32,1.7,-42.9,16.95,5.1
34.67,-1003.91,75.2,1.69,-2.56,-0.56,-42.3,17.4,4.35
40.53,-1012.21,86.43,1.38,-2.4,0.52,-41.4,17.25,4.95
37.11,-1004.88,69.82,0.43,0.92,0.31,-43.2,17.25,4.5
36.62,-1027.83,83.5,3.43,-0.59,1.2,-42.0,18.75,3.9
40.53,-1001.95,76.17,1.56,0.6,2.2,-41.1,16.65,3.6
39.06,-996.58,89.84,-0.05,0.31,-0.77,-41.85,17.7,5.4
45.9,-989.26,72.75,0.48,-0.69,1.02,-41.85,17.7,4.05
36.13,-1002.93,87.4,0.44,-2.56,2.65,-43.65,17.7,5.1
28.32,-989.75,85.94,0.72,-0.87,-1.32,-42.75,18.3,5.7
42.48,-1000.49,80.08,0.48,0.05,-0.93,-42.3,17.4,4.35
27.83,-992.68,77.15,1.03,-0.69,0.11,-42.3,16.95,3.0
44.43,-1008.79,79.59,-1.5,1.72,-1.61,-41.4,16.8,4.2
27.83,-1006.84,81.05,2.81,-3.37,3.14,-41.4,17.25,4.5
38.09,-995.61,76.66,0.89,1.53,-1.68,-41.55,18.9,3.6
34.18,-1000.98,75.68,-1.36,0.27,-2.03,-41.85,16.95,2.55
41.99,-996.09,74.71,-0.54,0.5,-0.74,-42.45,18.0,3.45
35.64,-1005.37,97.17,0.36,2.46,-0.23,-41.85,18.15,4.05
30.76,-998.54,81.54,0.5,-0.49,-0.24,-41.4,17.25,2.85
37.6,-1008.3,66.89,3.34,-0.89,0.99,-41.1,17.4,4.05
23.44,-1013.67,83.01,0.35,1.64,0.63,-41.7,17.25,4.5
35.16,-993.16,79.59,0.5,-3.28,2.05,-42.6,16.2,3.0
37.11,-1005.37,77.15,-2.59,0.35,-2.23,-40.8,18.15,5.1
41.5,-1002.93,80.08,-0.4,1.92,0.0,-42.9,17.7,4.8
37.11,-1001.46,80.57,1.69,-0.67,-0.53,-40.5,17.7,3.6
45.41,-1001.46,88.38,-0.73,1.98,-2.43,-42.3,17.7,3.3
39.06,-989.26,77.64,0.29,4.47,-2.24,-41.7,17.25,3.45
24.41,-1003.42,85.45,1.78,0.62,3.05,-42.0,16.5,4.5
34.67,-1003.91,80.08,0.01,3.15,-0.81,-40.95,17.25,3.45
33.69,-995.61,67.87,-2.15,0.38,-0.61,-42.0,16.5,4.95
32.23,-1000.98,78.61,0.21,-2.84,-0.06,-42.75,17.55,3.9
29.79,-996.09,76.66,-0.92,0.44,-2.03,-41.7,18.0,4.95
31.25,-1010.74,74.71,3.31,-1.1,1.31,-41.85,16.2,3.6
30.76,-997.07,81.54,1.25,0.1,0.57,-41.1,17.4,5.4
35.64,-1001.95,86.91,-1.02,1.88,-1.6,-41.7,17.55,3.45
41.99,-991.7,89.84,-0.58,-0.69,1.81,-41.55,16.2,4.8
37.11,-1004.39,94.24,-0.99,2.62,-0.83,-42.45,18.75,2.1
42.97,-1009.28,83.98,-1.67,1.59,-1.56,-42.45,18.3,3.45
48.34,-996.58,74.22,2.01,-0.35,0.29,-41.55,17.4,3.6
