0,-562.99,-856.45,-1.19,4.1,1.47,-67.65,63.9,-56.7
13.67,-576.66,-847.66,-1.15,10.96,9.22,-68.25,64.8,-56.25
29.79,-604.98,-860.35,-15.53,6.5,14.97,-68.55,64.5,-55.8
19.53,-460.94,-855.96,-71.16,52.15,18.5,-70.8,67.5,-55.8
-29.3,-598.63,-792.48,-29.24,27.13,41.82,-73.35,70.8,-55.5
89.36,-399.41,-930.18,-3.86,17.38,57.67,-73.5,70.65,-56.1
295.9,-304.2,-963.87,-44.89,38.98,36.92,-76.2,69.75,-52.65
74.71,-47.85,-1098.63,-40.6,15.29,-5.43,-80.55,74.25,-50.55
203.13,-627.93,-905.27,-86.41,56.11,-51.29,-80.7,76.65,-48.15
-189.94,-119.14,-1316.41,-36.44,130.92,-158.49,-81.9,84.15,-44.7
249.02,-162.6,-740.23,-136.84,250.13,-73.17,-89.7,93.3,-27.75
742.68,-89.36,108.4,-179.11,233.14,-32.3,-89.85,99.9,-0.45
1078.61,107.42,6.35,-78.18,-29.47,52.66,-86.25,95.7,15.75
1788.57,327.64,14.65,-38.11,-250.14,157.67,-94.8,83.25,10.95
1999.94,486.82,-220.21,13.43,-250.14,100.95,-100.95,71.25,-16.65
744.14,566.41,-519.53,16.79,-250.14,152.53,-86.25,61.65,-45.3
173.34,12.21,-211.91,5.87,-250.14,91.16,-58.95,55.95,-58.95
-569.34,-524.9,392.58,67.89,-250.14,8.56,-31.35,54.15,-45.3
-519.53,-756.84,705.57,-30.98,-250.14,-75.06,-19.95,51,-16.35
-842.77,-1235.84,896.97,-243.61,-50.79,-250.14,-25.95,39.15,-6.9
-577.64,-1164.06,604.98,-250.14,64.56,-101.06,-39,31.95,-23.55
-320.8,-1170.41,165.53,-250.14,130.87,-10.44,-46.05,42.3,-44.1
-96.19,-667.97,71.29,-250.14,250.13,4.24,-59.1,66.75,-52.65
387.7,-202.64,92.77,-250.14,250.13,-3.35,-77.55,93.9,-38.25
1030.76,50.78,477.05,-250.14,229.82,72.37,-85.95,102.3,-10.95
1483.89,155.76,434.08,-241.81,37.73,119.24,-89.7,90,11.7
1999.94,216.8,320.8,-131.95,-181.63,187.76,-94.95,75.15,16.2
1038.09,207.03,-128.42,-117.02,-250.14,37.87,-100.8,64.65,-8.7
593.26,402.83,-682.13,-46.97,-250.14,60.6,-93.45,63.9,-39.3
-412.6,89.84,-728.52,-2.15,-250.14,16.04,-65.85,62.7,-57.45
-371.09,-130.37,-137.7,42.5,-250.14,-10.24,-37.95,57.15,-53.85
-332.03,-399.41,522.95,16.2,-250.14,-37.02,-19.2,56.55,-33
-390.14,-701.66,957.52,-131.22,-250.14,-129.58,-18.75,52.8,-2.4
-169.43,-1468.75,1160.64,-250.14,35.86,-250.14,-35.55,35.25,0.3
-194.34,-1263.67,975.1,-250.14,128.98,-168.51,-49.95,30.15,-25.35
73.73,-1198.73,10.25,-250.14,112.99,34.63,-59.55,45,-46.95
544.92,-631.35,-132.32,-250.14,138.15,43.5,-67.2,69,-51.3
717.29,-181.15,-350.1,-250.14,136.3,27.23,-73.8,91.65,-43.2
662.6,-84.96,28.32,-250.14,172.76,51.8,-81.45,105.15,-17.55
1140.63,-182.13,384.77,-250.14,65.44,193.74,-84,100.2,7.65
1999.94,-126.95,344.73,-199.82,-250.14,154.18,-91.95,78.15,19.05
1596.68,-301.76,-352.54,-143.69,-250.14,102.35,-99.6,63.45,-6.45
840.82,104.49,-905.76,-92.73,-250.14,43.21,-91.8,61.5,-39.15
884.77,-1207.52,-719.73,-51.68,-250.14,-19.48,-76.8,64.65,-55.35
-281.74,112.3,-625.98,10.88,-250.14,-83.21,-55.2,68.55,-57.3
-546.88,-170.41,-75.68,24.86,-250.14,-85.76,-33.6,67.95,-51
-687.5,-100.59,359.86,-29.76,-250.14,-54.04,-19.5,68.25,-36.3
-1008.3,-409.67,641.11,-81.69,-250.14,-65.85,-15,64.65,-12.6
-1037.11,-535.16,789.55,-162.04,-140.77,-76.09,-18.3,59.7,3.6
-1161.62,-481.45,1016.6,-157.54,-0.47,-88.82,-24.15,49.95,6.45
-677.73,-1420.9,1032.23,-250.14,84.85,-92.79,-27.6,40.05,-1.05
-248.54,-1251.95,522.46,-173.83,63.72,-40.07,-30.15,35.55,-16.65
-405.76,-1195.8,83.5,-164.4,127.21,-52.66,-34.5,37.5,-25.2
-177.73,-1075.68,-90.33,-234.65,135.34,-0.63,-42.9,44.4,-42.45
149.9,-799.32,-375.49,-245.08,133.15,41.66,-52.2,60.75,-51.3
407.71,-452.15,-552.73,-250.14,126.15,34.95,-63.15,82.8,-48.45
563.96,201.17,-205.08,-250.14,148.82,57.02,-71.85,99.3,-34.5
814.45,362.79,284.18,-250.14,179.03,84.48,-78.75,108,-8.85
957.03,144.53,403.32,-209.68,80.85,149.73,-84.75,97.95,11.85
1145.51,-52.25,266.11,-145.05,-34.02,146.55,-93.3,81,22.05
1354.98,-87.4,77.15,-114.37,-136.14,94.47,-96.6,64.05,16.65
1297.85,-378.42,-450.68,-102.31,-146.66,69.96,-97.5,51.15,-2.25
1265.63,-6.84,-505.86,-136.49,-192.21,24.4,-96,48.15,-20.1
873.54,-430.18,-812.99,-139.43,-250.14,-6.1,-90.75,50.55,-38.1
413.09,-126.95,-782.71,-82.35,-250.14,-3.9,-73.5,57.15,-55.35
-353.52,-206.05,-332.52,-29.47,-250.14,-53.72,-49.35,60.3,-59.4
-718.75,-152.83,357.42,-63.8,-250.14,-35.5,-28.05,63.15,-49.95
-735.84,-108.89,925.78,-89.24,-250.14,-25,-14.4,66.3,-21.3
-510.74,-162.11,1063.48,-161.37,-217.67,-74.13,-16.65,60,4.5
27.34,-706.54,1024.9,-115.53,-125.41,-86.73,-28.95,49.5,14.85
-170.9,-1342.77,888.18,-250.14,19.8,-123.37,-39.15,37.8,10.95
39.06,-1172.36,686.52,-250.14,20.97,-73.29,-43.5,30,-8.55
154.79,-1222.66,217.77,-245.58,40.85,47.31,-48,29.7,-26.1
260.74,-979.98,-167.48,-219.6,40.18,66.96,-45.45,42.15,-41.4
268.55,-1022.95,-411.62,-250.14,82.3,141.51,-46.2,61.65,-46.05
349.12,-224.12,-643.55,-250.14,17.56,124.42,-49.95,81.45,-50.7
443.85,359.38,-653.32,-250.14,-6.46,125.9,-53.4,99,-39.15
416.99,560.55,-288.09,-250.14,55.16,98.88,-60.9,112.05,-19.5
928.22,782.23,174.8,-229.35,26.75,172.87,-69.75,112.05,1.05
889.65,364.75,111.82,-153.67,4.57,217.14,-84,101.7,11.55
1431.64,306.64,-51.27,-70.44,-209.55,250.13,-100.35,77.4,7.65
1107.42,-161.62,-911.13,-74.31,-250.14,123.01,-100.2,57.75,-22.35
657.71,132.32,-1200.68,-56.63,-183.21,23.55,-90.75,53.25,-41.25
-556.15,423.34,-1233.89,-12.15,-234.95,19.87,-76.95,56.55,-56.55
352.54,444.34,-410.16,34.21,-250.14,-97.99,-53.85,56.4,-60.3
-118.65,141.6,-144.04,-7.54,-250.14,-23.97,-37.65,53.55,-54.45
-413.09,-460.94,590.33,79.83,-250.14,-5.69,-21.3,46.05,-31.95
-105.96,-586.91,921.88,66.97,-250.14,-20.9,-21,43.05,-3.45
196.78,-822.27,1139.65,-26.27,-250.14,-125,-38.1,41.55,15.9
271,-1004.39,1155.27,-250.14,-78.08,-169.41,-54.75,30.75,10.2
368.16,-1027.83,725.59,-250.14,-32.24,-100.81,-68.4,27.15,-13.65
1066.41,-763.18,274.9,-250.14,-94.6,66.76,-68.55,37.5,-38.4
629.88,-328.13,-267.09,-250.14,-74.49,86.31,-63,59.7,-52.5
377.93,-2.44,-790.04,-250.14,-37.52,137.97,-58.8,82.8,-50.85
568.36,134.28,-705.08,-212.09,-8.26,104.76,-60.3,97.05,-44.85
422.36,437.01,-660.64,-233.56,37.57,119.23,-66.15,105.9,-32.55
787.6,570.8,-356.93,-151.66,-43.56,206.67,-79.8,106.8,-16.35
808.59,39.55,-314.94,-81.06,-250.14,250.13,-90,97.05,-17.4
56.15,159.18,-673.83,-35.98,-250.14,129.81,-89.7,84,-39.45
-349.12,104.98,-643.55,11.53,-250.14,-55.75,-71.55,79.05,-56.25
-2000,-427.25,-666.02,115.41,-250.14,-216.18,-41.1,74.7,-57.15
-1435.06,-993.65,-375,242.93,-250.14,-197.56,-21.15,55.65,-38.55
-733.89,-1061.52,899.9,189.71,-250.14,-146.72,-20.4,42.9,-12.15
-282.23,-1385.74,800.29,35.18,-250.14,-154.11,-35.7,38.4,12.6
265.63,-1064.94,1233.89,-250.14,-151.99,-250.14,-65.1,28.65,2.55
70.8,-1050.29,564.45,-250.14,-137.24,-138.92,-85.8,37.95,-20.7
1089.84,-636.72,123.54,-250.14,-106.57,-24.91,-83.25,49.95,-39.3
848.63,-199.71,-364.75,-250.14,-145.84,49.3,-75,71.4,-50.7
360.35,295.41,-358.4,-250.14,-47.17,39.34,-64.95,97.8,-45.15
560.55,135.25,-314.94,-250.14,-25.67,95.93,-68.55,110.25,-24.45
637.21,401.37,-95.7,-250.14,33.76,229.12,-76.95,109.8,-0.6
1421.39,-153.81,123.54,-217.05,-218.87,250.13,-93.6,84.3,10.2
679.2,-91.8,-317.38,-228.73,-250.14,152.34,-99.9,56.25,-13.5
133.79,157.71,-909.67,-178.97,-250.14,58.61,-87,54.45,-49.2
500.49,642.58,-484.38,-86.52,-250.14,-130.22,-66.15,61.95,-60
-123.54,443.85,-310.55,15.64,-250.14,-93.82,-44.25,63.3,-60.9
-543.46,-84.96,143.55,7.15,-250.14,-63.52,-25.35,61.8,-46.65
-299.32,-673.83,657.71,-66.52,-250.14,46.93,-13.8,56.55,-21.3
210.45,-925.29,918.46,-107.31,-250.14,-43.29,-21.75,52.5,6
114.75,-941.41,1114.75,-163.5,-182.04,-117.53,-34.8,39.3,8.55
-218.26,-1471.68,951.17,-250.14,49.97,-68.23,-43.65,28.95,-1.2
48.34,-1269.53,660.64,-246.05,100.6,35.39,-45.3,28.8,-22.35
104.49,-1089.36,213.87,-250.14,149.23,30.82,-45.3,38.55,-38.4
272.95,-718.26,-42.48,-250.14,131.4,62.82,-52.8,56.7,-49.2
498.54,-313.48,-312.99,-250.14,123.11,72.56,-60.75,81.9,-50.4
712.89,125,-242.19,-250.14,114.36,88.08,-70.95,98.7,-36.15
957.03,177.73,73.73,-250.14,116.76,165.31,-79.8,106.05,-17.4
1203.13,-1.46,36.62,-185.44,58.79,154.28,-92.7,96.15,5.85
1640.63,-238.28,54.69,-134.41,3.06,215.72,-97.35,75.75,15.3
1936.52,-328.13,-46.88,-120.84,-144.92,80.47,-97.95,59.55,9.15
1392.58,-437.99,-343.75,-100.45,-179.79,59.12,-97.5,51.45,-4.8
1074.71,-150.88,-410.64,-78.37,-134.57,-11.2,-99.9,51.75,-17.4
975.59,34.18,-536.62,-52.09,-209.21,-27.53,-96.9,54,-30.6
763.18,111.82,-519.04,-26.32,-250.14,-33.7,-88.95,58.5,-43.05
426.76,-45.41,-566.89,-40.54,-250.14,-8.84,-74.1,61.05,-55.2
104.98,78.13,-140.14,-64.99,-250.14,29.85,-53.4,64.5,-58.65
-318.85,-311.04,340.82,-23,-250.14,22.44,-31.05,66.9,-47.1
-352.05,-442.38,874.51,-28.63,-250.14,-28.56,-18.15,67.8,-28.5
-613.77,-618.65,1131.35,-118.51,-250.14,-112.04,-16.65,63.3,-3.45
-878.42,-386.72,1144.04,-189.11,-104.5,-129.21,-26.85,50.25,9.9
-430.18,-1423.34,990.72,-248.52,-10.82,-105.24,-34.8,40.5,8.55
-122.56,-1053.22,773.93,-237.35,41.3,32.15,-39.9,31.8,-7.8
-119.63,-926.27,423.34,-196.92,119.44,52.52,-40.2,31.8,-25.65
253.91,-997.56,-91.31,-203.54,116.1,84.6,-38.25,42.45,-39.3
216.8,-810.06,-462.4,-152.83,106.67,59.47,-42.45,56.55,-46.95
71.78,-692.38,-591.8,-212.94,96.79,49.47,-46.65,67.2,-50.4
85.45,-461.91,-430.66,-250.14,175.07,66.03,-55.5,84,-47.7
381.84,-115.72,-151.37,-250.14,167.45,111.11,-66.6,99.45,-34.65
900.39,-18.07,221.68,-250.14,167.31,137.05,-76.05,105.45,-13.65
1119.14,68.85,297.36,-156.44,93.06,155.63,-84.75,100.95,4.05
1530.27,-38.57,291.5,-140.26,-37.02,197.69,-93.3,83.25,15.9
1745.61,-309.08,6.84,-211.34,-158.89,63,-97.65,66.75,9.15
1373.54,-188.96,-470.21,-100.18,-164.4,57.47,-100.2,57.3,-5.25
1268.55,-134.28,-493.65,-82.77,-144.98,-39.95,-98.85,55.65,-20.1
888.67,354.98,-541.5,-53.12,-177.18,-16.31,-96.9,60.3,-30.9
491.21,-211.91,-774.41,58.85,-171.38,-119.5,-88.05,65.7,-43.5
-282.23,-350.1,-968.75,29.79,-206.59,-96.15,-75.6,68.4,-51.75
-643.55,-392.09,-721.68,33.08,-250.14,-107.19,-61.2,67.65,-57.45
-624.51,-532.71,-99.12,46.26,-250.14,-67.84,-37.2,67.65,-51.75
-630.37,-510.74,408.2,14.73,-250.14,-58.96,-27.15,66,-42.3
-168.46,-319.34,670.41,12.21,-186.78,-104.35,-19.95,57.75,-27
-335.94,-941.41,570.8,-119.85,-75.59,-204.76,-20.25,48,-15.9
-790.04,-1217.77,585.45,-110.47,9.84,-123.31,-34.5,36.3,-14.85
-420.9,-1596.68,390.14,-233.49,203.5,-78.95,-43.95,33.75,-26.25
-259.28,-1547.85,-154.79,-250.14,229.23,-96.97,-56.1,45.45,-45.75
533.69,-979,-269.04,-250.14,172.39,-99.27,-74.55,68.4,-46.05
509.28,-195.31,-349.12,-250.14,107.45,-186.85,-76.05,90.15,-40.65
582.52,25.88,-150.39,-250.14,16.78,-50.11,-72.45,104.4,-23.55
776.37,525.88,283.69,-206.79,15.36,61.12,-69.75,108,-4.95
900.39,439.94,459.96,-176.89,-36.06,111.72,-73.35,103.8,6
1358.89,554.69,372.07,-93.44,-172.85,240.43,-86.7,90,11.7
1898.44,28.32,-108.89,-58.21,-231.24,117.01,-98.7,72,-0.6
1195.8,248.54,-577.15,-44.3,-164.36,17.47,-100.35,64.2,-19.05
703.13,235.35,-827.64,-30.63,-177.7,-12.66,-96.75,63.45,-33.6
910.64,267.58,-887.21,-8.63,-162.82,-15.68,-89.25,65.25,-44.1
601.56,250.49,-727.05,6.22,-250.14,-13.43,-76.2,68.55,-55.2
174.32,146.48,-459.47,-14.82,-250.14,12.89,-58.95,66.15,-58.2
-103.03,-175.78,-90.82,-27.14,-249.66,16.5,-40.2,66.3,-53.4
-563.48,-336.91,491.7,30.85,-250.14,-23.88,-25.65,65.55,-39.9
-608.4,-285.64,864.26,4.36,-242.78,-53.66,-16.8,63.15,-21.15
-591.31,-503.91,969.24,-53.35,-91.03,-140.08,-17.25,58.95,-5.85
-861.82,-1066.89,1074.22,-168.46,-13.57,-173.03,-24.3,46.8,-0.3
-735.84,-1191.89,916.99,-197.47,32.15,-100.62,-32.85,35.7,-11.85
-431.15,-1303.22,651.86,-232.34,129.34,-101.89,-38.25,36.15,-29.25
-19.04,-1179.69,196.78,-250.14,131.56,-67.24,-48.3,43.8,-42
244.63,-986.82,-101.07,-250.14,125.69,-36.38,-58.65,58.2,-50.7
392.58,-506.84,-169.92,-250.14,120.92,-34.25,-67.65,79.95,-49.2
568.36,33.2,26.37,-250.14,138.21,-15.5,-73.2,97.2,-34.95
524.9,153.81,11.72,-250.14,76.12,68.17,-75.45,106.5,-14.55
1025.88,266.11,273.93,-219.81,64.37,108.39,-80.1,102.9,2.25
1440.92,263.18,447.27,-140.5,-22.79,175.5,-85.8,91.65,12.6
1647.95,-55.18,29.3,-71.95,-151.58,160.15,-95.25,75.45,8.7
1688.96,-193.36,-578.13,-69.76,-190.76,88.71,-99.6,61.2,-10.05
1325.68,-43.46,-724.12,-85.3,-160.38,6.89,-98.25,55.95,-26.4
912.11,257.32,-673.34,-73.88,-225.63,4.45,-91.65,58.95,-42.45
456.05,428.22,-599.61,-49.92,-250.14,4.69,-77.1,63.45,-56.1
-66.89,261.23,-498.05,-7.71,-250.14,-33,-55.65,66.15,-59.25
-195.31,2.44,55.18,-34.27,-250.14,11.88,-35.55,66,-52.95
-467.77,-407.23,372.07,-81.34,-250.14,99.63,-20.1,67.2,-38.55
-292.97,-324.22,846.19,-34.18,-250.14,-25.72,-16.05,69.9,-13.65
-222.17,-565.43,1158.2,-111.22,-140.55,-67.4,-20.85,63.9,4.35
-246.09,-661.62,1224.61,-140.6,-60.34,-67.29,-25.5,52.95,6.9
-902.34,-1138.18,1138.67,-250.14,149.34,-99.94,-27.6,42.3,-0.3
-729.98,-1357.91,566.41,-250.14,203.18,-33.43,-32.4,37.65,-20.7
-530.76,-1147.46,121.58,-250.14,220.09,-47.15,-42,47.25,-43.05
-184.57,-723.63,-224.12,-250.14,223.82,-54.29,-58.8,67.05,-52.65
180.66,-400.88,-304.2,-250.14,164.98,-7.6,-70.65,88.65,-42.45
521.48,43.95,-16.6,-250.14,144.54,25.4,-77.55,102.15,-24
688.48,219.73,209.47,-250.14,137.95,55.26,-79.5,103.5,-1.05
992.68,304.2,567.87,-145.36,73.86,134.45,-83.7,93.45,13.95
1149.41,138.18,392.09,-89.58,-18.77,121.14,-87.9,79.05,16.35
1999.94,-103.03,43.95,-84.36,-185.08,139.74,-92.25,64.8,8.1
1190.92,-226.56,-449.22,-159.74,-250.14,34.68,-98.25,55.2,-11.85
1128.42,194.34,-574.71,-79.12,-182.29,-11.28,-95.1,56.25,-32.7
865.72,320.31,-663.09,-17.11,-250.14,7.43,-86.4,58.5,-48.45
-69.34,297.85,-741.7,17.5,-250.14,-4.24,-63.45,59.25,-61.2
12.21,133.79,-24.41,2.27,-250.14,-18.59,-45.45,59.4,-58.95
-207.52,-324.22,386.23,-59.56,-250.14,76.34,-27.15,57.75,-46.2
-543.95,-491.7,895.02,-6.75,-250.14,-18.37,-16.95,62.55,-17.7
435.55,-513.67,1233.89,-90.57,-227.05,-63.62,-21.75,56.55,3.15
286.13,-894.04,1326.17,-250.14,-35.66,-188.68,-34.05,43.05,9.9
-90.82,-1412.6,816.89,-250.14,-49.04,-79.6,-44.25,30.75,-1.05
107.91,-1594.73,573.73,-250.14,2.65,-46.39,-46.2,30.15,-22.5
262.7,-1380.37,69.34,-250.14,6.29,64.28,-48.9,42.3,-43.35
229.98,-836.43,-362.79,-250.14,40.85,122.86,-46.95,62.4,-50.7
140.63,-317.87,-368.16,-250.14,64.73,86.62,-52.2,90.75,-44.4
476.07,232.91,193.36,-250.14,122.4,84.89,-58.95,108.15,-21.9
411.13,563.48,479,-250.14,68.4,178.7,-66.15,107.7,2.25
737.3,550.78,679.2,-178.15,19.34,236.11,-76.35,95.4,16.8
1369.63,-364.26,292.48,-89.92,-221.55,174.69,-89.25,76.5,17.7
1392.58,-223.63,-244.14,-95.82,-205.66,101.43,-96.45,56.7,-2.55
980.47,-558.11,-1114.75,-122.39,-250.14,62.4,-97.35,50.55,-23.1
865.23,321.29,-943.85,-89.33,-173.51,11.79,-85.35,52.8,-49.05
635.74,628.42,-776.37,21.23,-196.86,-46.26,-70.35,58.5,-59.1
223.14,969.24,-507.81,71.13,-229.44,-81.73,-55.2,59.25,-61.5
-171.39,331.05,-170.9,69.34,-250.14,-85.65,-39.75,55.65,-58.2
-110.35,121.09,271,-32.06,-250.14,29.58,-25.05,55.5,-45.9
-242.19,-572.27,655.27,-24.73,-250.14,95.24,-16.95,58.05,-25.2
-557.13,-680.18,1017.58,-157.76,-250.14,-7.66,-21.9,63.45,5.4
-539.55,-960.94,1287.11,-247.68,-132.87,-138.32,-33.3,50.55,17.4
-384.77,-807.13,1479.49,-250.14,-101.4,-92.79,-45.15,33.45,8.25
-13.67,-1183.59,525.88,-250.14,-17.45,14.49,-50.1,28.05,-15.6
485.84,-1110.35,286.62,-250.14,8.4,-45.08,-50.1,38.25,-41.55
568.36,-944.34,-46.88,-250.14,4.37,-33.02,-52.95,57,-51.6
439.94,-189.94,-316.89,-250.14,13.37,51.74,-52.2,84.3,-48.45
265.14,260.25,-287.6,-250.14,25.51,73.47,-56.55,104.55,-30.6
332.52,343.26,216.31,-250.14,41.86,170.18,-63,108.9,-6.9
946.29,312.5,491.21,-218.01,30.45,137.44,-69.75,103.8,9.6
1236.82,-204.1,724.61,-134.63,-28.15,193.97,-79.8,92.55,21.3
1627.44,43.46,242.68,-33.66,-84.07,165.79,-89.4,73.95,18.6
1969.73,-396.48,144.04,-19.63,-180.83,93.62,-95.1,60.3,3.9
1336.91,-389.16,-465.33,-80.24,-205.1,47.44,-99.45,53.55,-13.05
1253.42,-198.73,-580.57,-78.3,-190.53,-3.21,-96,52.65,-24.75
1080.08,291.02,-559.08,-91.73,-250.14,30.63,-87.6,55.95,-42.9
411.13,568.85,-315.92,-48.11,-250.14,71.81,-65.25,57.75,-59.4
-93.26,-104.98,49.32,5.72,-250.14,32.08,-41.85,58.2,-55.65
-639.16,-283.69,577.15,4.08,-250.14,30.08,-23.85,60,-38.1
-325.68,-359.86,1049.8,-8.95,-250.14,-14.79,-16.2,61.5,-11.7
-455.57,-568.85,1178.22,-146.12,-69.5,-117.3,-23.7,55.65,8.7
-144.53,-1176.76,1227.05,-250.14,33.63,-118.59,-33.3,42,8.1
-290.53,-1518.55,998.05,-250.14,40.33,-118.84,-39.45,32.25,-10.95
3.42,-1601.56,368.16,-250.14,36.56,-0.21,-43.35,33.15,-33.6
82.52,-1108.89,13.67,-250.14,80.56,40.67,-49.65,53.25,-50.1
525.39,-511.72,-157.71,-250.14,91.28,39.21,-57.15,80.7,-49.65
504.39,187.01,-29.79,-250.14,109.66,41.26,-63.15,103.8,-31.65
497.07,427.25,265.14,-250.14,106.09,58.36,-65.1,109.95,-15
615.23,486.82,269.53,-206.17,31.34,149.1,-70.95,106.2,7.95
708.5,117.19,440.92,-180.79,36.21,250.13,-82.8,92.25,19.5
1459.47,-152.83,374.02,-99.51,-82.78,124.63,-90.45,66.3,15.3
1552.25,-358.4,-39.55,-116.34,-194.65,67.32,-93.6,49.5,1.05
1320.31,-662.11,-434.08,-155.6,-214.55,-5.56,-96,45.45,-17.25
802.25,-335.94,-666.02,-140.63,-234.6,-61.77,-93.9,48.15,-35.7
532.71,-224.61,-881.84,-109.39,-241.44,-40.05,-85.05,56.4,-49.2
125,11.23,-627.44,-81.73,-250.14,-42.92,-64.35,62.7,-59.25
-528.81,-513.67,-68.85,-34.13,-250.14,-73.44,-40.5,65.7,-53.85
-613.77,-711.43,631.84,-75.63,-250.14,-94.47,-19.65,68.4,-33.3
-549.32,-1191.41,897.46,-199.88,-250.14,-147.34,-18.15,61.05,-3.15
-560.06,-847.17,919.43,-111.9,-139.34,-85.85,-25.65,46.8,2.85
-376.46,-1345.21,923.34,-250.14,84.21,-106.11,-31.35,36.9,-4.8
-340.82,-1512.21,480.47,-250.14,93.38,-62.94,-37.05,34.8,-26.7
-13.18,-1220.21,28.81,-250.14,91.82,1.88,-43.35,47.7,-46.35
-76.17,-847.17,-430.18,-250.14,103.31,45.54,-49.2,68.7,-51
131.84,-106.45,-332.52,-250.14,131.99,68.44,-59.55,93.3,-41.55
272.46,290.04,31.74,-250.14,152.47,93.11,-66.6,106.95,-24
459.47,275.88,129.39,-250.14,85.85,154.06,-72.15,109.05,-3.45
679.69,311.52,573.24,-138.38,47.79,205.8,-79.8,99,13.8
1169.43,-83.5,484.86,-110.08,-26.5,149.6,-87.45,74.25,17.1
1914.55,-333.01,188.96,-134.53,-104.34,88.63,-90.75,57,9.6
1526.86,-543.46,-197.75,-183.91,-232.06,29.39,-94.05,48.3,-5.25
870.61,-376.95,-470.7,-145.43,-181.24,-19.69,-95.25,48.45,-25.8
940.43,49.8,-562.01,-133.01,-242.2,-29.81,-88.5,53.25,-43.8
544.43,622.07,-210.45,-87.95,-250.14,-42.31,-75.6,61.95,-56.1
113.77,646.97,79.1,-42.07,-250.14,-112.28,-50.85,69.3,-59.85
-382.32,38.09,585.94,-46.85,-250.14,-98.57,-30.6,69.15,-47.55
-1015.63,-450.2,831.54,-76.97,-250.14,-68.55,-16.05,64.95,-19.65
-717.29,-1140.63,966.31,-250.14,-190.08,-224.88,-20.1,53.4,-0.15
-226.56,-1385.25,719.24,-211.61,-18.62,-131.53,-30.3,39.15,-3
-181.64,-1371.58,478.03,-226.29,30.34,-61.65,-36,33.9,-20.7
-85.45,-1358.89,175.29,-250.14,84.02,-65.84,-42.3,40.65,-38.55
-230.47,-1107.91,-152.34,-250.14,90.98,-11.78,-46.95,58.65,-51
21,-496.09,-346.68,-250.14,127.32,93.96,-54.75,87.3,-46.95
425.78,-43.95,29.3,-250.14,170.82,128.01,-68.55,103.5,-28.5
719.73,410.16,437.01,-250.14,115.77,148.27,-75.9,105,-2.1
1084.96,-226.07,348.14,-136.32,92.17,163.46,-84.15,96,12.45
1490.72,-268.55,616.7,-151.15,-92.23,222.68,-88.2,78.75,14.85
1815.92,-379.88,-44.43,-126.5,-166.37,114.34,-94.35,59.25,3.9
1569.82,-402.34,-510.25,-167.18,-205.43,21.26,-95.7,49.2,-6.15
1120.61,-530.27,-658.2,-144.61,-195.81,-25.08,-96.15,50.55,-24.45
1171.39,-68.85,-624.02,-117.74,-250.14,-20.97,-91.05,55.05,-43.05
1302.73,468.75,-354.98,-65.39,-250.14,1.5,-76.05,62.7,-53.85
570.31,348.14,-43.46,-10.17,-250.14,-90.61,-51.45,66.3,-57.3
-204.59,-127.93,398.44,25.33,-250.14,-99.4,-29.85,63.9,-47.85
-638.18,-638.18,578.61,-16.24,-250.14,-126.56,-18.75,55.8,-24.15
-828.13,-1101.07,622.56,-171.02,-49.19,-197.74,-21.6,45.45,-8.25
-485.35,-1322.75,690.43,-250.14,37.17,-216.06,-34.65,33.9,-14.7
-178.22,-1665.53,242.19,-250.14,48.9,-192.01,-46.5,34.8,-33
281.74,-1362.79,-98.63,-250.14,9.44,-78.26,-57,46.5,-47.25
392.58,-790.53,-301.27,-250.14,39.73,7.3,-59.85,65.25,-52.65
494.63,-383.79,-180.66,-250.14,106.79,68.02,-63.45,87.75,-45.15
532.23,88.38,130.37,-250.14,150.18,102.52,-69.9,105.9,-26.1
599.12,264.16,269.04,-250.14,102.68,155.68,-76.95,105.75,-2.85
996.09,-61.52,535.16,-160.16,66.18,165.82,-84.6,96,10.65
1373.54,-220.21,413.09,-133.28,-50.21,127.72,-89.25,74.25,17.1
1525.88,-334.47,-95.21,-138.96,-177.74,78.62,-94.2,55.2,4.05
1422.85,-484.86,-535.64,-140.8,-178.76,-0.45,-96.9,46.8,-10.95
985.84,-15.14,-532.71,-124.35,-176.21,-44.16,-93.6,50.55,-32.4
622.07,-45.41,-753.42,-78.79,-231.39,-57.59,-88.2,57.75,-46.95
-470.21,-106.93,-770.51,-46.97,-250.14,-102.88,-70.65,63.45,-56.4
-731.45,-296.88,-394.04,4.02,-250.14,-94.05,-45.45,64.2,-57.75
-690.43,-613.28,306.15,14.34,-250.14,-80.99,-26.85,62.25,-43.05
-704.1,-650.88,836.43,-48.01,-250.14,-111.48,-17.4,55.8,-17.4
-731.45,-415.04,1624.02,-162.58,-31.63,-213.15,-25.65,42,-2.85
-511.72,-1312.5,678.71,-250.14,40.76,-95.27,-33.75,34.05,-6.3
-123.05,-1541.02,349.61,-250.14,19.55,-118.37,-41.4,33.3,-23.4
-2.44,-1325.2,17.58,-250.14,60.94,-61.51,-47.55,43.05,-42
127.44,-1213.87,-192.87,-250.14,70.75,14.66,-52.35,62.4,-52.05
105.96,-215.82,-355.47,-250.14,102.44,65.93,-57.15,90.45,-44.25
140.14,232.42,-172.36,-250.14,122.13,87.66,-63.45,105.75,-27.3
594.73,215.33,96.19,-250.14,69.85,191.91,-71.7,109.2,-4.35
793.46,123.54,288.57,-200.5,31.03,250.13,-83.25,96.45,10.8
1627.44,-292.97,215.33,-142.65,-195.51,95.17,-93.6,72.75,12
1522.95,-449.22,-424.32,-122.35,-215.34,98.79,-97.65,53.55,-4.5
1055.18,-647.46,-1014.16,-120.85,-156.2,26.66,-97.35,48,-19.95
861.33,-162.11,-836.91,-105.15,-129.93,-9.7,-93.6,51.75,-35.85
339.84,18.55,-898.44,-52.56,-167.42,-40.46,-81.6,57.15,-49.65
370.61,46.39,-770.51,-4.65,-175.4,-76.48,-71.85,58.8,-54.45
277.83,14.65,-325.2,-5.43,-250.14,-59.15,-54,60.3,-59.4
-488.28,-415.04,233.4,-44.11,-250.14,-89.32,-31.95,58.5,-49.8
-862.3,-1048.34,646.97,-124,-250.14,-169.02,-18.6,54.45,-25.8
-1433.11,-1289.55,433.11,-143.27,-84.11,-250.14,-24.75,41.7,-6.15
-378.91,-1055.18,605.47,-199.56,2.08,-79.55,-34.05,33.75,-14.85
7.81,-1393.55,367.19,-195.08,16.76,-121.89,-40.2,34.8,-27
55.66,-1300.78,116.7,-228.78,57.2,-122.25,-48.75,39.45,-40.35
5.37,-1120.12,-294.92,-250.14,32.66,-5.52,-53.7,53.55,-49.5
291.5,-774.9,-471.19,-250.14,55.53,70.2,-56.25,73.8,-50.85
500.49,-173.34,-256.84,-250.14,72.34,88.6,-62.55,94.2,-42.45
518.07,93.26,-10.25,-250.14,145.92,89.04,-69.45,108.15,-19.65
680.18,376.46,445.31,-250.14,97.05,216.25,-77.7,103.5,3.9
1235.35,-412.11,353.03,-128.83,2.63,177.16,-86.55,88.95,13.65
1663.09,-341.31,124.02,-109.68,-124.22,176.35,-93.6,70.8,13.8
1456.54,-173.83,-383.3,-86.04,-133.45,73.05,-96,53.4,-1.5
1150.88,-182.62,-449.71,-130.47,-203.89,8.74,-98.4,50.55,-18.75
838.38,-88.38,-622.07,-140.39,-213.09,-3.74,-93.3,52.8,-34.8
830.57,150.88,-735.84,-92.06,-240.8,-8.67,-86.55,57.45,-46.8
544.43,138.67,-646,-81.73,-250.14,9.19,-69.45,64.2,-57.45
18.07,17.58,-387.21,-94.98,-250.14,-29.06,-53.1,67.2,-58.95
-674.32,-151.37,218.26,-56.91,-250.14,-65.64,-32.85,69.45,-49.2
-726.56,-378.42,684.08,-51.26,-250.14,-99.6,-18.3,65.4,-27.9
-1405.76,-353.03,877.44,-152.29,-79.56,-250.14,-19.2,55.8,-2.85
-659.67,-1278.32,716.8,-122,-20.71,-85.85,-28.65,42.3,1.05
-469.73,-1304.69,839.36,-240.06,70.08,-105.01,-33.3,36.75,-13.05
-222.17,-1254.39,458.5,-250.14,119.7,-70.03,-39.15,33.3,-28.5
-43.95,-1145.51,-31.74,-250.14,108.3,-9.83,-48.75,44.4,-43.95
77.64,-761.23,-426.27,-250.14,120.41,82.26,-55.5,69,-51.9
300.29,-374.51,-376.46,-250.14,158.44,88.56,-65.25,88.5,-45.6
424.8,178.22,-490.72,-250.14,181.95,55.35,-74.1,102.75,-27.75
582.03,283.69,31.25,-233.88,110.98,91.94,-78.75,104.55,-5.7
943.36,217.29,409.18,-189.04,103.33,168.51,-84.6,96.3,10.95
1333.01,-82.03,451.17,-90.15,19.46,141.26,-91.05,78.75,17.7
1827.15,-520.51,78.13,-106.08,-183.46,130.34,-95.25,60.9,10.05
1555.66,-538.57,-355.96,-152.82,-170.95,13.72,-95.7,49.2,-4.05
1042.48,-311.04,-585.45,-133.08,-168.98,-19.79,-96.75,48.9,-21.9
1058.59,96.68,-626.46,-100.76,-182.31,-32.02,-91.8,55.05,-39.9
1040.04,558.59,-293.95,-30.73,-250.14,-48.24,-80.1,63.15,-51.45
218.75,332.52,-143.55,21.09,-250.14,-113.6,-64.2,67.05,-58.35
-233.4,83.98,213.38,-10.5,-250.14,-75.76,-38.85,69.3,-54.15
-346.68,-678.22,523.44,-13.4,-250.14,-106.45,-21,64.05,-35.25
-209.47,-1060.55,895.02,-91.45,-250.14,-76.96,-19.65,55.65,-9
-470.7,-563.48,1138.67,-64.86,-169.78,-96.66,-27,41.4,-1.95
-321.29,-1336.43,909.67,-250.14,56.91,-143.79,-34.8,34.8,-6.75
-112.79,-1492.19,521,-250.14,55.64,-90.64,-41.85,33.45,-24.3
95.7,-1152.34,32.71,-250.14,19.39,-6.46,-47.4,41.7,-42.9
190.92,-882.81,-282.71,-250.14,50.87,43.86,-49.65,57,-50.55
333.98,-504.88,-455.08,-250.14,72.74,54.34,-53.85,76.65,-48.9
466.31,-146.97,-220.21,-250.14,150.02,94.16,-63,99.15,-36.75
619.14,205.57,12.21,-250.14,151.2,69.16,-69,106.05,-16.35
875.98,286.13,243.65,-157.85,56.18,102.68,-78,104.25,3.9
1317.87,16.6,226.07,-82.46,-76.39,247.88,-87.9,91.5,14.25
1496.09,-703.61,-323.24,-47.46,-162.79,177.85,-96.9,70.5,9.6
1575.68,-519.04,-524.41,-75.66,-141.15,102.34,-98.55,53.7,-11.1
1239.75,-403.32,-782.23,-140.34,-212.97,63.21,-95.25,50.4,-29.7
367.19,117.19,-708.01,-93.55,-234.84,-6.42,-81.45,53.7,-48.9
-347.66,-42.97,-640.14,-88.28,-250.14,9.08,-64.8,61.95,-57.15
-760.25,-99.12,-659.67,-127.96,-214.04,2.82,-42.45,68.25,-58.35
-693.36,-284.18,9.28,-68.82,-250.14,-112.19,-28.8,73.95,-45.75
-952.64,-852.54,578.61,-136.22,-250.14,-250.14,-18.3,69.15,-23.25
-949.71,-505.86,874.51,-39.5,-77.02,-250.14,-19.5,51.75,-9.15
-554.69,-1057.62,570.8,-191.49,70.02,-123.14,-30.6,38.4,-9.75
-273.44,-1405.27,273.93,-205.66,-17.47,-169.73,-38.55,33.9,-22.95
178.71,-1250.98,169.43,-250.14,-35.21,-190.68,-51.15,36.3,-37.35
438.96,-1043.95,-260.25,-250.14,-75.74,3.22,-53.7,48.75,-48.75
383.79,-515.14,-402.83,-250.14,-50.95,48.98,-46.05,70.5,-50.85
-30.76,227.54,-341.31,-250.14,-13.11,57.4,-43.95,94.5,-39.45
-55.66,671.88,-416.99,-230.02,-35.92,103.21,-45.75,106.5,-21.3
199.71,818.36,-229.98,-218.05,13.43,170.08,-52.95,110.55,-7.05
1005.86,363.28,193.36,-231.4,-60.99,250.13,-68.1,105.9,7.95
1502.44,160.64,66.41,-78.5,-86.55,192.58,-92.4,82.2,12.15
1190.92,-29.79,-285.16,-49.03,-229.46,108.63,-99.6,64.95,-5.1
1275.39,45.41,-712.89,-119.88,-250.14,70.89,-97.8,56.7,-26.1
545.9,870.12,-573.73,-95.85,-250.14,30.92,-80.4,55.2,-51.75
-143.55,820.8,-482.91,40.29,-250.14,-90.45,-54.9,60.9,-58.95
-586.91,339.84,30.76,106.54,-250.14,-92.27,-36,58.2,-50.7
-1097.17,-250.49,383.3,156.63,-250.14,10.38,-22.05,46.05,-30.6
-384.77,-461.43,775.39,88.31,-250.14,-40.32,-21.6,45.45,-10.5
-241.21,-814.45,964.36,-104.34,-215.26,-149.31,-32.25,39.3,3.9
33.2,-861.82,939.94,-157.88,-113.89,-145.4,-49.2,30.15,4.05
416.02,-1082.03,944.34,-250.14,-100.63,-218.31,-64.05,30.15,-16.2
420.9,-987.3,394.53,250.13,-112.79,-242.03,-67.2,38.55,-37.35
330.08,-832.52,-162.11,-250.14,-88.64,29.44,-59.1,55.05,-51.9
437.01,-55.18,-492.68,-250.14,-35.6,83.16,-57.9,81.15,-49.95
558.59,350.1,-614.75,-250.14,-6.34,127.82,-61.2,96.15,-38.55
889.65,385.25,-384.77,-250.14,6.62,239.53,-70.8,105.3,-23.1
771.48,343.75,-325.2,-189.65,-22.81,250.13,-85.65,97.5,-9.15
753.42,474.12,-284.18,-155.81,-250.14,171.62,-96.75,79.2,-15.45
783.69,62.99,-434.57,-88.85,-250.14,91.14,-90.9,72.9,-37.2
-509.77,376.95,-660.16,88.34,-250.14,-83.34,-67.35,73.2,-54.9
-368.16,-141.11,-179.69,205.49,-250.14,-165.02,-47.1,63.3,-52.35
-966.8,-463.87,86.91,107.7,-250.14,15.17,-28.05,50.4,-39.6
-787.11,-490.72,767.58,17.31,-250.14,-2.74,-23.7,42.45,-20.7
-541.5,-843.75,626.95,-120.74,-87.76,-163.73,-28.65,36.75,-9.15
-800.29,-987.79,479.49,-145.72,-95.85,-168.54,-39.45,32.25,-8.85
-709.47,-1273.44,340.82,-241.31,-3.98,-203.54,-49.35,28.05,-18.45
-147.46,-1146.97,289.06,-250.14,15.77,-105.37,-60.45,34.65,-33.9
364.75,-948.24,-166.02,-250.14,13.95,-1.86,-60.45,49.65,-48.9
572.75,-558.59,-456.05,-250.14,73.4,40.47,-63.9,74.55,-50.55
364.26,24.41,-564.94,-250.14,-8.95,163.34,-68.55,99.3,-37.65
621.09,650.88,-298.83,-250.14,-132.79,250.13,-78.75,101.25,-19.2
1254.88,197.75,-382.81,-203.5,-169.81,191.61,-91.35,89.4,-15.45
545.9,255.86,-663.57,-79.65,-128.5,79.88,-94.8,80.25,-25.2
378.42,486.33,-474.12,90.08,22.11,-22.66,-95.7,77.7,-28.05
219.73,-25.39,-605.96,190.84,242.07,-42.4,-99.15,76.5,-18.75
1264.65,-36.62,-144.53,53.47,250.13,58.77,-98.55,79.95,5.4
1824.71,102.54,91.8,20.99,41.09,-20.53,-93.45,79.95,18.3
1825.2,272.95,289.55,-43.03,-86.05,59.47,-92.7,82.2,12.6
1204.59,463.87,133.3,30.37,-250.14,49.73,-98.55,78.9,-3
1198.73,129.39,-115.23,108.89,-250.14,109.14,-98.85,75.45,-20.4
111.82,-278.81,-276.37,127.96,-250.14,205.67,-83.55,61.8,-46.95
-135.25,-112.79,372.56,69.08,-250.14,77.37,-48.9,51,-55.2
-427.73,-389.65,562.99,66.34,-250.14,45.39,-24.6,52.05,-35.85
-665.04,-583.5,960.45,-28.31,-250.14,-13.4,-20.85,52.2,-12.15
-1184.08,-1276.37,1087.4,-182.52,-162.35,-147.66,-25.5,45.45,-0.15
-812.99,-1336.91,1132.32,-250.14,-24.5,-143.34,-37.95,34.2,-10.5
-327.15,-1452.15,676.76,-250.14,58.8,-14.89,-42,31.5,-28.05
33.2,-1065.92,129.39,-250.14,87.53,50.21,-42.9,44.7,-42.9
-110.35,-725.59,-303.71,-250.14,99.24,39.1,-48.3,65.55,-50.55
100.1,-168.46,-376.46,-250.14,126.25,29.03,-57.15,87.9,-46.05
458.5,119.14,-252.44,-250.14,131.77,71.34,-67.2,104.55,-29.55
609.38,262.7,273.44,-250.14,146.49,89.98,-70.65,107.4,-9.75
1078.61,139.65,495.61,-206.24,76.69,152.02,-76.8,102.15,7.95
1870.12,102.54,783.2,-149.54,23.74,202.88,-84,81.45,20.1
1999.94,-0.98,564.45,-117.01,-90.11,67.72,-88.95,66.3,17.7
1499.51,-261.23,227.05,-107.77,-144.85,-19.22,-95.1,60,10.2
1030.76,86.91,145.51,-128.92,-207.74,-50.43,-99.6,60.45,-3.6
1281.74,0,-38.57,-91.8,-250.14,-37.82,-99.6,63.45,-19.35
131.84,-168.95,-193.36,-63.66,-250.14,-85.46,-87.15,67.8,-46.2
-582.52,-435.55,-218.26,60.29,-250.14,-187.27,-57.9,70.2,-58.95
-533.69,-593.26,644.53,52.37,-250.14,-210.16,-35.4,69.45,-49.2
-1329.59,-708.5,771,-15.39,-250.14,-108.4,-19.65,60.15,-24.3
-1691.41,-925.29,870.61,-183.36,-192.82,-171.58,-21.6,49.2,-5.4
-739.75,-1328.13,1019.53,-193.15,-76.67,-132.19,-31.95,36.3,-5.25
-272.95,-1425.78,765.63,-243.67,4.41,-69.98,-39,33.45,-18.3
-285.16,-1456.05,233.89,-250.14,23.4,42.2,-41.1,37.65,-33.9
-125.98,-1092.77,-98.63,-250.14,65.63,98.55,-40.8,53.4,-47.55
361.33,-492.68,-234.38,-250.14,112.38,87.43,-49.35,78.75,-49.8
114.26,-10.74,-284.67,-250.14,141.48,77.03,-59.25,98.7,-37.5
430.18,304.2,105.96,-250.14,134.36,51.37,-67.35,108.45,-15.45
619.63,581.54,310.55,-222.85,105.15,171.73,-71.1,105.75,6.75
1041.99,365.23,492.68,-112.01,41.08,190.69,-76.95,96.3,18.15
1363.28,125.49,337.89,-65.43,-5.76,122.86,-83.25,84.9,21.9
1715.82,-63.96,284.18,-60.82,-115.91,106.45,-88.35,70.65,18.6
1645.51,-110.84,184.57,-124.92,-171.75,21.19,-95.1,58.5,9.15
1474.61,-121.09,-25.88,-85.05,-237.89,-11.4,-100.8,55.95,-2.55
1167.48,-63.48,-230.96,-48.22,-250.14,1.18,-99.6,58.2,-21.45
652.83,-51.76,-415.04,-72.82,-250.14,43.74,-84.9,59.25,-47.25
232.42,-146.97,-260.74,-67.31,-250.14,22.12,-63.9,60.75,-57.3
-269.04,-222.66,80.08,-67.26,-250.14,-9.91,-40.2,63,-54.45
-370.12,-509.77,479.49,-46.31,-250.14,-56.07,-24.6,66.3,-36.6
-437.01,-907.23,937.99,-55.92,-250.14,-31.73,-17.25,64.95,-11.1
-639.65,-732.42,1349.12,-177.02,-235.78,-88.5,-23.7,54.15,4.05
-451.17,-1119.14,1215.82,-250.14,26.05,-145.87,-31.05,39.9,0.75
-386.72,-1413.57,749.02,-250.14,68.11,-82.28,-35.55,34.5,-13.8
124.51,-1187.99,220.21,-250.14,57.52,-65.28,-42.9,36.45,-36.45
269.53,-885.25,-89.36,-250.14,57.38,-36.34,-48.45,50.7,-47.85
239.75,-569.82,-357.42,-250.14,7.37,-15.19,-49.2,66.9,-52.05
305.18,71.29,-38.57,-250.14,14.25,-7.67,-50.85,90,-43.35
282.71,726.07,-154.79,-250.14,-4.27,28.5,-50.25,106.65,-24.3
490.23,757.81,73.73,-212.25,37.5,61.03,-53.1,109.65,-7.65
744.63,855.96,393.07,-194.57,-4.37,94.97,-58.05,107.55,6.75
952.15,384.28,485.35,-153.4,4.62,87.01,-64.05,103.2,17.55
1191.41,-6.84,652.34,-218.69,-53.05,194.23,-72.9,88.8,29.1
1238.77,100.59,625.98,-109.38,-163.53,76.52,-78.9,71.4,29.25
1160.16,-352.54,355.47,-80.63,-178.18,73.28,-86.55,58.95,22.2
1166.99,-336.43,76.17,-101.36,-149.05,15.24,-91.8,52.05,8.55
1040.53,-414.06,-192.38,-77.81,-121.69,-5.58,-96.9,46.8,-7.35
1052.25,-243.65,-380.86,-66.47,-103.4,-33.15,-95.85,48.3,-18.75
921.39,7.32,-518.55,-82.4,-166.41,-44.49,-94.8,51.3,-30.9
883.3,32.23,-621.58,-69.24,-221.24,-17.91,-87.15,54.3,-42.75
350.1,282.23,-683.11,-56.07,-250.14,-23.44,-75.3,60.45,-53.85
-666.5,-363.28,-843.75,-7.34,-219.64,-81.71,-60.9,63.75,-59.1
-784.18,89.36,-690.43,-15.67,-164.73,-78.5,-49.65,64.05,-57.3
-1063.96,-289.55,-284.18,21.92,-250.14,-20.05,-32.4,63.9,-50.7
-609.86,301.76,606.45,16.99,-250.14,35.76,-21.75,69.3,-36.6
-471.68,314.94,941.41,-19.64,-247.36,109.12,-16.8,74.7,-16.8
312.5,325.2,1234.86,-46.78,-121.85,-14.22,-20.7,76.5,-0.6
238.28,170.41,1213.87,-134.34,-99.01,-57.86,-25.05,71.25,10.65
588.87,-100.1,1566.89,-137.93,-6.24,-95.54,-31.65,57.9,18.3
116.21,-819.34,1154.79,-218.21,-16.9,-82.91,-39.15,48,18.15
75.2,-997.07,863.77,-181.59,-16.52,-79.5,-45.9,36.15,6.15
66.89,-1097.66,615.23,-208.9,10.28,-17.21,-47.85,30,-8.1
336.43,-1091.31,271,-184.13,17.51,39.54,-46.5,29.4,-24
188.48,-925.29,-40.53,-163.59,-7.67,54.37,-44.4,34.65,-36.75
355.96,-741.21,-262.21,-159.64,11.41,52.69,-39.45,41.55,-43.8
-24.41,-716.8,-620.61,-170.65,9.49,34.46,-40.05,52.95,-46.05
-2.93,-435.06,-771.48,-186.53,9.31,26.99,-39.15,65.55,-50.55
-39.55,-171.39,-906.74,-196.31,-2.1,61.76,-40.65,79.5,-46.2
125.98,180.18,-768.55,-232.02,6.66,68.93,-43.95,92.55,-40.95
11.72,482.42,-531.74,-219.55,22.8,45.13,-46.2,103.65,-28.2
89.36,558.11,-388.67,-185.16,20.66,73.95,-50.1,109.5,-13.8
351.07,701.66,7.81,-191.49,11.06,102.47,-55.2,109.8,-1.65
428.22,726.56,248.05,-185.6,7.18,125.31,-59.85,105.75,9.15
693.36,545.9,428.71,-165.92,-21.81,124.56,-66,96.3,21.6
938.48,400.88,661.13,-159.29,-39.7,159.82,-74.7,83.55,27.75
1450.2,-98.63,525.88,-87.99,-142.89,181.25,-80.7,68.7,25.35
1235.35,-392.09,204.59,-95.81,-144.29,126.79,-88.35,55.95,17.85
1209.47,-480.47,1.46,-64.63,-117.73,54.02,-91.5,44.55,4.2
1193.36,-845.21,-252.44,-96.25,-131.13,-4.11,-92.4,38.4,-9.75
806.64,-336.43,-638.67,-144.31,-168.83,-27.82,-89.25,40.05,-24.45
782.71,-215.82,-769.53,-126.03,-165.94,-30.07,-86.4,43.8,-37.65
452.15,-244.63,-861.82,-72.21,-195.89,-39.29,-80.1,51.9,-50.7
-156.25,-186.52,-939.94,-52.14,-172.15,-73.11,-69.3,57.75,-58.65
-429.2,34.18,-736.33,-74.33,-153.48,-67.72,-55.35,63.9,-58.5
-443.36,-21.48,-400.88,-80.15,-221.4,3.18,-39.45,67.5,-55.8
-541.02,84.47,70.8,-56.26,-250.14,20.97,-28.5,71.4,-45.75
-894.53,-47.36,357.91,-58.93,-250.14,39.37,-19.5,73.8,-28.8
-462.4,-133.3,854,-72.98,-229.61,-16.61,-19.05,78.15,-6.9
-53.22,-309.57,963.38,-72.12,-221.99,24.78,-23.4,72.45,6.15
267.09,-429.2,1233.89,-170.82,-193.38,-25.4,-29.55,64.95,15.75
92.29,-637.7,1307.62,-156.25,-78.39,-45.04,-33.3,50.25,15.6
-94.24,-1112.3,977.54,-224.24,46.34,-75.01,-37.95,40.95,8.7
-109.38,-1053.22,649.41,-189.86,59.22,-23.01,-39,33.15,-5.4
41.5,-1200.68,348.14,-190.89,54.83,41.34,-38.25,31.2,-22.2
329.59,-968.75,83.01,-240.59,62.54,69.47,-36.6,39.3,-39.45
49.8,-750.49,-361.33,-216.37,42.64,53.66,-38.4,53.25,-46.95
-44.92,-455.08,-713.38,-211.98,66,70.77,-40.2,69,-49.8
-59.57,-183.59,-835.45,-221.38,68.96,86.81,-45.3,84,-46.65
131.35,149.9,-629.39,-226.66,80.44,104.76,-54.3,99.45,-33.3
383.3,404.3,-303.22,-250.14,117.47,134.15,-62.25,107.4,-21.45
693.36,532.71,62.01,-232.19,69.09,132.79,-69.15,107.4,-5.85
986.33,440.92,307.62,-187.34,52.37,116.29,-72.75,101.7,10.8
930.18,450.68,435.06,-171.77,17.99,139.15,-79.8,89.25,23.4
1065.92,101.07,509.28,-87.24,10.19,85.88,-82.5,75.15,25.8
1167.48,-413.57,428.22,-93.21,-51.1,96.45,-84.15,63.75,25.2
1312.99,-378.42,384.28,-101.98,-153.92,106.5,-86.25,52.2,18.6
1270.02,-725.1,95.7,-84.53,-115.92,26.27,-87.45,40.8,6.3
1218.26,-678.22,-107.91,-86.15,-147.9,-26.68,-90.6,40.65,-2.55
910.64,-402.83,-404.3,-67.2,-133.9,-54.86,-94.2,43.2,-17.25
776.37,-332.03,-692.38,-72.53,-144.89,-58.5,-93.9,50.4,-29.25
672.85,-155.27,-764.16,-80.98,-181.98,-62.66,-89.1,57.45,-41.4
146.97,-28.32,-701.66,-90.57,-243.21,-72.73,-76.05,63.9,-51.45
-54.69,40.04,-347.17,-110.6,-198.66,-59.37,-58.8,69.3,-57.6
-374.51,-9.77,72.27,-124.42,-233.93,-29.36,-40.8,75.45,-51.45
-671.39,-5.86,476.07,-113.15,-250.14,-38.69,-26.1,79.8,-35.85
-779.79,-74.71,898.93,-101.81,-245.16,-59.6,-18.45,79.5,-13.5
-903.81,-103.52,986.33,-93.15,-107.04,-89.99,-19.2,78,0.3
-684.08,-349.61,980.47,-93.67,-11.53,-63.48,-20.7,67.8,8.1
-713.38,-709.96,916.02,-131.84,61.3,-91.59,-21.15,60.9,7.2
-696.29,-988.28,850.59,-167.71,99.04,-107.14,-21.6,49.95,-2.55
-530.76,-1003.91,633.79,-138.53,101.21,-65.18,-22.95,42.9,-15
-486.82,-1042.48,297.85,-138.5,113.16,-33.13,-27.9,43.5,-26.25
-121.09,-938.96,-38.09,-156.28,109.33,-21.69,-34.8,46.05,-38.4
-187.5,-929.69,-349.12,-132.69,92.3,-1.48,-41.85,51.9,-45.3
-147.95,-855.47,-611.82,-154.56,59.77,9.18,-45.15,61.95,-48.6
-81.05,-645.51,-748.54,-171.87,81.94,16.26,-50.4,71.55,-50.55
40.53,-348.14,-796.39,-187.27,94.52,24.24,-55.65,82.65,-48.6
196.29,4.39,-675.29,-199.76,110.47,13.79,-62.55,96.15,-38.55
337.89,289.55,-469.24,-183.77,135.66,45.13,-69.3,104.25,-27
525.39,449.71,-237.3,-181.06,110.85,62.02,-71.85,106.05,-16.65
712.89,483.4,-37.6,-138.2,106.47,78.12,-73.35,104.25,-3.9
717.77,526.86,313.96,-162.53,23.18,52.3,-72.15,101.25,11.4
727.54,497.56,447.27,-135.65,40.27,15.29,-70.8,96,21.3
944.34,369.14,646.48,-106.24,40.17,24.24,-71.25,86.7,27.6
1001.95,53.22,682.13,-91.09,-1.68,36.21,-70.05,76.8,30.9
847.17,4.88,775.88,-104.92,-5.02,55.64,-72.6,67.8,32.4
1019.53,-185.55,809.57,-105.15,-18.76,53.34,-73.2,56.7,30.45
1150.39,-313.48,778.81,-84.15,-81.63,10.54,-76.05,46.95,26.1
1119.63,-447.27,710.45,-63.72,-163.12,-45.61,-80.1,43.2,19.05
1083.01,-485.84,352.54,-37.58,-210.95,-46.53,-90.45,43.8,7.05
925.78,-434.08,-128.42,-30.92,-187.19,-55.25,-96.6,47.25,-8.55
725.59,-382.32,-514.16,-31.44,-194.73,-71.48,-96,50.7,-24
188.96,-258.3,-849.61,-47.15,-223.56,-78.22,-91.8,57.75,-36.45
-104,-136.23,-932.13,-50.69,-199.76,-81.71,-83.1,63.3,-50.55
-410.64,-34.18,-867.19,-80.4,-163.34,-55.84,-65.85,68.4,-56.7
-375,266.6,-542.48,-76.45,-170.01,-53.44,-51.75,73.2,-58.2
-535.16,189.45,-238.28,-84.92,-195.63,-33.9,-41.4,77.25,-52.65
-692.38,202.64,162.6,-85.69,-186.82,-21.91,-29.85,80.7,-41.4
-723.63,179.2,425.29,-81.31,-176.08,-17.99,-22.65,82.65,-29.25
-569.82,60.55,639.65,-68.5,-159.93,-30.69,-20.7,82.05,-16.35
-555.18,-53.71,922.85,-77.29,-157.88,-36.57,-20.1,78.9,-4.8
-379.88,-346.68,953.61,-74.15,-129.79,-34.54,-22.8,72.75,6.3
-171.39,-473.63,1022.46,-45.09,-90.82,-24.11,-25.5,64.65,13.65
-331.54,-528.32,1092.29,-117.79,22.86,-73.61,-27.75,56.4,13.65
-475.59,-947.75,772.95,-148.14,83.4,-80.17,-27.3,47.7,6.15
-310.06,-747.56,663.57,-110.8,86.71,-32.13,-27.15,39.75,-7.35
-214.84,-974.61,383.3,-81.07,104.92,-11.63,-27.15,37.5,-16.35
-364.26,-1021.48,229,-69.53,113.54,-19.42,-30.15,38.55,-24.15
-486.33,-1084.47,-107.91,-59.77,83.88,42.06,-31.2,42.75,-31.95
-305.18,-1080.08,-128.42,-77.94,120.36,25.8,-34.95,46.65,-39
-194.82,-891.6,-284.67,-74.26,139.6,18.36,-42,51.3,-43.8
-204.1,-865.23,-491.21,-81.65,88.5,45.04,-47.7,55.2,-46.35
-298.34,-773.44,-625.49,-117.28,159.62,37.27,-53.55,61.95,-49.95
-215.33,-714.36,-851.07,-123.16,148.57,24.24,-63.15,69.3,-50.1
145.02,-484.86,-811.52,-150.01,154.38,1.93,-76.05,79.95,-43.5
287.11,-317.38,-710.94,-153.15,167.02,-42.4,-83.85,89.25,-33
634.28,-70.8,-376.46,-184.81,189.98,-57.98,-87.15,96.75,-19.2
586.91,306.64,54.2,-185.89,196.71,-71.89,-83.25,99.45,-1.2
416.5,541.02,387.21,-159.07,134.79,-53.47,-75,97.95,11.85
378.91,587.4,588.38,-142.65,75.74,-40.34,-66,95.25,19.95
355.96,510.74,835.45,-117.78,65.63,-38.69,-59.85,89.25,27
397.46,306.64,774.9,-91.63,20.14,-17.6,-55.5,79.8,31.65
574.22,287.6,956.05,-104.55,-30.1,28.47,-57,71.55,33.75
532.23,62.01,972.66,-91.02,-84.75,21.26,-59.25,64.2,32.55
573.73,71.78,857.91,-88.86,-146.38,42.85,-68.4,57.15,31.5
846.19,-135.74,652.83,-78.69,-226.69,55.72,-78.45,49.8,23.4
1268.55,-302.25,384.77,-72.12,-154.45,8.92,-85.5,43.95,10.8
1040.04,-331.05,88.38,-31.81,-150.81,-3.49,-91.5,41.25,-0.3
937.5,-209.47,-187.01,-7.55,-155.58,-20.75,-94.95,41.7,-11.85
713.38,-207.52,-469.73,7.42,-190.09,-38.84,-94.2,44.7,-24.75
555.18,-629.88,-726.07,33.42,-178.23,-51.81,-91.05,48,-35.55
-117.68,-282.23,-991.7,-10.93,-162.38,-42.67,-84.15,50.25,-47.25
-192.38,-211.91,-925.29,-15.33,-175.21,-19.89,-75,52.65,-53.55
-96.68,-114.75,-771.48,-34.9,-183.02,17.91,-62.1,52.8,-57
-479.98,61.04,-525.39,-52.64,-187.44,27.63,-48.3,55.8,-57
-563.48,-37.6,-283.2,-48.97,-204.7,21.98,-38.55,57.9,-52.5
-1097.17,144.53,38.09,-75.31,-237.27,23.37,-29.55,63.15,-44.25
-1138.67,148.93,325.2,-63.5,-176.04,29.89,-22.2,68.7,-32.1
-840.82,213.38,603.03,-62.77,-121.14,26.98,-20.1,73.65,-19.05
-381.35,182.62,955.08,-44.07,-104.8,6.91,-21.6,75.9,-5.4
11.72,125.49,1127.93,-102.89,-97.56,-15.76,-26.25,75.15,7.2
-268.07,-81.54,1073.24,-110.52,-104.29,0.05,-31.5,71.55,17.1
-289.06,-513.18,1041.99,-124.89,-60.75,-11.6,-33,65.55,20.25
-451.66,-1001.95,885.25,-195.38,22.44,-59.18,-32.55,54.75,19.2
-229.98,-800.29,890.14,-134.61,34.46,-3.09,-34.5,41.25,7.35
-470.7,-970.21,745.12,-141.11,102.47,11.51,-31.5,38.25,-3.9
-208.5,-1137.21,624.02,-132.35,183.6,64.86,-30.3,38.7,-18.6
-584.47,-1117.19,209.47,-139.77,241.83,71.89,-29.7,43.8,-33.45
-77.64,-827.15,-111.33,-144.16,211.98,45.53,-42.6,52.2,-46.35
285.64,-462.89,-377.93,-161.27,184.65,-6.41,-55.65,62.7,-48.6
346.68,-350.59,-655.27,-132.95,133.43,3.98,-66.6,74.4,-48.9
197.27,-280.27,-851.07,-121.18,155.53,-9.63,-73.8,84.15,-42.9
294.92,-183.59,-765.63,-169.73,164.65,-26.5,-82.05,93,-33.45
307.13,65.43,-525.88,-163.97,152.14,-20.86,-84.45,99.15,-17.85
577.15,209.47,-153.81,-169.6,143,-25.45,-82.05,99.75,-4.95
708.01,230.96,182.13,-180.69,106.88,-7.36,-77.55,99.15,6.9
710.45,449.71,461.43,-145.6,74.05,-3.58,-71.1,93.3,16.65
820.8,210.45,658.2,-152.18,71.62,4.91,-66,86.55,24.15
786.62,29.3,724.61,-147.55,14.98,6.1,-64.8,78.9,29.7
877.93,-298.34,824.22,-145.07,-47.72,52.4,-67.8,67.5,32.7
475.1,-88.87,740.23,-115.64,-130.69,2.6,-73.8,54.15,28.2
919.43,-508.3,425.29,-121.54,-203.54,24.36,-79.5,45,19.5
1375.98,-901.37,192.87,-122.56,-237.55,32.54,-85.95,39,6.75
1023.93,-596.68,-290.04,-73.88,-140.4,-13.53,-88.05,36.45,-7.2
871.58,-569.34,-600.59,-70.15,-142.4,1.6,-89.25,37.05,-20.25
961.91,-352.54,-698.73,-54.63,-188.04,2.89,-85.95,38.25,-33.45
663.57,-254.39,-750,-69.26,-198.7,-8.19,-80.55,42.3,-44.1
71.29,-306.15,-777.83,-53.49,-228.6,-32.98,-73.5,48.9,-52.8
-291.02,34.67,-743.65,-48.38,-201.08,-43.42,-61.65,53.25,-57
-449.71,144.04,-585.94,-52.53,-187.08,-34.83,-50.4,58.5,-58.65
-558.11,158.69,-376.95,-82.37,-178.08,-1.18,-39.3,63.15,-55.35
-791.99,88.38,-143.07,-75.36,-181.47,11.44,-28.95,68.55,-47.7
-849.12,67.38,157.23,-41.21,-207.49,4.97,-23.7,72.15,-37.5
-532.23,12.7,475.59,-65.86,-226.52,6.34,-20.25,73.8,-22.8
-804.69,79.1,854.49,-128.81,-192.52,-16.6,-19.5,75.75,-5.7
-499.51,-205.08,913.09,-134.54,-133.6,-4.69,-22.65,75.45,5.85
-450.2,-322.75,1039.55,-140.18,-81.82,0.76,-26.25,66.45,13.65
-732.91,-692.87,964.84,-171.25,12.82,-13.28,-29.4,61.5,16.65
-666.5,-954.1,888.67,-156.33,83.8,-24.45,-27.6,54,10.2
-681.64,-977.54,698.73,-181.63,144.31,-45.96,-25.2,44.4,-4.35
-432.62,-1143.55,443.36,-177.97,150.52,-27.82,-27.15,40.5,-22.35
-474.61,-1201.66,-110.84,-186.44,114.78,40.63,-32.4,45.9,-37.5
-281.25,-932.13,-426.27,-199.6,122.75,75.37,-37.95,58.2,-46.05
1.46,-456.54,-636.72,-220.9,126.5,76.08,-48.3,76.5,-47.7
187.01,-159.18,-702.64,-203.74,124.5,44.11,-57.9,88.2,-45.75
321.78,142.58,-639.16,-194.84,121.93,17.98,-65.25,100.05,-35.85
517.09,339.84,-410.64,-194.9,115.09,16.89,-70.95,105.9,-22.5
612.3,552.25,-30.27,-205.94,131.16,12.42,-71.85,106.5,-6.75
437.5,422.36,184.57,-202.42,66.6,42.47,-70.05,103.8,5.7
697.75,470.21,532.71,-157.55,50.18,57.61,-69.9,96.9,19.05
838.38,194.34,598.14,-131.29,22.79,65.18,-71.85,86.55,27
901.37,68.36,665.53,-114.42,-5.11,97.68,-73.8,75.15,30.75
1396.48,-210.45,613.28,-75.43,-146.49,80.27,-79.05,61.8,28.8
1409.18,-394.04,461.43,-75.24,-139.76,84.75,-87.9,52.05,20.55
1224.61,-480.96,46.88,-59.07,-131.2,31.36,-92.4,45.45,5.85
1323.24,-481.45,-186.04,-62.59,-100.82,-0.51,-93.9,41.7,-4.05
1149.41,-291.02,-360.84,-66.08,-155.03,-23.89,-93.9,42.45,-16.5
772.95,-264.65,-573.24,-37.96,-180.4,-44.87,-92.4,45.45,-30
70.31,-472.17,-926.76,-37.62,-207.73,-41.7,-85.95,51.3,-41.55
-181.15,-240.72,-991.7,-81.17,-173.88,-14.38,-74.1,52.05,-54.45
-172.85,-105.47,-749.02,-91.03,-161.16,-29.66,-60.45,57.9,-58.2
-432.13,-35.16,-473.14,-82.64,-186.73,-19.15,-47.1,63.75,-56.55
-661.62,48.34,-47.36,-87.39,-222.81,-8.7,-32.25,68.25,-48.75
-626.46,-30.27,269.53,-83.55,-231.25,1.63,-21.9,73.65,-36.15
-607.42,-194.82,627.44,-84.3,-250.14,1.6,-20.1,75.9,-16.8
-338.87,-304.2,965.33,-82.34,-227.05,-23.78,-19.65,72.15,3.3
-100.59,-353.03,1123.54,-85.89,-117.85,-56.34,-25.95,62.7,12.9
-260.74,-802.25,1147.46,-168.38,46.64,-69.57,-27.9,54.75,14.25
-457.52,-997.56,962.4,-195.19,125.84,-56.13,-28.05,44.4,5.4
-388.67,-1193.36,726.07,-175.95,123.69,-61.79,-29.7,39.3,-9.15
-300.29,-1219.24,230.96,-178.75,136.61,-26.29,-35.85,37.05,-24.45
-259.77,-1162.6,-127.93,-181.27,116.93,25.27,-40.2,45,-39.45
-177.25,-976.07,-393.07,-196.69,138.37,32.89,-44.1,55.95,-47.85
-25.39,-639.65,-541.02,-217.75,154.28,40.69,-53.4,68.25,-50.55
206.54,-226.07,-687.01,-218.2,120.07,23.49,-61.5,83.4,-48.15
251.95,-21,-656.74,-208.95,120.46,1.73,-69.45,96.15,-37.8
469.73,352.54,-361.33,-203.57,137.75,-19.99,-71.85,103.5,-22.35
554.69,471.68,-83.01,-197.66,116.19,-6.77,-72.45,106.2,-8.7
652.34,694.34,179.69,-200.98,59.64,25.53,-70.8,104.55,4.5
819.34,345.7,373.54,-177.28,28.65,55.34,-70.35,98.55,14.85
823.73,155.27,479,-146.81,11.9,60.3,-72.75,88.95,24.75
1058.59,38.57,609.38,-131.96,-4.99,71.44,-76.05,75.9,28.95
984.38,0.98,565.43,-104.34,-86.53,56.44,-80.1,65.4,27.6
1184.57,-321.78,397.95,-109.44,-105.7,40.27,-85.65,53.55,21.6
1375.49,-365.72,242.68,-97.21,-122.82,34.77,-89.85,43.2,7.65
846.68,-306.15,-153.81,-70.73,-127.73,-29.7,-93.6,40.95,-4.8
1082.52,-134.77,-330.57,-69.68,-125.69,-36.49,-92.4,41.7,-15.75
1164.06,89.84,-432.62,-53.92,-178.01,-37.69,-92.25,46.8,-28.05
383.3,-195.31,-685.55,-20.08,-234.93,-61.18,-87.15,53.25,-42
-383.3,-290.04,-1032.23,-25.84,-199.5,-74.63,-77.25,56.25,-53.7
-720.21,-215.33,-1058.59,-45.95,-139.5,-52.69,-65.55,58.95,-59.25
-845.7,-127.93,-801.76,-76.9,-134.88,-41.53,-49.65,65.25,-58.35
-810.55,2.93,-448.24,-49.26,-169.73,-65.84,-39.45,70.05,-54.15
-994.14,6.35,-115.72,-50.35,-193.51,-58.07,-28.95,71.55,-44.4
-855.47,152.83,310.55,-89.1,-176.72,-16.84,-19.95,76.05,-31.95
-656.74,51.76,625,-72.09,-170.55,-20.13,-18.15,77.25,-17.7
-482.42,-133.3,766.6,-92.44,-185.4,-7.05,-19.5,76.5,-3.9
-906.25,-87.89,1004.88,-104.76,-103.85,-23.08,-21.3,71.25,8.55
-816.41,-226.56,1039.55,-140,-50.25,-40.48,-25.35,66.3,14.25
-487.3,-780.27,985.84,-162.95,40.74,-64.02,-27.75,62.4,16.8
-557.62,-827.15,936.52,-140.8,67.52,-41.31,-26.85,49.5,8.1
-491.21,-902.83,833.5,-115.46,145.02,22.3,-23.55,46.05,-4.95
-626.95,-945.8,471.19,-112.92,220.19,3.85,-23.25,48,-22.05
-631.35,-800.78,76.17,-113.95,196.71,35.98,-27.9,53.25,-37.65
-514.16,-744.63,-325.2,-134.66,183.87,7.95,-40.2,63,-45.9
12.21,-634.77,-591.31,-153.98,216.89,2.71,-54.75,73.8,-49.5
277.83,-293.95,-567.38,-155.08,237.85,-30.17,-68.55,85.5,-46.2
453.61,-22.95,-491.21,-156.97,182.82,-45.71,-78.9,95.7,-32.1
559.57,236.33,-276.86,-189.9,163.66,-46.6,-80.25,101.55,-19.5
847.17,474.12,189.94,-214.34,147.99,-38.58,-77.1,104.4,-4.35
655.27,691.89,306.64,-189.71,75.28,22.81,-74.25,99.9,9.3
805.18,384.77,442.87,-161.53,8.76,34.73,-72.15,92.25,21.6
910.64,185.06,586.43,-139.19,2.32,71.8,-72.9,84.3,28.5
957.03,-64.94,604,-111.42,-45.35,81.27,-76.95,73.05,30.15
1213.38,-238.77,451.17,-103.67,-141.79,77.64,-81.3,58.8,25.2
1545.9,-577.64,384.77,-95.19,-143.49,76.48,-87,48.45,16.2
1219.24,-533.69,9.28,-63.28,-134.67,27.78,-89.4,41.4,2.55
1081.54,-405.27,-248.54,-71.5,-139.63,-11.81,-92.7,39.9,-11.1
1265.63,-236.82,-312.5,-24.66,-153.08,-35.65,-91.65,41.7,-20.4
733.4,-347.66,-574.22,-17.06,-196.97,-47.87,-91.8,44.25,-33
165.04,-410.64,-830.57,-37.53,-193.37,-49.92,-82.8,48.3,-45.15
-293.95,-510.74,-1087.89,-60.22,-170.59,-40.72,-74.7,52.8,-52.95
-413.09,-146.48,-811.04,-82.61,-180.96,-29.74,-62.4,57,-60.15
-655.76,-115.23,-581.54,-74.64,-181.55,-50.12,-45.3,62.55,-58.65
-749.51,-94.24,-233.89,-67.57,-206.56,-27.67,-31.95,67.8,-50.55
-582.52,-75.68,215.33,-56.03,-230.48,-13.55,-25.35,70.05,-40.5
-423.34,-138.18,526.86,-60.6,-239.76,-1.95,-19.35,72.45,-22.5
-379.39,-315.92,819.82,-63.83,-237.47,-4.47,-17.85,70.65,-4.8
-345.7,-293.46,1150.39,-85.92,-150.85,-28.89,-21.9,66.45,8.25
-210.94,-531.25,1109.38,-99.12,-81.01,-1.59,-27.75,58.95,15.75
-297.85,-822.75,1166.99,-159.71,57.47,-76.56,-28.95,51,13.5
-506.35,-927.73,902.83,-176.82,111.66,-45.21,-28.8,42.15,2.25
-261.72,-990.72,585.94,-158.29,138,6.28,-30.3,40.65,-15
-499.51,-1187.5,143.07,-148.04,115.31,34.02,-31.05,42.45,-28.65
-354.98,-980.96,-161.13,-139.81,106.88,60.92,-33.3,48.75,-39.15
-388.67,-900.88,-494.14,-156.22,139.83,44.56,-37.95,57.9,-45.3
-343.75,-688.48,-676.27,-207.8,163.96,53.69,-48.9,73.5,-48.75
61.52,-313.96,-592.29,-250.14,196.76,17.47,-63.15,88.5,-43.8
292.48,147.95,-332.03,-250.14,184.35,5.76,-70.05,101.55,-32.7
507.32,713.38,-223.63,-206.15,113.31,3.82,-72.6,106.5,-15.3
621.09,634.77,25.88,-135.75,65.48,96.69,-74.4,105,-1.05
665.53,637.21,260.74,-172.45,6.38,83.82,-71.1,101.25,10.2
750.98,437.99,377.93,-136.76,14.44,55.62,-74.7,93.75,21
881.35,94.24,476.07,-115.53,7.02,68.71,-76.65,86.25,26.25
1056.64,-244.63,621.09,-106.88,-33.14,94.86,-81.15,74.4,28.95
1272.46,-440.43,481.93,-109.89,-124.55,108.4,-82.2,61.65,28.95
1370.12,-386.23,462.4,-105.79,-122.08,60.14,-85.35,49.8,17.1
1416.02,-793.46,101.56,-55.66,-56.17,22,-87.45,41.25,7.05
1176.76,-547.85,-86.91,-98.95,-139.95,-38.21,-91.35,40.95,-5.4
1027.34,-223.14,-312.01,-94.88,-206.71,-62.29,-93.6,45.75,-21.6
546.39,-112.79,-511.23,-102.13,-250.14,-81.24,-90.75,53.55,-42.75
-93.75,-47.85,-597.66,-66.73,-250.14,-84.12,-76.05,61.2,-57.15
-631.35,-44.92,-505.37,-83.9,-250.14,-73.76,-61.65,66.75,-60.15
-927.25,-6.35,-167.48,-71.11,-250.14,-94.64,-42.3,73.95,-53.85
-850.59,375.98,392.58,-162.77,-250.14,-65.79,-28.2,80.55,-40.95
-639.65,-171.88,671.88,-169.01,-250.14,-79.52,-20.4,82.2,-19.65
-699.22,-259.77,954.59,-182.61,-183.37,-101.69,-19.95,76.5,0.6
-775.88,-337.4,1111.82,-184.26,-13.15,-109.6,-23.25,66,10.2
-786.62,-984.38,962.89,-199.2,138.56,-134.63,-23.85,52.5,6.75
-662.11,-1160.16,747.07,-184.09,82.64,-92.19,-27.6,40.5,-9.15
-519.53,-1211.43,425.29,-176.54,117.16,-22.74,-32.1,38.4,-23.25
-593.26,-1136.72,-37.6,-184.22,109.08,60.27,-34.05,43.5,-37.65
-416.99,-1094.24,-400.39,-193.34,172.81,94.08,-38.85,55.5,-46.95
-304.69,-715.82,-622.07,-203.27,169.53,112.4,-48.9,71.55,-48.75
-126.46,-195.8,-631.84,-199.62,172.18,107.18,-60.75,86.4,-46.05
147.95,-108.89,-695.8,-185.63,77.1,120.3,-74.1,96,-36.3
521,-187.5,-567.38,-198.42,122.11,99.7,-83.7,99.15,-22.95
692.87,-166.99,-120.12,-223.92,150.56,121.27,-86.4,95.55,-4.95
701.17,-14.65,158.69,-187.83,99.53,95.6,-88.05,87.9,10.05
839.36,-80.08,296.88,-136.27,34.98,83.59,-88.5,74.55,18.15
1232.91,-309.08,272.95,-95.62,6.75,96.86,-89.1,62.4,19.35
1218.26,-212.89,204.1,-52.56,-10.5,74.58,-90,51,13.5
1292.48,-389.65,85.94,-56.71,-71.7,57.02,-90.15,42.15,6.9
1382.32,-542.48,-115.23,-55.23,-88.52,15.18,-89.25,37.5,-2.85
1318.85,-388.18,-277.83,-64.53,-128.54,-26.42,-88.5,37.5,-15.9
854.49,-376.46,-545.41,-74.85,-161.92,-62.78,-87.3,39.9,-28.65
611.33,-121.58,-778.32,-75.25,-173.86,-81.63,-85.35,46.05,-42.3
133.3,-33.69,-985.35,-75.68,-171.92,-74.4,-76.65,54,-54.45
173.83,130.37,-748.05,-94.54,-140.62,-54.88,-65.85,57.9,-61.05
-175.78,42.48,-503.42,-106.47,-152.09,-54.37,-50.1,64.05,-59.1
-658.69,17.09,-163.09,-108.51,-214.82,-57.73,-36,69.45,-52.05
-665.04,44.43,513.18,-107.9,-250.14,-56.06,-22.95,74.4,-34.65
-794.43,83.98,1036.13,-133.78,-250.14,-53.02,-20.1,76.65,-10.05
-896,-20.51,1260.25,-217.46,-103.66,-46.44,-25.05,72.75,11.4
-646.48,-263.67,1255.37,-152.91,-28.05,-24.79,-29.7,58.8,18.45
-427.73,-884.28,1047.36,-178.11,23.01,-12.21,-32.1,54.45,19.05
-528.32,-1167.48,931.15,-202.33,111.7,-38.21,-30.3,43.65,7.65
-257.32,-1163.57,640.14,-208.15,126.96,-0.28,-28.65,39.75,-10.95
-169.43,-1212.89,191.41,-168.4,99.69,35.4,-30.6,42.9,-30
-97.66,-887.7,-86.91,-168.73,79.56,72.97,-30.6,51.9,-40.35
-262.21,-697.27,-302.73,-222.35,122.81,57.18,-37.05,64.8,-46.65
-74.22,-439.94,-519.53,-250.14,171.57,76.29,-44.55,79.5,-47.7
199.22,-160.64,-629.88,-250.14,176.68,74.63,-56.25,96.75,-40.2
422.85,133.79,-368.16,-250.14,139.91,86.14,-65.55,105.9,-23.55
380.37,351.56,4.39,-250.14,59.43,101.09,-70.8,106.05,-5.25
1045.9,331.05,602.05,-231.11,76.07,107.62,-72.6,100.5,13.5
930.18,53.22,615.23,-149.23,24.04,120.97,-75.6,90.15,24.3
1079.59,-22.46,708.01,-109.01,-5.53,146.61,-80.25,71.55,29.1
1416.02,-377.44,578.13,-105.05,-62.15,113.72,-82.05,57,25.2
1408.69,-588.38,249.02,-115.77,-130.42,41.03,-84.15,43.5,14.25
1370.61,-732.91,12.21,-93.4,-109.08,-8.62,-88.8,37.2,-0.45
1031.25,-464.84,-185.55,-82.46,-125.47,-39.42,-92.4,39.9,-13.35
1020.02,-223.63,-418.46,-107.82,-182.04,-47.9,-92.25,43.05,-27.75
279.3,-252.44,-599.12,-87.35,-250.14,-77.56,-84.6,51,-46.2
-947.75,-264.16,-997.56,-102.98,-250.14,-116.89,-69.45,60.45,-59.25
-865.23,-122.07,-753.91,-65.38,-229.33,-143.47,-55.5,66.75,-59.4
-916.99,64.94,-72.75,-75.54,-250.14,-135.35,-38.1,72,-52.95
-731.45,242.19,578.61,-145.18,-250.14,-105.89,-22.8,76.5,-36.3
-834.96,8.3,992.19,-156.49,-250.14,-70.7,-17.7,75,-9.9
-706.05,-77.64,1203.13,-152.34,-138.73,-40.65,-23.4,67.95,11.1
-389.65,-390.63,1251.95,-162.37,14.42,-25.7,-28.95,58.05,16.35
-406.74,-1051.76,990.72,-196.8,88.89,-66.53,-29.1,51.45,13.95
-663.57,-1179.2,878.42,-241.98,185.73,-63.29,-28.5,41.7,-3
-545.41,-1218.75,314.45,-198.66,137.44,1.53,-32.85,39.45,-27.15
-240.23,-1077.15,-33.69,-220.1,111.78,37.37,-36,49.65,-44.25
-90.33,-651.37,-402.34,-245.83,153.1,68.13,-44.25,66.3,-51.3
269.53,-358.4,-651.37,-231.09,135.59,76.81,-57.45,84.15,-47.1
323.73,-114.26,-625,-231.23,156.92,47.22,-69,99,-35.25
429.69,126.95,-299.8,-229.68,162.79,45.33,-73.65,104.55,-21.6
659.18,468.26,131.35,-221.96,137.87,40.2,-76.35,102.9,-1.5
795.41,193.85,335.94,-187.27,87.3,105.51,-78.9,97.65,13.95
1006.35,28.81,432.13,-122.11,-10.11,119.98,-80.4,85.95,22.95
1136.23,-242.68,348.14,-104.01,-50.87,148.25,-84.9,72,24.45
1226.07,-423.83,250.98,-50.59,-102.13,120.15,-90.45,55.05,17.4
1190.43,-410.16,-130.86,-111.61,-132.36,70.15,-91.65,44.7,4.35
1332.03,-586.91,-318.85,-109.76,-125.87,12.01,-90.9,37.65,-8.7
1363.77,-477.54,-462.89,-112.64,-150.63,-21.6,-90.45,40.05,-22.8
526.86,-396.97,-811.04,-98.29,-166.69,-75.31,-87.45,44.55,-36.3
32.71,-241.21,-1083.01,-109.13,-176.04,-48.55,-81.3,52.8,-50.55
-126.95,-169.43,-923.34,-113.47,-144.76,-54.76,-66.6,61.2,-59.55
-350.1,-24.9,-438.96,-57.17,-247.18,-105.58,-48.45,70.2,-57.75
-674.32,-62.5,149.41,-117.08,-250.14,-62.58,-32.85,71.7,-47.85
-387.21,-296.39,500.98,-123.14,-250.14,-55.15,-20.1,75.45,-29.25
-343.26,-801.76,729.49,-176.64,-250.14,-55.5,-19.05,73.95,-6.15
-800.78,-898.44,853.03,-133.63,-172.82,-67.22,-23.25,65.55,10.95
-585.94,-925.78,997.56,-121.89,-30.7,-80.28,-26.1,51.3,11.4
-514.65,-1266.6,922.85,-235.29,111.21,-104.09,-30.3,42.9,4.35
-383.3,-1274.9,543.95,-205.27,108.51,-34.61,-32.85,36.15,-15
48.83,-1084.96,168.46,-177.8,69.54,41.21,-37.95,40.2,-33.6
25.88,-1149.41,-178.22,-220.39,117.28,54.01,-40.2,50.55,-45.6
36.13,-864.75,-470.7,-250.14,113.78,51.03,-46.2,66.15,-51
-22.95,-520.02,-586.91,-250.14,123.99,60.15,-55.5,84.75,-47.7
181.15,52.73,-361.82,-250.14,130.04,36.93,-64.05,101.4,-34.95
502.44,480.96,-85.94,-214.1,129.6,47.01,-68.7,108.9,-16.2
637.21,450.2,5.37,-197.13,85.28,63.47,-72.15,106.5,-3.9
791.99,614.26,330.57,-166.48,48.28,90.79,-73.65,103.05,9.9
951.17,237.79,457.03,-151.46,33.92,133.89,-79.8,92.55,20.55
1284.67,-161.62,455.08,-128.56,3.41,171.5,-86.4,74.25,25.2
1412.6,-278.32,349.61,-119.08,-90.86,99.33,-88.35,58.2,21.45
1483.4,-524.41,166.02,-132.04,-151.15,33.04,-90.45,47.25,8.55
1240.72,-603.03,-191.41,-91.15,-163.68,-30.87,-94.05,42.3,-8.85
699.71,-486.82,-520.02,-72.03,-237.51,-73.64,-92.7,46.2,-26.85
-228.03,-290.53,-912.6,-87.03,-250.14,-27.37,-86.7,52.05,-44.4
-422.85,-92.77,-1044.43,-51.8,-210.11,-40.15,-72.9,57.3,-56.55
-618.65,-65.92,-865.23,-42.17,-201.96,-38.71,-58.05,61.05,-60.15
-769.04,-121.58,-551.76,-49.08,-221.44,-57.79,-42.45,64.05,-57
-631.84,-48.34,1.95,-65.06,-232.58,-36.57,-28.65,67.5,-45.15
-381.35,-149.9,478.52,-86.15,-250.14,-18.89,-20.1,70.65,-30.75
-237.79,-384.28,811.04,-76.53,-250.14,-31.46,-18.45,72.3,-11.4
-372.56,-745.61,1031.25,-105.4,-227.87,-37.23,-19.5,65.25,6.75
-479.98,-829.59,1051.76,-172.18,-39.62,-110.76,-26.1,54.75,10.2
-573.24,-1164.06,851.07,-213.84,71.95,-96.44,-31.65,39.15,1.95
-212.4,-1339.84,628.91,-228.27,102.72,-20.8,-33.9,36.15,-13.95
-210.94,-1219.73,224.12,-189.76,76.24,9.19,-35.7,37.95,-30.45
-140.63,-1118.16,-161.13,-205.73,98.97,7,-40.2,48.3,-42.3
21.48,-953.13,-424.8,-250.14,109.63,32.77,-46.8,63.3,-48.75
236.82,-461.91,-549.8,-250.14,111.77,46.69,-55.65,81.15,-47.1
419.92,-88.87,-441.89,-250.14,133.97,37.06,-62.4,100.05,-37.35
386.23,329.59,-192.38,-250.14,134.89,34.34,-67.35,106.65,-20.4
577.64,660.16,173.34,-229.02,87.16,63.21,-69.15,106.95,-0.45
639.16,491.21,333.01,-176.11,53.6,121.05,-72,100.95,11.55
874.02,246.09,383.79,-131.54,-11.47,150.44,-78.75,93.75,21.6
1324.22,-35.64,456.05,-98.43,-32.95,157.9,-85.5,78.45,25.8
1113.77,-173.34,194.34,-84.12,-101.02,166.34,-90.15,60.15,17.55
1439.94,-625.49,-61.04,-87.42,-97.76,78.98,-91.8,45.75,6.75
1401.86,-705.08,-240.72,-119.44,-166.87,6.48,-90.6,37.95,-7.95
1139.16,-475.1,-527.34,-121.63,-152.4,-25.66,-93.15,39.15,-23.25
552.73,-202.15,-781.25,-121.97,-188.02,-38.17,-88.35,46.65,-38.25
254.88,-62.99,-870.12,-101.34,-204.26,-46.01,-76.65,55.8,-51.6
137.7,99.61,-669.43,-122.84,-221.47,-35.47,-63.75,63.45,-57.75
-273.93,-116.21,-466.31,-141.28,-181.6,-43.08,-46.2,68.7,-59.25
-523.44,-209.96,2.93,-96.51,-250.14,-118.49,-30.45,72.75,-46.65
-708.5,-629.88,413.09,-150.28,-250.14,-143.63,-19.2,74.25,-24.45
-766.6,-1172.36,562.5,-165.56,-250.14,-100.33,-18.75,69.3,-0.6
-888.67,-912.6,923.83,-150.56,-94.63,-133.33,-22.8,58.05,6.75
-582.52,-1166.99,984.38,-222.12,94.27,-96.48,-25.65,43.8,1.35
-488.77,-1235.35,611.33,-249.18,116.49,-47.41,-30.6,37.65,-17.25
-283.2,-1362.79,155.27,-230.51,145.91,5.11,-36,43.2,-35.4
-85.45,-1008.3,-284.67,-223.88,140.86,29.83,-41.7,55.8,-46.65
81.54,-818.85,-641.11,-227.26,102.12,65.54,-49.65,71.55,-51.3
216.8,-415.04,-691.41,-246.71,107.36,71.11,-58.35,87.75,-45.9
257.81,64.45,-579.59,-236.84,87.19,70.22,-66.9,101.4,-31.8
239.75,195.31,-368.16,-236.11,90.41,46.44,-70.95,106.2,-16.2
524.41,409.67,142.09,-213.98,57.31,70.24,-74.25,106.95,-0.15
452.64,322.27,288.57,-177.18,30.54,125.37,-76.65,99,12.75
784.67,77.15,526.86,-152.38,16.27,185.65,-84.15,84,22.8
1253.42,-148.93,405.27,-142.37,-53.53,198.7,-87,67.2,24
1537.11,-551.76,203.13,-123.64,-101.68,119.2,-87,48.15,15
1533.2,-750,-186.04,-125.05,-188.39,15.48,-88.5,36.75,-3.15
1159.67,-522.46,-423.83,-132.71,-152.7,-39.18,-90.45,39.3,-22.35
1073.73,-12.7,-492.68,-127.83,-176.81,-56.01,-88.35,43.95,-37.5
473.14,222.17,-608.4,-75.62,-195.43,-84.84,-80.4,54.9,-51.45
381.35,409.67,-437.99,-78.37,-250.14,-77.01,-70.8,61.8,-58.35
-131.84,460.94,-296.88,-128.22,-250.14,-91.79,-54.6,71.7,-59.25
-156.25,41.99,155.27,-175.99,-250.14,-119.99,-35.7,78.45,-47.85
-225.59,-521.48,432.62,-212.95,-250.14,-101.12,-21.3,80.55,-27.3
-568.85,-893.07,750.49,-154.03,-250.14,-111.73,-19.2,74.55,-3.15
-960.94,-928.71,813.48,-119.49,-86.28,-114.27,-21.75,59.25,7.35
-603.03,-1092.77,833.5,-161.98,63.82,-116.35,-25.65,46.05,0.6
-328.61,-1234.86,713.38,-213.8,124.21,-74.81,-29.55,39.9,-15.45
-418.46,-1199.71,335.94,-210.51,156.18,-34.87,-33.9,40.65,-31.8
-378.91,-1284.18,-244.63,-246.63,131.73,35.66,-40.05,49.65,-45
-167.48,-990.72,-474.61,-250.14,152.48,48.46,-48.45,68.7,-51.45
146,-239.26,-348.14,-250.14,181.02,38.03,-61.65,89.55,-44.1
344.73,99.61,-346.19,-233,135.55,48.54,-70.05,102.75,-29.55
575.68,284.18,-149.41,-215.82,104.15,28.34,-75.3,105.15,-14.7
621.09,496.09,83.5,-170.79,77.32,52.48,-75.6,104.4,1.95
842.29,418.95,333.01,-134.6,53.71,74.89,-75.6,99.9,14.4
992.19,43.95,327.15,-105.91,-50.72,141.98,-79.5,90.75,22.05
1445.31,-454.1,199.71,-102.6,-171.96,211.15,-89.85,75.15,20.1
1073.73,-434.08,-160.64,-117.34,-93.76,126.14,-97.5,57.45,9.75
1183.59,-537.6,-312.01,-181.96,-119.93,49.62,-95.7,43.65,-7.95
1067.87,-556.64,-526.37,-122.56,-132.89,-13.75,-93.15,42.15,-19.05
854,-304.2,-654.79,-158.44,-170.11,-19.8,-90.75,45.3,-32.4
806.15,51.27,-740.72,-122.81,-208.47,-33.28,-84.45,52.95,-46.05
459.47,17.58,-800.29,-147,-232.89,-18.97,-71.55,62.55,-58.35
307.62,566.89,-240.72,-89.12,-238.34,-112.87,-54.9,73.95,-57.45
-165.04,520.02,224.61,-69.03,-250.14,-147.5,-40.95,78,-51.3
-426.27,-256.84,407.23,-94.5,-250.14,-51.51,-22.8,74.55,-37.05
-804.69,-365.23,740.72,-78.37,-250.14,-95.56,-16.95,70.05,-12.45
-382.81,-568.36,1014.16,-104.02,-173.79,-128.63,-21.15,62.7,8.7
-319.82,-594.73,1154.3,-47.34,-127.86,-68.36,-30.75,49.8,13.8
-51.76,-1069.34,1070.31,-228.69,35.6,-85.79,-34.05,40.05,10.95
61.04,-1287.11,859.38,-250.14,70.57,-58.31,-37.65,30.75,-8.85
-139.16,-1052.73,373.05,-250.14,21.04,14.45,-40.95,34.8,-30.6
87.89,-932.62,-133.79,-250.14,23.79,54.41,-42.3,44.7,-43.5
-58.59,-762.21,-568.36,-250.14,39.56,85.53,-41.85,60.45,-50.4
42.48,-339.36,-698.73,-250.14,43.7,80.99,-45,83.25,-46.95
-190.92,91.8,-720.7,-250.14,16.43,48.85,-47.1,98.55,-37.65
-66.89,431.15,-501.46,-242.47,25.7,87.63,-52.2,108.3,-22.05
191.89,604.49,-95.7,-227.26,15.89,138.82,-57.45,110.4,-5.1
450.2,589.36,121.58,-147.25,-30.5,130.74,-65.1,106.95,8.25
754.39,591.8,161.62,-130.92,-44,169.47,-75.6,99.45,16.8
